章,块号,类型,严重度,原文摘录,问题,建议改法
1,19,事实,高,“宣内阁首辅严嵩、次辅徐阶、兵部侍郎高拱、户部侍郎张居正”,嘉靖三十九年（1560）张居正约为国子监司业，高拱为太常卿／礼部侍郎一线，都不是户部、兵部侍郎（待查证细节，但肯定不是本书所写）；而且后文里两人的官职一变再变（见C表）,定一套职衔并贯穿全书；若沿用剧版设定，也要全书统一。
1,9/20,事实,高,“嘉靖三十九年岁计，大明岁入不过二千二百万两”,明中期太仓银库岁入在白银二三百万两量级，田赋主体仍是实物，2200万两白银严重夸大；本章块9说岁出3000万、亏空800万，块20又说3050万、850万，而块20列出的分项相加只有3000万,改用“折银”口径并统一数字，或模糊为“岁出超岁入数百万两”。
1,27,事实,高,“尚宫局司籍司……先帝亲笔圈阅”,明制中司籍司隶属尚仪局，不属尚宫局；大礼议是嘉靖本人的事，称“先帝”是错的,改为“尚仪局司籍司”“万岁爷亲笔圈阅”。
1,29,事实,高,“万历年间开平中折法”,嘉靖年间出现“万历”年号属于时代错置,改为“成化／弘治年间”。
1,39 vs 第2章·块27,逻辑,高,“举荐南平教谕海瑞出任淳安知县”,下一章又说“新任淳安知县王用汲”，第8章才让海瑞接任，前后冲突,徐阶这里改为“举荐海瑞，待时而用”，或一开始就把王用汲写成建德知县。
1,16 / 第2章·块8,设定,高,“直接在她的脑神经深处炸响”,同契法则只写了体征共享、痛感分担，这里却出现了“脑内传音”；而第3–6章两人又靠药签、蜡丸传信，两处冲突,删去传音，或明确规定同契只传情绪、心率，不传语言。
1,20,事实,中,“辽东建州女直生变，边饷支银七百二十万两”,1560年前后北边的主要威胁是俺答（蒙古），建州女真坐大是万历后期的事,改为“北虏俺答犯边”。
1,16,事实,中,“九品户部书办的豆青色绢布长衫”,书办是吏员，不入流，没有九品,删去“九品”。
1,19,事实,中,“廊下的四位紫袍大员”,明代官服一至四品穿绯袍，不用紫,改为“绯袍”。
1,26,事实/人物,中,“三硫化二砷……析出的剧毒结晶……微蓝金属光泽”,雌黄（As₂S₃）是黄色的，肉眼也无法判定成分；常灵珂是流行病学家，不是法医毒理学家,改为“疑似砷铅类残渣，需验证”，保留她的职业谨慎。
1,30,用词,中,“一丝不挂地还原在脑海之中”,“一丝不挂”是赤身裸体的意思，用错了（第3章块6再次出现）,改为“纤毫毕现”“原形毕露”。
1,38–43,节奏,中,“大幕已开，因果已定……轰然拉开！”,章末连续四段宏大总结，内容几乎相同,只留一段，其余删去。
1,40,错字,低,“东厂提骑”,应为“缇骑”；绣春刀也属锦衣卫，不属东厂,改。
1,0,事实,低,“弗林德斯街车站那座……青铜大钟……敲响了午夜十二点”,弗林德斯街车站著名的是入口上方一排钟面（“Under the Clocks”），没有午夜鸣钟的铜钟；墨尔本电车以打铃为主，不用“鸣笛”，涂装为绿白色,改为车站钟面和电车铃声。
1,4,文笔,低,“裹着一层厚重锋利的生蚝硬壳……露出里面温软的蚌肉”,生蚝、蚌混用，比喻混乱,统一为“蚌壳／蚌肉”。
2,14,逻辑,高,“钦天监推算了整整一个月未曾落下一星半点的瑞雪”,第1章块16–17已经写了漫天大雪、太液池结冰，本章块0也写雪“自清晨便铺天盖地”，“死后才降雪”的戏剧点因此失效,把前文的天气改为干冷无雪、朔风，雪只在周云逸死后才落。
2,20,事实,高,“大行皇帝丧期将近”,“大行皇帝”指刚驾崩的皇帝，嘉靖此时还在世,改为“年关将近，宫中以安静为本”。
2,2/31,逻辑,高,“正五品文官……葵花绯红盘领补服”／“一介七品推官”,同一章里周云逸既是正五品钦天监监正，又被说成“七品推官”；另外明代五品官穿青袍，不穿绯袍,统一为监正（正五品），服色改为青袍。
2,26–28 vs 38–41,节奏,高,“等这场大幕落下，我们还要一起回墨尔本”,同一场离别写了两遍（黎明柏树下一次，深夜回廊一次），两场情绪一暖一冷，互相打架，像是两稿拼在一起,保留一场。建议保留窝头斗嘴那版，把回墨尔本的约定并进去。
2,27/40,逻辑,中,“后天便随新任知县王用汲启程南下”／“明日卯时初刻”,出发日期前后不一；块34写骑马南下，块40又写从张家湾坐船,统一为“明日卯时自张家湾登船”。
2,4/21,人物,中,“那只凶光毕露的独眼”,陈洪被写成独眼，和严世蕃（史载眇一目）撞了设定；同一人又“尖嘴猴腮”又“满脸横肉”；本章称他“随堂太监”，第1章是“秉笔”,独眼只给严世蕃，陈洪统一为秉笔，外貌也要统一。
2,5,错字,中,“去向严世蕃和小阁老表忠心”,严世蕃就是小阁老，这里重复了,改为“向严家父子表忠心”。
2,6–7,事实/人物,中,“第三腰椎棘突明显畸形凹陷……广泛性脂肪栓塞”,隔着风雪远观，不可能判断到具体椎体；脂肪栓塞一般在伤后24–72小时才出现；“每分钟六十次”击打也不现实,改为“她判断多发骨折合并大出血，撑不过今夜”，把术语压缩到一两句。
2,13,事实,中,“死死盯着紫禁城巍峨宏丽的太和殿金顶”,“太和殿”是清代的名称，嘉靖时叫奉天殿，1557年焚毁、1562年重建后改称皇极殿,改为“奉天殿废墟／皇极殿”。
2,24,事实,中,“严世蕃与巡抚郑泌昌设立的皮包票号”,票号是清代山西商人的产物；本章收购价是二两二钱，第3章块3又变成一两八钱,改为“私设银号／钱庄”，并统一收购价。
2,34,事实,中,“此去浙江一千八百里”,北京到杭州，运河里程约三千余里（待查证），第3章还说“十七天”到达,改为“三千余里”，行程相应拉长。
2,35,节奏,中,“热血混杂着脏污的雪泥……刚刚淌出，便迅速凝结”,基本照搬块1，而且尸体已死多时，不会再流“热血”；块15说抛尸乱葬岗，块18、33又说运回祖籍、停棺在家，前后矛盾,删去块35前半，处理尸身的线索统一。
2,39,连续性,低,“镜片后的黑眸”,第1章块14写他穿越时已扯下眼镜，入明后是否还戴眼镜需要交代,统一。
3,33–37 vs 38,逻辑,高,“五月初四黄昏……”→“平静的时光仅仅维持了不到三天。五月初一清晨”,时间倒流：五月初四（城楼、徐渭送米）写在五月初一之前，而端午洪灾到第7章才发生,把块33–37移到第6章之后，或改日期。
3,0/11/36,事实,高,“驿马在暴风雪中呼啸出西华门”,此时已是五月，北京不可能下暴风雪；块0写南下十七天就进入梅雨、柳丝，而他们腊月底出发，到时应是正月,北京改为初夏闷雨；南下之后补一句时间跳跃（“转眼已是四月”）。
3,14,事实,高,“用粉笔在黑板上清晰推演”,明代没有粉笔黑板,改为“用树枝在田埂泥地上划算”。
3,34,事实,高,“浙直总督胡宗宪中军标营的亲兵参将徐渭”,徐渭是胡宗宪幕府中的文士幕僚，不是带刀疤的武将参将,换一个虚构武将，或把徐渭写回文士形象。
3,7/13 vs 第4章·块25,事实,高,“淳安实有水田一十二万亩”,后文反复说“九千顷”（=90万亩），是这个数字的七倍多,统一为“十余万亩”，全书同步替换“九千顷”。
3,2,事实,中,“红毛番商头戴宽沿羽毛帽，手持单筒望远镜”,望远镜1608年才发明；“红毛”在明代通常指荷兰人，此时来华的是佛郎机（葡萄牙）；海禁之下也不可能有数十艘夹板船公开停泊钱塘江口,改为“佛郎机商人的通事”，删去望远镜和船队。
3,18–19,事实,中,“葡萄牙国王若昂三世皇家火漆”／“跳华尔兹”,若昂三世1557年已去世，1560年在位的是塞巴斯蒂昂一世；华尔兹是18世纪后的舞蹈，沈一石不可能知道,改国王名，把华尔兹改为“宫宴”。
3,31,事实,中,“将一只烤熟的野红薯掰成两半”,番薯传入中国约在万历年间（1580–1590年代），嘉靖时的浙江还没有,改为芋头、山药。
3,22/26 vs 第4章,逻辑,中,“明日一早，海瑞海大人进城之时”,两天里说了两次“海瑞明日到”，结果海瑞一直到第8章才出现,删去这两处预告。
3,32,事实/人物,中,“六十年！这是一个极其典型且精准的东亚季风水文极值周期……大自然铁律注定的必然！”,伪科学；流行病学家不会凭一条史料就断言“必然”；明代的起居注中断已久，到万历才恢复，“正德起居注”不存在；实录藏于皇史宬等处，女官难以接触,改为“她据旧档与今春雨量估计风险极高”，删去“铁律”。
3,29,事实,中,“按剑立于大成殿先圣先师像前”,嘉靖九年起孔庙改塑像为木主，孔子称号也改为“至圣先师”；知县在学宫按剑也不合礼,改为“立于至圣先师神位前”。
3,11/25,逻辑/科学,中,“在量子纠缠的生命纽带面前化作了瞬时的共鸣”,量子纠缠不能传递信息；既然能“瞬时共鸣”，又何必用药签密码（见第1章同契问题）；“二进制密码”也名不副实,删去量子说法，明确同契只传体感。
3,16,逻辑,低,“喀斯特地貌与花岗岩风化……深根性的桑树……根本无法固着”,地质描述混杂；深根植物固土反而更好，论据说反了,改为“新栽幼桑根浅、梯田失去水稻田埂蓄水后易垮”。
4,27–28,逻辑,高,“他……却从未将微观农学的时间周期……进行如此精确的重叠比对！”,“桑树三年成林”第1章高拱已在御前说过、第3章王用汲也说过，胡宗宪不可能不知道，这里为了抬高主角而让他降智,改为胡宗宪早知此理，白道微点破的是“买田才是真目的”的利益链。
4,27,事实,高,“部堂请看这本《农政全书》手抄卷”,《农政全书》是徐光启所撰，成书于明末,改为《农桑辑要》（元代）或《沈氏农书》之类的地方农书（待查证）。
4,4,事实,高,“八百名顶盔贯甲、手执扎枪与大棒的绿营骑兵”,“绿营”是清代兵制；块10又称“杭州步营”，骑兵、步兵自相矛盾,改为“卫所官军”，兵种统一。
4,9,事实,高,（涉及已出版作品，不摘录）,条文系编造：大明律户律田宅中有毁弃稼穑的条目，但刑罚与引文不符；“田宅令”这个名称也不对,不要写成伪原文，改为“按大明律毁弃稼穑之条，计赃论罪”，主角的威慑来自证据和舆论。
4,35,事实/逻辑,高,“墨汁的铁瘿成分……遇酸必呈青紫析出”,徽墨是松烟／油烟碳墨，不含铁瘿，遇醋没有变化；“需二十四时辰方能全干”也不对，以醋验墨属于伪科学破案,改用可信的破绽：纸张批次、印泥色泽、画押人不识字、同一笔迹等。
4,26,连续性,高,“户部尚书高拱在京里算盘打得震天响”,高拱此前是兵部侍郎（第1章），后面又是侍读学士（第5章），而且他史上从未任户部尚书,统一。
4,23–24,节奏,高,“八百骑兵在胡宗宪的严令下，缓缓收起铁辊，列队撤出”,撤兵本该发生在块12–14之后，却被插到夜间场景之后；胡宗宪“落寞离去”之后又出现在大禹庙；块23又是一段章末式的总结,按时间重排，删去块23。
4,0/7/47,逻辑,中,“刚刚插下未久的早稻秧苗”／“刚刚抽穗拔节”／“翻滚起层层……麦浪”,秧苗的生长阶段自相矛盾；稻田写成“麦浪”,统一为“新插秧苗”，“麦浪”改“稻浪”。
4,12,错字,中,“六个铁画银钩的雄浑大字——【浙直总督胡】”,这里只有五个字,改为“五个大字”；另外将士喊“部堂千岁”是僭越，“千岁”只用于亲王 | 改为“参见部堂”。
4,14/3,事实,中,“老夫顶上这颗三品总督乌纱”／“他这个正二品总兵”,胡宗宪此时加兵部尚书衔，至少正二品；这样写反而让下属总兵的品级高过总督,删去品级，或改为“二品”。
4,3,事实,中,“三年前在台州岑港抗倭前线”,岑港在舟山定海，不在台州；第6章块28说“三年前任嘉兴卫指挥佥事”，第7章块13说“七年前在台州”,统一马宁远的履历。
4,15,人物,中,“现代野战外科学的无菌原则……每一针的间距精确到两分”,数据科学家熟练清创缝合，技能来路不明（第8章块13再次出现）,交给乡间郎中或远程转述的常灵珂方案，白道微只负责组织。
4,10–11,逻辑,中,“这支原本所向披靡的精锐战阵，杀气在眨眼之间冰消瓦解”,一段演讲就让八百官军集体动摇，过于轻易,让士兵迟疑，但真正止兵的是胡宗宪赶到。
4,41,逻辑,中,“李玄策被银针泄去燥热……戒心顿失”,太监扎一针就把司礼监的私财和盘托出，反派降智,改为常灵珂从药材账目、领料单中自行推断。
4,7/18/38,人物,低,“副千户李玄”／“惜薪司首领太监李玄策”,两人名字只差一个字，容易混淆,给其中一人改名。
5,55,逻辑,高,“冯保昨夜目睹了午门外周云逸被生生打死的惨状”,周云逸死于腊月二十九，此时已是初夏五月,改为“半年前”；另外冯保在第2章是普通内侍，本章是“年轻的秉笔太监”，第7章又成了“小太监”，需统一。
5,51 vs 第6章·块30,连续性,高,“十年前……最终愤而辞官归乡，隐居蕲州”,下一章李时珍又“暂留京师”，还说“冷眼旁观太医院三十年”；另外史载李时珍在太医院任职时间短且有争议，“上书反对皇帝服丹”缺乏史据（待查证）,二选一：要么让他在京（短期供职），要么只留手稿。
5,34,连续性,高,“户部侍郎严世蕃、工部尚书严讷”,严世蕃其余各处都是工部侍郎；严讷当时任礼部侍郎、尚书一线，是青词宰相，不是工部尚书，也与严嵩无亲（待查证）,严世蕃统一为工部左侍郎，工部尚书换人（当时实为雷礼，待查证）。
5,19,事实,中,“年逾花甲的嘉靖皇帝”,嘉靖生于1507年，1561年才54岁,改为“年过五旬”。
5,3,事实,中,“每秒四至六赫兹……静止性震颤……有机汞……丙酮酸中毒异味”,汞中毒典型表现是意向性震颤和易激惹，4–6Hz静止性震颤是帕金森病的特征；丹药中的汞是无机汞；烂苹果味来自酮症（丙酮），不是“丙酮酸”,精简为“手抖、易怒、口有金属味和蒜臭”。
5,17–18,科学,中,“都趴下！……将聚集在殿底的剧毒汞蒸汽排向高空”,汞蒸气比空气重，会沉在低处，趴下反而吸得更多，和“防烟趴低”的原则冲突,改为“湿布掩鼻，弯腰疾出，别在低处停留”。
5,13,科学,中,“炽热滚烫的熔融态水银”,汞在常温下就是液体，用“熔融态”不对；“高压气团遇冷收缩又倒灌”的爆炸机理也自相矛盾,改为“沸腾的汞液与硫火”。
5,23/25/27/47,连续性,中,“整整三百册”／“三十年脉案卷宗”／“十二包”／“起居注残片”,同一批抢救出来的文书，数量和性质变了四次,统一为“十二包脉案底档”。
5,31,照搬,中,（涉及已出版作品，不摘录）,这是剧版里吕芳教诲身边人的标志性台词，这里原样借用,换成本书自己的处世箴言。
5,59,错字/事实,中,“中涵兄息怒”,高拱字肃卿、号中玄，第1章已用“肃卿”,改为“肃卿兄”；另外张居正此时约36岁，不是38岁，待查证。
5,52,事实,中,“从玄武门偏门抬出扔进北邙荒冢”,北邙在洛阳，不在北京,改为“西直门外乱葬岗”。
5,45,逻辑,中,“那批劣炭的提货出库印鉴上，盖的可正是陈公公您的秉笔花押”,常灵珂在火后当场就掌握了惜薪司的出库印鉴，属于全知；而且和前文“掀盖引发爆炸”的机理说法不一,改为她事后查账所得，或只是虚张声势的试探。
5,9,科学,低,“银针瞬间化作墨黑……砷含量比上个月……高出三倍”,银针变黑只能验出硫，无法定量,改为“硫毒反应极重，她心中生疑”。
5,10 vs 54,连续性,低,“试药女童阿桃……双目失明”／“被热油严重烫伤脊背的十三岁小宫女阿桃”,同名，伤情却对不上,改名或写明两者的关联。
5,56,事实,低,“严阁老想做撑起半边天的大明裱糊匠”,“裱糊匠”之喻出自晚清李鸿章，放在这里是时代错置,换个比喻。
6,8,事实,高,“《大明会典·兵部卷》第二十一款……此乃太祖皇帝钦定的‘倒仓备荒律’”,条文和律名都是编造；《大明会典》成书于弘治、正德年间，不是太祖所定,改为“依备荒旧例，陈谷出陈易新”，不写条款号。
6,11/37,逻辑/地理,高,“十日之内，务必由水路分批运抵淳安港口”→“三日后，五月初四傍晚”,宁波的粮船要出海，经钱塘江、富春江，再逆新安江过七里泷险滩，三天到淳安不可能；王用汲身为知县，在危局中离任亲赴台州跑腿；宁波仓属胡宗宪辖下，却还要向下属戚继光“借”，都不合理,改由胡宗宪直接下令、派人押运，时间放宽，粮源改为严州府或衢州仓。
6,64,人物/科学,高,“咽喉已被分水刺瞬间洞穿”,数据科学家在三丈深的水底杀人，竹管换气在这个深度根本无效（水压下无法吸气）,让齐大柱和渔民动手，白道微在船上指挥；删去竹管换气。
6,30,逻辑,中,“向太医院调取了整整五十斤烈性防潮雄黄与樟脑沥青！……水底爆破火龙雷”,炸药原料从太医院调取不合常理；地点“文渊阁药籍库”也不存在,改为常灵珂从内官监、兵仗局的领料单里看出异常。
6,33,事实,中,“将随身药箱内的无水乙醇、紫草根浸提液”,明代没有无水乙醇，穿越时随身物品也已消失,改为烧酒、明矾水。
6,7,事实,中,“三千戚家军……按明制月支军粮九千石”,明代军士月粮约为一石／人（待查证），三千人约三千石,改数字。
6,28 vs 第4章·块3,连续性,中,“三年前你在嘉兴卫任指挥佥事”,与“三年前在台州岑港抗倭”冲突,统一。
6,全章,文笔,中,感叹号141个,几乎每句对白都以“！”结尾，情绪没有层次,保留关键的三五处，其余改为句号。
6,21,病句,低,“至于淹死几千几个泥腿子”,语病,改为“淹死几千个泥腿子”。
6,35,事实,低,“年轻的戚继光将军一身明光铠”,明光铠是唐代甲制；参将也不能“签发虎符”,改为“布面甲”“手令”。
6,47 vs 他处,连续性,低,“织造局今年拨下的三十万匹织绢”,全书其他地方都是五十万匹（第3章块9也写三十万）,说明两者关系（内廷三十万＋外贸二十万？），或统一。
7,38/0/39,地理,高,“数百万吨山洪冲垮了上游建德县一处天然林地”／“天目山上游发生大山崩了”,新安江自徽州流经淳安再到建德，建德在下游；天目山在临安一带，不在新安江上游,改为“上游歙县、威坪一带山崩”。
7,70 vs 第8章·块30–31/55,逻辑,高,“远在福建南平的海瑞，亦正手持巡按御史的调令”,本章说海瑞还在南平、身份是巡按，第8章却是皇帝当天下旨任淳安知县，当晚就到；第8章块30还自称“现任淳安知县”,海瑞的时间线需要重新排：任命在前，到任至少在灾后十余日。
7,27–28,人物,高,“自丈余高的悬崖顶端飞坠而下……落地如轻燕”,武侠化，与数据科学家的人设脱节,让齐大柱出手，白道微用证据（水尺）夺势。
7,24,逻辑,中,“在通政司鸽房外撒下了混有曼陀罗提取物的炒粟米……信筒中……拓本”,杭州飞鸽要当天把阴谋细节报到北京，时间上不可行；把罪证写进鸽信，反派降智；截获之后这条线也再没用上；“拓本”用词也不当,删去，或改为几日前截获的一封“事成请赏”的暗信，后文要让它派上用场。
7,16–18,逻辑,中,“子时三刻，新安江决堤！”（北京御宴时刻）,端午御宴设在初四深夜子时不合情理,改为初五白日的龙舟宴，严世蕃等候南方消息的心态照写。
7,59,事实,中,“三颗‘安宫牛黄九宝丸’”,安宫牛黄丸出自清代吴鞠通的《温病条辨》；未经太医院查验、让冯保私自给皇帝进药，风险极大，布局太理想化,改名，并写明走吕芳和太医院的正规渠道。
7,53 vs 第8章·块39–43,连续性,中,“调动按察司缉捕营的五百名死士番子，带上连环排铳”,到第8章只剩“二十余名”；而且按察司没有千户，也没有番子编制,统一规模，改称“按察司捕快／家丁”。
7,全章,文笔,中,感叹号162个，“瞬间”9次,情绪过度,精简。
7,41,事实,低,“北宋元祐年间苏轼知杭州时留下的楷书铭文”,苏轼知杭州确在元祐年间，但淳安属睦州（严州），不在杭州辖内，这条铭文是虚构,改为本地知州所立。
7,2,科学,低,“侧压力正在以每刻钟两万牛顿的斜率疯长”,数值量级不合理，属伪精确,删去数字，用水位涨速代替。
7,63 vs 第6章·块63,连续性,低,“装满四百斤火药的水底铜雷”,第6章是“羊皮包木桶、每具八百斤、位于三号涵洞”,统一。
7,20,错字,低,“水榻之上的嘉靖帝”,应为“水榭”或“软榻”,改。
8,22/45/50,逻辑,高,“天刚破晓……通政司刚刚抄录的浙江八百里加急奏报”,决堤发生在初五黎明，北京当天破晓就收到奏报、张居正当天就拿到白道微的测算数据，都不可能（八百里加急从杭州到京也要数日）,京中这几场挪到数日之后，并加时间标记。
8,25/45/50,连续性,高,“兵部尚书张居正”／“兵部侍郎张居正”／“户部侍郎张居正”,同一章里张居正有三个官职,统一。
8,51,事实,高,“张居正借着整理朝珠的动作”,朝珠是清代冠服制度，明代官员不挂朝珠；“低声传音”是武侠用语,改为“借整理袖口”“压低声音”。
8,62,事实,高,“田掌事皮笑肉不笑地向王用汲打了个千”,“打千”是满清礼节,改为“作了个揖”。
8,42,科学/逻辑,高,“两块被烈火烧红的生石灰块……瞬间将钱丰与二十余名死士的双眼彻底灼伤”,暴雨中野地里哪来烧红的生石灰？生石灰遇水放热，却不会“爆发”出足以大面积致盲的蒸汽,改为借地形伏击、火把惊马等可信手段。
8,11,逻辑,中,“按照常灵珂自京师传来的防疫战地方案”,这份方案是第7章块55当夜才在北京写成的，不可能次日清晨就到淳安,改为白道微依据两人入幕前的共识，或早先的药签。
8,32/52,地理/时间,中,“船队正自杭州西湖破浪而出，逆流而上”,西湖不通航大江；“暮色出发”却在“黄昏”抵达，时间也不对；沙船是海船，不宜逆行新安江险滩,改为“自杭州候潮门外江干启航”，抵达写在数日后。
8,15/17,连续性,中,“右手两根手指……被生生勒断”→“用那只残破的左手”,左右手不一致,统一。
8,31,事实,中,“是个把棺材抬在公堂上的直臣”,海瑞备棺上疏是嘉靖四十五年（1566）的事，此时还没发生,改为“在南平教谕任上见御史不跪的海笔架”（笔架博士的典故，待查证措辞）。
8,20,用词,中,“暴雨打在长信宫灯的金顶之上”,长信宫灯是汉代的一件铜灯文物，不是建筑，也没有“金顶”,改为“宫檐琉璃”。
8,35–37,逻辑,中,“利用重力势能与双向防脱自锁扣的‘空中渡水滑索’”,若山崖高于磨坊，从磨坊往山崖滑是上坡，靠重力做不到；“顺藤摸瓜”也用错了,改为人力拖拽的吊篮索，“顺藤摸瓜”改“顺势拉过”。
8,55/67,节奏,中,“新任淳安知县海瑞，终于在漫天风雨中，单骑踏入”,海瑞到场写了两次（块55–56和块67–68）,合并为一次。
8,23,事实,低,“嘉靖帝手中那串盘玩了三十年的沉香木念珠……佛珠”,嘉靖崇道抑佛，“佛珠”不妥,改为“念珠”。
8,64,科学,低,“锋利的刀刃将两锭五十两的大银生生劈成两半，火星四溅”,银质软，单手刺击劈不开近两公斤的银锭，也不会出火星,改为刺穿木匣。
8,65,事实,低,“《大明律·户律·仓库盗卖》……绞立决”,条文系编造,同前，不写伪条文。
8,67,事实,低,“县衙门前那座……登闻鼓”,登闻鼓设在京师，县衙门前的是鸣冤鼓,改。
9,36/66,节奏,高,“五月初七破晓，晨雾如轻纱般笼罩”／“五月初七拂晓，朝阳冲破重重阴云”,同一场码头对峙写了两次，中间插进官仓、禅房、子夜论道、京师下药等块，时间来回跳；第10章又把同一场戏定在“五月初八黄昏”,统一定在一个时间点：删掉块36或块64–67之一，官仓、海母那几场按先后顺序移到对峙之前。
9,25,事实,高,（涉及已出版作品，不摘录）,条文是编造的，却用引号当原文呈现；块42“仓库卷十条”也一样。明律户律确有“田宅”“仓库”门，但没有这些文字,改成转述，例如“依大明律户律田宅诸条，乘灾强买者罪之”；如果要引原文，需要查《大明律》原本。
9,57,事实,高,“美洲大陆的千万两白银经由马尼拉港源源不断涌入东南海疆”,1561年西班牙人还没占领马尼拉（1571年），大帆船贸易还没开始；“红毛番”（荷兰人）要到17世纪才来,白道微是穿越者，可以说成预言：“不出十年，西洋人将由吕宋运来美洲白银……”
9,63,逻辑,高,“常灵珂与冯保的默契配合下，那名在广渠门驿站歇脚的内阁信使……”,常灵珂远在京师，一小段叙述就拦截了严世蕃的密令，毫无铺垫；严世蕃不是阁臣，不能“以内阁名义”发缇骑关防；乌头剧毒，不宜用作催眠药,要么删掉，要么单独写成一场戏，交代她怎么得知、怎么下手、有什么风险。乌头改成曼陀罗之类，并写出剂量的风险。
9,38,事实,中,“仓官与四名攒典太监正蹲在残破的廊檐下烤火……扔掉手里的旱烟袋”,攒典是吏员，不是太监，县仓不会有宦官；烟草传入中国在万历前后，嘉靖四十年不该有旱烟袋,改成“仓官与四名攒典”，旱烟袋换成手炉或茶碗。
9,43,错字,中,“小的不过是个不入流的九品小吏”,“不入流”的意思就是九品以下，和“九品”自相矛盾,改成“不入流的仓大使”或“未入流的小吏”。
9,45,事实,中,“太祖爷立国之初，剥皮实草以儆贪墨……不过百年”,块3写的是“立国两百年来”，这里又说“不过百年”,改成“不到二百年”。
9,3,事实,中,“被朝野戏称为‘三道杠海笔架’”,“三道杠”是现代词；海瑞的绰号是“笔架博士”，来历是见上官时不跪、与两位同僚站成笔架形,改成“得了个‘海笔架’的诨号”。
9,12,事实,中,“更用一套严密工整的双进账法”,复式记账是西方近代方法；拿给海瑞看，应该转成中式的“四柱清册”,改成“以四柱之法（旧管、新收、开除、实在）列清”，同时留下伏笔：这是白道微的现代手法换了一层皮。
9,54,事实,中,“徐阶张居正说整饬边防吏治可救大明”,1561年张居正只是翰林院编修一类的低阶词臣，海瑞不可能把他和徐阶并称为救国之论的代表,删去张居正，或改成“徐阁老辈”。
9,62,逻辑,中,“三名受过白道微与常灵珂外科清创培训的乡村土郎中”,常灵珂此时在京师，没有交代她什么时候培训过淳安郎中；大蒜素受热会分解，“熬煮大蒜素”不成立,改成“受过白道微清创之法指点”，“熬煮大蒜素”改成“捣蒜入醋”或“煮姜汤”。
9,17,文笔,低,“指甲竟生生嵌入坚硬的紫檀木案中，木屑刺入指缝”,夸张失真；一个洪水刚过、破败狼藉的县衙，大案不会是紫檀的,改成“手指按在案沿，指节发白”。
9,50–51,逻辑,低,“整整齐齐码放的十二文……买一升热羊乳、熬一锅稀粥”,灾年十二文买不到一升羊乳，淳安也不产羊乳,改成“换几升糙米”，情感分量不变，还更可信。
10,33–38 / 49–52,节奏,高,“不仅无罪，朕还要赏他一面‘直节奉公’的御赐金牌！”（块35）,嘉靖对借粮一事的裁决写了两遍：块33–38是严世蕃跪奏、赏金牌，块49–52是吕芳进言、户部核销，两版互相矛盾；而且粮刚卸下，京师当天就做出裁决,只保留一版，最好是吕芳那版，放到几日之后。
10,53,事实,高,“船队缓缓起锚调头，逆流向杭州返航”,新安江从淳安往下流，经富春江、钱塘江到杭州，去杭州是顺流,改成“顺流东下，返航杭州”。
10,11,逻辑,高,“出银十万两、出粮十万石，以每亩田三斗市价买下”,按三斗一亩算，十万石可以买约三十三万亩，和后文“九十万亩”对不上；第11章起又变成“三十石一亩”,全书定一个价格，例如“一石换一亩”，统一回填。
10,25–26,人物,高,“新栽桑树，三年成林，四年出丝！……沈一石如遭九霄玄雷当头劈中”,做了三十年丝商的人不可能不知道桑树的生长期，这是为了抬高主角而让配角降智；他随后跪地连叩三个响头（块30），也和他的傲骨不符,改成沈一石本来就知道，白道微点破的是官府事后让他背锅的具体步骤；去掉下跪，改成两人对等交易。
10,24,事实,中,“向徽州钱庄与山西票号借贷过桥银一百二十万两”,票号是清代道光年间才出现的；第13章又写成一百四十万两,改成“徽商、晋商典铺”，数额统一成一个。
10,36/54/61/64,设定,中,“前十幕惊心动魄的血火暗战终于在这一刻告一段落”,本书里“幕”指副本，明幕整体才是一幕，这里却用“前十幕”指前十章,改成“前十章”或删掉，这类元叙述不宜进入正文。
10,20–21,逻辑,中,“坐拥良田万顷、织机四千张”／“维持五百架织机”,同一段里织机数量自相矛盾；第14章变成三千一百张，第16章又变成“不到两千架→增加一千多架”,统一数字。
10,6,事实,中,“从九品教谕升任七品知县”,明代县学教谕属于未入流，从九品是府学训导一级（待查证）,改成“以一介教谕擢升知县”。
10,5,事实,中,“他收起手中的精钢单筒千里镜”,望远镜1608年才发明；如果是系统道具，需要交代,删掉，或写明是【拾遗】兑换来的物品。
10,44,事实,中,“青天大老爷万岁！万岁啊！”,对知县喊“万岁”是僭越大罪；同样的问题第12章块30、第15章块30也有,改成“青天大老爷长命百岁”。
10,2,用词,低,“铺设着厚重柔软的定窑羊毛红毡”,定窑是瓷窑，不产毡,改成“西域羊毛红毡”。
10,37,事实,低,“将三杯热气袅袅的洞庭碧螺春”,“碧螺春”之名相传是康熙赐的，明代叫“吓煞人香”（待查证）；第11章块3也有,改成“洞庭山茶”。
10,16/64,事实,低,“寒风呼啸”／“抬手拂去衣角沾染的薄霜”,农历五月是初夏，不会有寒风和霜,改成“江风带着潮气”。
10,60,事实,低,“墨尔本深秋的微雨……弗林德斯火车站大钟下”,街景没错；但简介说是“冬夜”，这里写“深秋”，需要统一（五月墨尔本算晚秋，六月入冬）,和第1章的日期对齐。
11,2/4/6/30,逻辑,高,“逼那些泥腿子按三十石一亩把田地吐出来”,第9、10章写的是“三斗一亩”，差了一百倍；三十石一亩是远高于市价的“高价”，不是“贱价”,统一成一个低价，例如“一石一亩”或“三斗一亩”。
11,5,逻辑,高,“海汝贤不是前任常知县”,第9章写明淳安的前任知县是王用汲,改成“不是那等任由摆布的庸吏”。
11,39,事实,高,“为裕王府李妃娘娘与幼年世子朱翊钧特别配制”,朱翊钧生于嘉靖四十二年（1563），嘉靖四十年还没出生；李氏当时也还不是“妃”,改成“裕王府李氏与王府子嗣”，或者只写“裕王府”。
11,44,事实,高,“诬陷齐大柱在水灾期间私通倭寇王直”,王直在嘉靖三十八年底已被处斩,改成“徐海余党”或泛称“海寇”。
11,36/38,事实,高,“采用千岛湖特产的乌贼墨腺……接触到微酸性的草木灰水”,千岛湖是1959年建成的淡水水库，“千岛湖”这个名字是现代才有的，淡水里也没有乌贼；草木灰水是碱性，和块38“遇碱则显”互相矛盾；“四十度”也是现代计量,改成“东海乌贼墨”“草木灰碱水”“微火烘烤”。
11,35,错字,高,“嘉靖皇帝朱厚聪沉迷于陶仲文留下的”,应为“朱厚熜”；第14章块4也写错了,全书搜索替换。
11,14/44,事实,中,“调集绿营查抄沈庄”,绿营是清代兵制；第12、13章多处也用了,改成“卫所兵”“标兵”“营兵”。
11,17,事实,中,“《广陵散》……宛如烈士荆轲临易水时的千古悲歌”,《广陵散》的传说对应聂政刺韩王，不是荆轲；第13章块17写的“聂政刺韩”才对,改成“宛如聂政刺韩前的决绝”。
11,3,事实,中,“若是六月端阳交不出丝”,端阳是五月初五，此时（五月十一）已经过了,改成“若是六月底交不出丝”。
11,18–19,逻辑,中,“芸娘自幼父母双亡……沈爷当年在秦淮河畔救下芸娘一家老小的性命”,同一句里自相矛盾；第10章说“调教了十年”，这里又说“跟了老沈五年”；第13章说她是“官宦之后”,统一身世和年限。
11,21/31/32,逻辑,中,“高翰文抚那一曲《阳关三叠》，芸娘以琵琶和之”,同一夜的画舫戏写了三种版本：阳关三叠配琵琶、芸娘琵琶转琴奏高山流水、沈一石与高翰文琴箫奏广陵散,只保留一种。
11,30,事实,中,“高某奉旨巡按杭州”,块29说他是正四品杭州知府；“巡按”是御史的差遣，不是知府,改成“高某奉旨知杭州府”。
11,25 vs 第13章·块14,逻辑,中,“蘸着自己的心尖血与徽墨……用特殊的淡赭色乌贼墨水反写”,同一段里血经既用血加徽墨写，又用乌贼墨反写；藏处写的是“地窖八宝匣”，第13章又变成“琴腹夹层”，芸娘也始终没去地窖取,定一个载体和一个藏处，补写取经的情节。
11,33,设定,中,“常灵珂一身太医院七品医官的浅青色罗袍”,第9、10章她是“尚宫局女官”，这里变成太医院医官；明代太医院没有女官（宫中有医婆，待查证）,选定一个身份，并给出合理解释，比如“以医婆身份入内、蒙恩特许”。
11,37,设定,中,“以精密的数据拓扑图完整投射到了她的视神经中”,同契从“体征共享”扩成了实时传送数据和画面，需要设定支撑,在设定里写明同契升级的条件，或者把通讯改回“感应到情绪或痛感”。
11,0,事实,低,“残阳将西湖水染成一片粘稠的胭脂色。二十四艘……大沙船悄无声息地滑入杭州官埠”,船从钱塘江来，进不了西湖,改成“钱塘江”。
11,49,事实,低,“露出了天际一弯惨白如钩的残月”,农历十一日是上弦后的凸月，不是如钩的残月,改成“将圆未圆的月”。
12,0/9/17,逻辑,高,“齐大柱等人昨日在杭州被捕，今日午时便押赴淳安处斩”,五月十二清晨被捕，用刑“整整一夜”，破晓后才决定押往淳安，午时就到了。杭州到淳安是逆水三百里，半天到不了；第11章块44又说齐大柱“昨日”已被扣,改成次日启程、第三日午时行刑；或者就地在杭州行刑，让海瑞赶赴杭州。
12,31–32,逻辑,高,“你们擅闯省城码头、违抗戒严，依律当受薄惩”,块2明写齐大柱是“奉海知县的明文来省城采办”；刚受过夹棍、脚踝骨伤的人还能“大步跳上刑木方桌”挨二十板，于情于理都说不通,删掉这场杖责；如果要表现海瑞执法严，换一个真有过错的对象。
12,24–25,人物,高,“但在下运用现代物理创伤学与流体力学，对井上十四郎的身体与口供进行了彻底复原！”,在明朝的法场上当众说“现代”“法医病理学”，等于自曝穿越身份，别人也听不懂；而且流体力学和审讯毫无关系,改成“在下验其骨伤、辨其墨色、量其鞭痕”，只让他说推理本身；现代术语留给叙述者，而且要少用。
12,38/47,事实,高,“常灵珂轻轻合上面前那本厚重的《本草纲目》抄本”,《本草纲目》1578年才成书，1596年才刊行,改成《证类本草》或《本草品汇精要》。
12,35,事实,中,“年过五旬……天下闻名、辞去太医院院判之职……医圣，李时珍”,李时珍生于1518年，1561年约四十三岁；“医圣”通常指张仲景，李时珍一般称“药圣”；此时他也还谈不上“天下闻名”,改成“四十出头”“曾在太医院任职的蕲州名医李时珍”。
12,11/34,事实,中,“头戴从三品梁冠，身着绣孔雀补子的绯色官袍”,明代按察使是正三品；块34也写成“从三品”,改成“正三品”；监斩时穿常服即可，不必戴梁冠。
12,11,事实,中,“刺刀与枪尖在烈日下闪烁着刺目的寒光”,刺刀是17世纪后期的东西,删掉“刺刀”。
12,20,事实,中,“台州抗倭总兵戚继光将军”,1561年戚继光是参将，嘉靖四十二年后才任总兵（待查证）；“戚家军”是民间称呼，不会刻在官方军牌上,改成“参将戚继光”，军牌改成“台州参将署记功牌”。
12,27,事实,中,“依《大明律·名例律》第三条‘不知者不罪’”,名例律里没有这一条，“不知者不罪”是俗语；海瑞在这里等于替齐大柱认了“误购私货”，和辩护立场矛盾,删掉这句。
12,47,事实,中,“隐居深宫数十年不临朝政”,嘉靖约从1539年起不常视朝，到1561年大约二十年,改成“二十年”。
12,39,设定,中,“刚从前线折返的裕王府侍读谭纶”,这里的身份沿用剧版设定；历史上谭纶此时任台州知府、海道副使一线（待查证）,如果沿用剧版，全书统一即可。
12,44,事实,低,“烈酒触及翻卷皮肉的瞬间，白烟与刺鼻的焦烈酒气腾空而起”,酒精淋在伤口上不会冒白烟,删掉“白烟”，写痛感就够了。
12,44,节奏,低,“当法场的喧嚣与尘埃渐渐散去……阳光透过斑驳的竹帘”,放在丑时夜谈（块39–43）之后，又回到白天，时序倒置,移到块35之前。
12,49,逻辑,低,“一骑……已然携带着严世蕃与巡抚衙门最为狠毒绝情的密令”,严世蕃在京师，当天不可能有他的手令,改成只带巡抚衙门的令。
13,4/39/47/51,事实,高,“杭州城东，占地达五百余亩的沈庄”／杨金水见“西北方”火光／芸娘在天竺回望“东南方向”,方位互相打架：沈庄如果在城东，城内织造局看过去该是东边，天竺山在西湖西侧，看过去也是东边；块51又写沈庄“矗立在西湖之畔”,定下沈庄的位置（比如西湖北岸），再统一各处方位。
13,6,逻辑,高,“沈某自嘉靖二十二年继承父业执掌沈庄以来”,第10章块38说他父亲是秀才，瘐死狱中，没有家业可继承；第11章块16又说是嘉靖二十二年“接掌织造局皇商”；他又自称经商三十年,统一身世和起家年份。
13,30,事实,中,“九个惊心动魄的大字——【奉天承运 留呈皇上御览】”,实际是十个字；“奉天承运”是皇帝专用的格式，商人题写属于僭越,改成“恭呈御览”一类，字数跟着改。
13,21,逻辑,中,“大明朝自嘉靖二十二年设江南织造局以来”,第11章块25写的是嘉靖十五年设立；历史上杭州织染局明初就已设立,改成“自沈某承办织造以来”。
13,21,逻辑,中,“十成之中，倒有四成被织造局层层克扣……有四成被严阁老……私分”,分成比例和第10章的“四三二一”、第15章的“四成一、四成三、一成六”都对不上,以第15章审计的数字为准回填。
13,5/7,逻辑,中,“整整三十二口巨大的红漆木箱”／“这十六箱现银”,同一场景前后数目不一致,统一成一个数。
13,28,逻辑,中,“累计借贷了整整一百四十万两白银”,第10章白道微算出的是一百二十万两,统一。
13,20,用词,中,“你们这两条严嵩门下的断脊犬儒、无耻走狗！”,“犬儒”指愤世的哲学流派，这里用错了,改成“断脊之犬”。
13,10,事实,中,“她的怀中紧紧抱着那把陈旧的焦尾琴”,焦尾琴是蔡邕的传说名琴，早已不存；第11章她弹的是伏羲式琴,改成“那张伏羲式旧琴”。
13,16,文笔,中,“由六十四名顶级苏绣织娘耗时整整八个月、采用纯金线与千年孔雀羽翎捻线手工缂织而成”,苏绣是刺绣，缂丝是织造，工艺混为一谈；“千年孔雀羽”不通；整段都是堆砌,压成一句，比如“那件他最珍爱的大红织金道袍”。
13,36,逻辑,中,“在沈一石自焚的瞻远堂琴台地缝深处，小心翼翼地取出了一枚……铜管”,火场已被锦衣卫封锁（块50）；大火烧了一夜，地缝里的铜管完好无损，又恰好给白道微留下，巧合太多；第15章又说账本是“地窖起获”,让沈一石生前托人把东西交给白道微，或者由芳娘转交。
13,41–43,照搬,中,（涉及已出版作品，不摘录）,沈一石散财、自焚、郑何抄家扑空这一整段，基本按原剧同名情节的顺序展开，主角在这段里只是旁观收尾,增加白道微或常灵珂的实质介入，比如由主角推动散财、或提前转移账本。
13,24,文笔,低,“滚滚浓烟与高达十丈的猩红烈火直冲云霄，将整个杭州城的夜空照耀得如白昼般刺目血红”,夸张堆叠,压缩。
14,0/26,逻辑,高,“经过三天三夜不舍昼夜的八百里飞骑疾驰，终于抵京”,四口生铁大箱装在双马重辕车上，杭州到北京约三千四百里，三天走完每天要跑一千一百多里，不可能,改成“半月有余”，后续日期跟着顺延；或者只让密折先行抵京。
14,24/25/48,逻辑,高,“四百里外的新安江畔……钦差快马送达了嘉靖皇帝的加急圣旨”,京师到淳安写成“四百里”（块42又写“三千里外”）；子时刚写好的圣旨，破晓就送到淳安，不可能,距离统一成约三千里；圣旨抵达时间顺延十余日，同契通讯只能“预知”。
14,2–3,照搬,高,（涉及已出版作品，不摘录）,精舍里司礼监与内阁分列两侧、闷热无风、众人等候磬响，这个开场的布局和意境与原剧第一集的名场面高度相似,重新设计这场御前会议，比如换成夜议、雨天，或从常灵珂的视角切入。
14,31–32,照搬,高,（涉及已出版作品，不摘录）,严嵩以夜壶自比、训诫严世蕃，是原剧的标志性台词情节；这里几乎原样复述，主角不在场,删掉或彻底改写成作者自己的比喻，并给主角一个切入点。
14,2,事实,高,“内阁五位重臣——当朝首辅严嵩、次辅徐阶、户部左侍郎高拱、礼部左侍郎张居正以及工部左侍郎严世蕃”,1561年内阁只有严嵩、徐阶（袁炜是当年底才入阁）；高拱、张居正、严世蕃都不是阁员，张居正也不是礼部侍郎。这是剧版的虚构,如果沿用剧版，在序言或设定里说明“本幕依据剧版”；否则改成“御前议事诸臣”。
14,2/17/18/47,逻辑,中,“提督东厂太监陈洪”／吕芳“自请削去司礼监掌印与提督东厂之职”,同一章里提督东厂的人一会儿是陈洪，一会儿是吕芳,统一：吕芳兼提督，陈洪后来接任。
14,16,事实,中,“向着天子规规矩矩地行了三跪九叩之大礼”,三跪九叩是清代礼制，明代是五拜三叩,改成“五拜三叩”或“叩首”。
14,17/45/47,用词,中,“前往南京中和韶乐，看守太祖高皇帝孝陵”,中和韶乐是宫廷雅乐，不是地名，也不是官署,改成“南京孝陵神宫监”或“南京守备”。
14,44,事实,中,“主子以藩王之身奉太后遗诏进京……文华殿前哭成一片”,嘉靖是依武宗遗诏和张太后懿旨入继，太后当时还在世，谈不上“遗诏”；群臣哭谏是嘉靖三年在左顺门，不在“那一路上”,改成“奉先帝遗诏”“左顺门前”。
14,22,错字,中,“呕吐出大量黑灰色的粘稠宿便与药渣”,“宿便”指大便，不能呕吐出来；药方里也没有“防风”（块21列的是绿豆、甘草、金银花）,改成“秽物”，药名对齐。
14,21,事实,中,“高纯度天然活性炭微粒”,活性炭对汞离子吸附有限，重金属中毒需要螯合剂；“天然活性炭”说法自相矛盾,改成“以炭末、蛋清护胃催吐”，并写明只能缓解。
14,23/24,节奏,中,常灵珂已得知“嘉靖命赵贞吉接管浙江”,她获知的时间早于块24嘉靖朱批、块38召见赵贞吉,调整顺序。
14,0,事实,低,“京师广安门外的官道上”,明代叫广宁门，清道光年间才因避讳改成广安门（待查证）,改成“广宁门”或“彰义门”。
14,38,文笔,低,“孟静（赵贞吉字），浙江的事”,对白里夹了作者注,移到叙述里，或删掉。
14,49,逻辑,低,“年过七旬的海母”／“审那两个从三品的贪官”,第9章写的是“八旬老妪”；巡抚和按察使的品级也写错了,统一年龄，品级改成“封疆大员”。
15,31/34/40/43/47–52,节奏,高,“午时正，海瑞与白道微并肩缓缓走出”／“堂审终了，暮色西垂”／“就在升堂前的一刻钟”,退堂的时间有三个版本；升堂前密谈、堂审高潮、平准仓底册都在“退堂”之后倒叙补入，读起来像几份草稿拼接,按“升堂前密谈→开审→海瑞驳郑→白道微算账→何茂才攀咬→撕供之争→定谳→散场”重新排序，删掉重复的收尾。
15,18,人物,高,“运用现代数理审计之法，对沈庄全部资产进行了彻底复原核算”,又在公堂上说“现代”；账本来源写成“地窖起获之火烷布内账”，和第13章“琴台地缝铜管”矛盾；“火烷”应为“火浣”,去掉“现代”，统一账本来源，改正错字。
15,22–28,照搬,高,（涉及已出版作品，不摘录）,审郑何时犯人攀出内廷、主审不许记录、海瑞力争据实录案，这组冲突在结构上与原剧对应情节高度一致；这里主角的原创作用只在白道微的算账（块17–20）,让白道微的账目成为逼出供词的关键，或者设计一个原剧没有的转折。
15,11,事实,高,“五十六万亩良田……淹死良民四百三十七人，流离失所者逾三十万”,与第9章的“三十万亩”“三万六千户”“五万生灵”、第10章的“九千顷”互相冲突,做一张受灾数据表，全书统一。
15,11,逻辑,中,“而严党门下士绅田庄林立的仁和、海宁各县堤坝，却连一寸裂痕都没有”,仁和、海宁在钱塘江下游和杭州湾，不在新安江九堰的同一水系，拿来对比不成立；块11说“拔起闸木”，第9章说“火药炸毁”，方式也矛盾,改成“同在新安江上的遂安、桐庐诸堰”，并统一毁堤的方式。
15,11 / 第16章·块48,人物,中,“建德九堰分水闸闸官李玄”,第16章杨金水的随从内侍也叫李玄,改掉其中一个名字。
15,1/34 / 第16章·块1/8,事实,中,“头戴三品梁冠，身着孔雀衔珠补子的绯色官袍”／“朝廷从二品的巡抚”,赵贞吉的品级在两章里来回变,以户部左侍郎（正三品）为本官，巡抚是差遣，统一写三品服色。
15,34,事实,中,“老夫年长你十余岁”,赵贞吉生于1508年，海瑞生于1514年，只差六岁,改成“年长你几岁”。
15,26,事实,中,“今日海某这颗七品顶戴不要了”,“顶戴”是清代冠制,改成“这顶乌纱”。
15,25/41,事实,中,“《大明律·刑律·受赃》第一条写得清清楚楚：凡大案会审……”／“法者，天下之公器也！纵天子犯法”,条文是虚构的；“受赃”门讲的是受贿，与记录供词无关；知县当堂说“天子犯法”，在明代近乎大逆，需要写出旁人的反应,改成转述，删掉“天子犯法”，或者写赵贞吉当场借此发难。
15,0,事实,低,“‘奉天承运 巡按浙闽’八个铁画银钩”,赵贞吉是巡抚不是巡按，管的也不是闽,改成“钦命巡抚浙江”。
15,45,事实,低,“独自漫步在太医院高高的观星台之上”,观星台属于钦天监,改成“太医院后院的高阁”。
15,44,事实,低,“青山处处埋忠骨，何须马革裹尸还”,这一联的出处和年代待查证，很可能晚于明代,查实；如果晚于明代，替换成明人诗句，或写海瑞自己的话。
15,53,逻辑,低,“这颗心跨越了五百年的漫漫时空”,前几章都写“四百年前”（1561年到2025年约四百六十四年）,统一成“四百余年”。
16,7–14,照搬,高,（涉及已出版作品，不摘录）,杨金水装疯时把来人错认、痛斥沈一石织机扩张、临出门清醒一句，这组对话的走向和细节与原剧装疯名场面高度相近；主角不在场，只在门外做事后诊断,保留“装疯”的骨架，台词和细节全部重写，并让常灵珂或白道微真正参与，比如事先递过话。
16,20/28/48,事实,高,（杨金水在船上唱的是《牡丹亭·游园》的曲词，原文不引）,《牡丹亭》是汤显祖1598年的作品，嘉靖四十年还不存在,改成当时已有的南戏或昆腔曲目，比如《琵琶记》《拜月亭》，或者只写“哼着昆腔”。
16,17–18,人物,高,“杨公公在此时‘疯’了，对朝廷、对万岁爷、甚至对抚院大人您，都是最好的结局”,前一章白道微还在拼命保住涉及内廷的供词，这一章却主动帮赵贞吉“死无对证”，转变缺少动机；“脉搏一百二十次”也不可能隔窗测出,补一段内心交代（比如判断此时硬查会害死杨金水，而账本已在手），删掉隔窗测脉的细节。
16,33,错字,中,“八个朱红楷字——【杨金水神智尽失，疯态确凿】”,实际是十一个字；“神智”应为“神志”,改成“十一字”或删去字数，并改正错字。
16,21/27,逻辑,中,“逆流北上”／“顺流北上”,同一章里自相矛盾,统一，或直接写“沿运河北上”。
16,29,逻辑,中,“刚刚在扬州驿站采办的……离通州码头，只剩下三天水程了”,块27已经过了德州，吃的却是“刚在扬州”买的；扬州到通州远不止三天,改成“德州驿站”。
16,25/44,逻辑,中,“一套纯银打造的九寸长针”／“九根特制的三寸纯银长针”,前后不一致,统一。
16,44,逻辑,中,“竟在数月来第一次安详地沉沉睡去”,杨金水出事到现在不过十来天,改成“多日来”。
16,51–52,逻辑,中,“海瑞督办生丝”／“一株株嫩绿的桑苗在新翻的泥土中迎风舒展”,前八章的主线就是阻止淳安改桑，这里却把种桑写成胜利图景，缺少交代,如果是转入“以改兼赈、自愿改种”，需要明写；否则改成稻秧。
16,0,事实,低,“荷花池里的残荷败叶”,农历五月下旬荷花正开，不是残荷,改成“新荷初展”。
16,55,事实,低,“吹散了南方的梅雨潮热，带来了北方干燥冷冽的草木清香”,六月的华北平原炎热，谈不上“冷冽”,改成“干燥燥热的风”。
16,5,错字,低,“淞江白棉巾”,应为“松江”（松江府的棉布）,改正。
16,47–48,节奏,低,“而在杭州官河码头启航的那一刻”,杨金水已经抵京安置，又倒叙回启航那一刻,移到块20之后。
17,0/54/56,逻辑(时间),高,“嘉靖四十年五月二十五傍晚”……“明夜子时，一场遮天蔽日的特大暴风雪”,五月（块12还写着“伏暑清凉饮”“闷热的初夏”）第二天夜里就下“二十年未有”的暴雪；第18章又直接变成十一月十六。,把本章日期改成十一月上旬（同时删掉“伏暑”“初夏”）；或者删去章末“明夜暴雪”的预告，中间补一段时间过渡。
17,27–28,节奏/逻辑,高,“吕芳端着茶盏，目光平静地落在陈洪那双紧绷发青的手背上”,块9陈洪已经告辞，块10–26写了东厂立规、搜查药典阁、白道微送信，块27又回到茶席接着对话。这是重复草稿没删干净；“恶犬论”也和块6–7的“三思”说教重复。,把“恶犬论”并入块7，删去块27–28，或者整体挪到块8之前。
17,17–18,事实,高,“这是仁寿宫皇太后亲赐的玉牌关防……皇太后更是嘉靖帝生母尊崇无比”,嘉靖生母蒋太后死于嘉靖十七年，张太后死于嘉靖二十年。嘉靖四十年宫中没有皇太后。“皇太后”在第19、21、23章被反复当作护身符，影响面很大。,改成某位太妃，或裕王生母杜康妃（死于嘉靖三十三年，待查证），或直接改用司礼监/御药房的关防。
17,45,事实/错字,高,“而在千里之遥的西苑万寿宫静室之内”；“嘉靖皇帝朱厚聪”,西苑紧挨着紫禁城，谈不上“千里之遥”；嘉靖名讳是“朱厚熜”。,改为“一墙之隔的西苑”，并把名字改成“朱厚熜”。
17,17,事实,中,“按《大明律·刑律·宫闱》第四条：凡擅动御药档案……斩立决”,《大明律》没有“宫闱”门，也不按“第四条”编号。涉及御药的条款在礼律“仪制”门（合和御药）。,改成泛称，比如“律有明条，合和御药有误者罪在不赦”，别编条文号。
17,18,事实,中,“深知裕王朱载坖乃是大明唯一的储君”,景王朱载圳死于嘉靖四十四年，此时还活着，裕王也从未被正式立为太子。第20章块34“唯一的亲骨肉”是同样的错误。,改为“裕王居长，天下目为储贰”。
17,3,事实,中,“自打正德十六年你入宫跟着我，转眼三十五年了”,正德十六年（1521）到嘉靖四十年（1561）是四十年，块1自己也写了“整整四十年”。,改成“四十年”，或把陈洪入宫年份往后推。
17,2/28,人物,中,“那张清瘦阴鸷的面容”……“陈洪脸颊上的肥肉剧烈抽搐”,同一章里，陈洪从清瘦变成了满脸肥肉。第19章块2又写他“修长干瘪”。,统一外貌设定。
17,2,事实,中,“头顶的三品内官梁冠”；“腰悬纯金吞兽佩刀”,明代宦官最高是正四品（块29也写了掌印是“正四品”），没有三品；“绣春刀”（块10）是锦衣卫的配置。,删去品级，改写他的服色，比如“赐蟒衣”。
17,20,事实,中,“以及自制的无菌丝绵与云南白药粉”,云南白药要到1902年才出现，属于明显的穿越违和；若有意为之，也缺少“常灵珂仿制”的交代。第21章块30的“云南白药主料三七总皂苷”同理。,改成“以三七、血竭研成的止血散”。
17,40,事实,中,“子夜二更……十张由山西平遥日升昌钱庄开具的……金箔飞钱汇票”,日升昌票号创办于1823年；“飞钱”是唐代的叫法；“子夜”是三更，不是二更。,改成“十张盐引”，或“十箱官银”外加“兑银勘合”；时辰写“二更”。
17,24/37,逻辑(设定),中,“在下已通过【同契】系统，将……完整同步给了太医院首席女医官常灵珂”,白道微当着张居正的面说出“同契系统”，等于向古人暴露穿越设定，后文却没有任何反应。同契在这里也被写成了能传整张“因果拓扑图”的心灵传输（参见E-1）。,对张居正改口，比如“我与常医官另有传信门路”。
17,53,事实/文笔,中,“高浓度天然乌头碱提纯物……数秒内穿透真皮组织”,乌头碱安全窗口极窄，“高浓度”外用可能经破损皮肤中毒；“分子动力学指引”是空洞术语。,降调成“少量制川乌外敷止痛”，并写出她对剂量的顾虑，反而更像一位专家。
17,52,事实,低,“值守城门的九门提督营官兵”,“九门提督”是清代官名。,改为“巡城御史与五城兵马司兵丁”。
17,50,逻辑,低,“他与常灵珂已然在这片时空的泥沼中跋涉了整整十七幕”,把章节数当成了“幕”数；按总纲，明幕只是一幕。,改成“十七个昼夜”，或删掉。
18,10–18 与 块25–32,节奏/逻辑,高,“十步、八步、五步……狂风呼啸”,金水桥“三步擦肩”被完整写了两遍，细节互相打架：随从先是“两名值班女医官与一名掌灯小内侍”，后是“两名年轻小宫女”；她先穿“藏青色棉大氅”，后是“深白色狐裘”；先是“零点三秒”，后是“零点一秒”；同步的情报一次是“九道酷刑暗哨”，一次是“曼陀罗散”。,只留一个版本（建议留第二遍的感官细节，删掉第一遍），统一各项细节。
18,2–7 与 块20–24,节奏,高,“高翰文拖着沉重的铁链，一步一滑地走在没及小腿的深雪之中”,高翰文押解、芸娘在车里目送的戏同样写了两遍。第一遍他已经进了门洞，第二遍又从门外重新走起。,合并成一段，把块21–22的内心回顾挪进第一遍。
18,13–14,逻辑/文笔,高,“三步！这是大明宫禁礼仪铁律所允许的外臣与内廷女官擦肩而过的最小安全间距”,这条“礼仪铁律”是凭空编的；“每秒十万兆的速率”“纳秒级”之类的术语冲淡了重逢的情感。另外，两人相距“三步”的时候，常灵珂的目光与高翰文、芸娘之间的“三步”意象重复了。,删掉“铁律”的设定和数字术语，只写一个具体的小动作（比如她药箱的提梁换了只手）来暗示彼此认出。
18,31,事实,高,“小伯克街头叮当驶过的有轨电车”,墨尔本的Little Bourke Street没有电车线路，电车走的是Bourke St、Collins St、Swanston St等。,改成“伯克街”或“斯旺斯顿街”。
18,8/18/33,事实(地理),中,“穿过中极门外的汉白玉甬道”……“走下金水桥，朝着正前方的西苑精舍直奔而去”,午门内的内金水桥正对奉天门（嘉靖四十一年改称皇极门），不是“中极门”；西苑在紫禁城西面，不在“正前方”；块33又写他“穿过午门城楼门洞”，可他此前已经在午门内了。,按实际走向重写：出西华门，进西苑。
18,34/57，并关联第17章·块12,事实,中,“紫禁城西北角的药典阁值房”,明代太医院在大明门东侧，在紫禁城外；宫内是御药房。本章末尾又写成“御药房廊下”，前后不一。,把宫内场景统一改成“御药房”，太医院只作为宫外机构出现。
18,29,错字/事实,中,“陈洪在东厂死牢中布下了三道……‘曼陀罗曼陀罗散’”；“急性重金属蓄积中毒”,多了一个“曼陀罗”；“急性”和“蓄积”自相矛盾。,改成“曼陀罗散”“慢性蓄积中毒”。
18,50,事实,中,“二十年前，也是在这间屋子里，正德年间兵部武库司的员外郎”,二十年前是嘉靖二十年，不是正德年间。,改成“二十年前”加“嘉靖初年”，或者改为“四十年前，正德年间”。
18,53,事实,中,“京师朝阳门内的户部度支司大库”,明代户部下设十三清吏司，没有“度支司”；户部衙署在大明门东侧千步廊，不在朝阳门内；黄册存放在南京后湖。,改为“户部广东清吏司架阁库”一类（待查证）。
18,39,人物/逻辑,中,“大明朝立国两百年来，文臣死谏，武将死战！……尔等才真是不折不扣的社稷蛀虫！”,白道微一介布衣，在西苑直庐当众训斥六品官，满屋官员竟无人敢驳。这是爽文式的降智；他后来的潜伏谋划也因此暴露。,改成他冷眼旁观、记下这几人的名字，以后在账目里再“点名”，更符合数据科学家的性格。
18,25,错字,低,“已被一层薄薄的透明地穿甲冰彻底冻住”,“地穿甲冰”不通。,改成“透明的薄冰”。
18,56–57,逻辑,低,“常灵珂静立在飞檐之下”……“远在御药房廊下的常灵珂”,相邻两段里，她所在的位置不一致。,统一地点。
19,24,逻辑,高,“方才裕王府与仁寿宫皇太后娘娘联名下旨，命……常灵珂常医官前来复查大内诏狱瘟疫防务”,巧合太强行：亲王不能“下旨”，当时也没有皇太后；东厂狱不是“诏狱”（诏狱是锦衣卫北镇抚司的）；她恰好在高翰文断气的那一刻赶到。,改成陈洪自己怕担人命，派人去请当值医官，常灵珂事先买通了值班表，所以来的是她，主动权也就在她手里。
19,31/35,事实(医学),高,“恶性心房颤动将在顷刻间剥夺他最后一丝生机”；“胸前神阙穴”,致命的是心室颤动，不是心房颤动；手指受刑引起的休克不属于“神经源性休克”（那是脊髓损伤的概念）；神阙穴在肚脐，在腹部而不是胸前，传统上禁针。,改为“心室纤颤”“疼痛与失血性休克”；选穴换成膻中、关元。
19,46/52,设定矛盾,高,“曾在淳安隐秘水道留下了四艘……封舱官船”……“藏匿于浙东富春江古河道的废弃粮帮水闸之下”,同一笔赃银，一处说在淳安的船上，一处说在富春江水闸下。第24章又合成“淳安富春江”。淳安在新安江上，富春江在桐庐、富阳一带，而且属于浙西。,定为“淳安新安江故道沉船”，全书统一。
19,53/第17章·块35,事实/连续性,高,“内阁次辅徐阶的两位得力高足……翰林院侍读张居正与户部侍郎高拱”,高拱不是徐阶的门生，两人后来还是死敌；高拱在这几章的官职依次写成户部侍郎（本章）、工部侍郎（第22章）、户部侍郎（第23、24章），张居正则写成礼部左侍郎（第17章）、翰林院侍读（本章及以后）。按史实，嘉靖四十年前后张居正任国子监司业，高拱任礼部侍郎（待查证）。,高拱改成“裕王府讲官”，删掉“徐阶高足”；张居正统一为“国子监司业，兼裕邸讲读”。
19,45,逻辑(数字),中,“托我传你十六字破局绝命诀：‘只论经纬算账，莫涉外朝党争……’”,这句诀实际是四句、每句六字，共24字。,改称“二十四字诀”，或压缩成四句四字。
19,57,事实,中,“将巍峨雄伟的太和殿金顶镀上了一层耀眼的金辉”,当时叫奉天殿（嘉靖四十一年改称皇极殿，清代才叫太和殿），而且三大殿在嘉靖三十六年焚毁，此时正在重建。,改为“奉天殿工地的脚手架”，还能顺带埋下国库吃紧的伏笔。
19,13/16,人物/连续性,中,“芸娘纵是教坊司出身”；“食朝廷俸禄三十载”,第18章高翰文称沈一石为“沈兄”，语带敬重，本章却痛骂沈一石“贪墨数百万两”；高翰文是甲辰科（1544）进士，到此时只有十七年，不是“三十载”。,统一高翰文对沈一石的态度，年份改成“十七载”。
19,32/33,文笔/事实,中,“蟾酥活性多肽以及利多卡因类似物高纯度复合提炼”,蟾酥有心脏毒性，给休克病人外用很危险；“利多卡因类似物”在明代无从提取；这是本段第三种名目不同的神药（雪魄膏、雪魄散、玄冰凝膏）。,统一成一种药，成分写得朴素些（比如川乌、草乌加冰片），并写出她的风险权衡。
19,39,设定,中,“这个年仅双十的常灵珂”,她是流行病学专家，二十岁明显偏小（需与第1章核对，见E-3）。,按主设定修改。
19,6,人物,低,“那是数十年孔孟经纶与阳明心学生死淬炼出的士人尊严”,第18章块21写他笃信程朱理学，这里换成了阳明心学。,统一为程朱。
19,4,连续性,低,“惊得立在两旁的掌刑千户齐大忠”,第17章里齐大忠是“掌班太监”，这里成了“千户”（锦衣卫武官的官阶）。,统一为“掌班”。
20,1,事实,高,“整整齐齐……陈列着三只由大内御膳房特制……的万历青花开光瓷坛”,万历是后世的年号，这是穿帮。,改成“嘉靖官窑青花坛”。
20,30,事实,高,“自嘉靖二十一年杨继盛受铁刑惨死西市、沈炼满门抄斩于塞外”,杨继盛死于嘉靖三十四年，沈炼死于嘉靖三十六年（在宣府）；嘉靖二十一年是壬寅宫变的年份。,改成“自嘉靖三十四年杨继盛弃市以来”。
20,56；另见第23章·块69,事实,高,“连夜召集赵文华、鄢懋卿等严党核心爪牙”,赵文华嘉靖三十六年已经死了。,换成罗龙文、万寀等。
20,44–46,逻辑/医学,高,“怪不得他今日会突然破天荒地想吃‘六必居’的酱菜”,酱菜是赐给别人的，嘉靖自己没吃，“想吃”的推论不成立；她还擅自往御茶里投“纳米级螯合剂”（绿豆多肽、水飞蓟素都不是汞螯合剂），伦理和性命风险都没有交代，一旦被方士查出就是灭门之罪。,删去酱菜的病理解读，保留帝王心术这层意思；投药要么删掉，要么写出她反复权衡的过程和被察觉的风险。
20,8/11,事实,中,（涉及已出版作品，不摘录）,严嵩题匾只是民间传说；三十年前（1531）他早已官至侍郎、尚书一级，不是编修；《礼记·月令》原文讲的是仲冬酿酒，首句的谷物是“秫稻”，也作“陶器”不作“陶瓷”，顺序也不同。,写成“坊间相传为严嵩少年时所题”，并按原典核对这六句。
20,17,事实,中,“浙江巡抚胡宗宪压着军饷奏报”,胡宗宪此时是浙直总督（第21章也这么写）。,改为“浙直总督”。
20,33–34,逻辑,中,“王爷是皇上唯一的亲骨肉，是大明江山社稷唯一的合法继承人”,景王还在世（同第17章）；“西苑午门”不存在（西苑没有午门）。,修正。
20,38–39,人物/逻辑,中,“王爷此刻只需修表一封，上疏四个字——‘谨遵圣训’”,白道微以布衣身份进入裕王内殿，给储君当军师，却没交代他凭什么得到信任；裕王和高拱都被写成惊慌失措、只能等他解惑的傀儡。,补一场白道微通过张居正引荐的戏，让裕王自己想到一半答案。
20,49–53,文笔,中,“整座庞大复杂无比的非线性动力学偏微分方程组，骤然迸发出了唯一且必然的收敛解”,术语堆砌，读者无从检验；“精确到还剩九十天”让后文失去了悬念。,改成白道微给出一个区间判断，并说出他真正在意的一两个变量。
20,13,错字,低,“杂家不管你们平日里拿了哪座府邸的冰炭银子”,应作“咱家”（前文都用“咱家”）。,改。
20,15,连续性,低,“京城东城，工部尚书第与首辅相国府”,第17章写严世蕃是工部左侍郎，这里及第22、23章成了“工部尚书”。史实上严世蕃止于工部左侍郎。,统一为左侍郎。
21,0/68 与 第20章·块50,逻辑(时间),高,“嘉靖四十一年初春”……“除夕的脚步即将临近”,初春已经过了除夕，第22章却把大火写在“四十一年除夕”，按史实这时严嵩已经倒台（嘉靖四十一年五月）。,本章改为“嘉靖四十年冬”，章末的“除夕”相应调整（见第22章条目）。
21,0,事实,高,“在浙东台州定海卫那段饱经硝烟与烈火洗礼的黑色礁石滩头”,定海卫在宁波（今镇海），不在台州；台州对应的是海门卫、桃渚所等。,改为“台州海门卫”（待查证）。
21,5,事实/错字,高,“跟随胡宗宪……的巡抚标营亲兵统领徐渭”；“招募义乌旷工”,徐渭是胡宗宪的幕僚文士，不是带兵的统领；“旷工”应作“矿工”。,徐渭改为幕府书记，另设一位亲兵统领。
21,37/55,数字,高,“两千多名……萨摩重装倭寇”……“斩首三千八百四十级，生擒倭将二百一十人”,进攻方只有两千余人，斩首数却超过三千八；块36写“上千艘”敌船，缴获只有84艘。,统一兵力，比如来犯五千，斩首一千余。
21,32,逻辑,高,“由兵部快船经由京杭大运河星夜兼程直发浙东，在台州战役打响前十二个时辰……送抵”,二十大车物资从北京走运河到台州要数周，冬天运河北段还会封冻，时间对不上；借“皇太后”名义也不成立。,改为常灵珂把配方快马送给浙江本地医局就地配制，更可信，也更能体现流行病学的思路。
21,28–29,事实(医学),高,“天然广谱抗生素之王——高纯度大蒜素水提浸液……其抑菌效能堪比后世初级青霉素”,大蒜素极不稳定，很难用陶坛长期保存，更谈不上“堪比青霉素”；几天之内也做不了“双盲比对试验”。,把重点放在她真正擅长的公共卫生手段上：烧开水、石灰消毒、隔离病人、补液盐（糖加盐）。这比“神药”更有说服力，也更贴合她流行病学专家的身份。
21,14,事实,中,“戚家军主帅戚继光与福建水师提督俞大猷”,“提督”是清代的称谓，俞大猷当时的职衔是总兵；台州大捷（嘉靖四十年）主要是戚继光一人的战功。,改为“总兵俞大猷”，并淡化他在台州的戏份。
21,56–62,事实/逻辑,中,“恭恭敬敬地将朝廷赐予的……赤铜大印、调兵铜符以及天子尚方宝剑……摆放在帅案”,胡宗宪历史上并非打了胜仗后主动挂印，而是严党倒台后遭弹劾、下狱。改写可以，但本章把他写得过于完美，史实感很弱。,至少在作者注里说明这是改写，或者让他的辞官带点无奈和被迫的色彩。
21,19–22,文笔/事实,中,“将佛朗机子铳的出膛初速提升了整整三成半”,这类精确到小数的提升数字没有依据；白道微在客栈里仅凭战报就算出射表，不做试射，不合常理。,改成白道微给出试射标定的方法，让戚继光用实弹去校。
21,63,逻辑,中,“透过常灵珂从通政司截获的台州八百里加急捷报”,一名太医院女官能“截获”通政司的公文，缺少依据。,改成张居正把消息抄送给他。
21,42,事实,低,“自幼习练阴流与新阴流剑术的萨摩重剑士”,新阴流1560年代才刚创立，萨摩的主流剑术（示现流）更晚。,泛写为“倭刀手”即可。
22,0,事实/时间,高,“嘉靖四十一年除夕之夜”,万寿宫（永寿宫）实际失火于嘉靖四十年十一月二十五日，正好接在第18章“十一月十六”之后；史实中的起因是宫中烛火或烟火引燃帐幔（待查证）。,改为“嘉靖四十年十一月”，这样第21—24章的时间线都能理顺。
22,22/27,事实(科学),高,“用特殊多孔活性炭颗粒与纯棉湿纱布复合缝制的‘战地简易呼吸过滤防毒面罩’”,活性炭几乎不吸附一氧化碳，这正是火场里最致命的气体；让流行病学专家犯这种错误会伤害人设。第24章块17重复了这个错误。,改为湿布掩鼻、低身快进快出，并写明她知道这只能挡烟尘、挡不住毒气，所以必须抢时间。
22,22,事实,高,“以高浓度冰片薄荷冷凝水迅速浸透全身的大氅”,冰片易燃，进火场前把衣物浸透冰片液等于自焚。,改为用水缸里的冰水浸湿。
22,28–29,事实(医学),高,“将针柄微管内储存在高压状态下的纯氧与强心复苏苏醒药剂，瞬间注入嘉靖的微循环”,把气体注入血管会造成空气栓塞，足以致命；所谓“置换出一氧化碳的活化因子”并不存在。,救出后让他呼吸新鲜空气，侧卧，掐人中、刺十宣，辅以通窍的药，写成与时间赛跑。
22,45–71,事实(改写方向),中,“臣请朝廷立刻自国库与内帑拨银三百万两……”,史实与此相反：严嵩建议嘉靖暂住南宫，惹他不快；徐阶提议用三大殿余料迅速重建，因此得宠。本章把两人立场对调，嘉靖还下旨“斋醮尽削”，与他的性格不符。,用史实版本反而更精彩：徐阶靠“快修”而不是“不修”取胜，也更能写出他的老辣。
22,12,事实,中,“紫禁城内外的所有水缸早已结了三尺坚冰”,宫中的铜缸冬天底下烧炭防冻，这是故宫的常识。,改成“缸底的炭火早被太监偷省了”，反而能顺带讽刺宫廷弊政。
22,32,错字,中,“常灵珂，素白的长发被火星燎焦了数缕”,女主不是白发。,改为“鬓发”或“乌发”。
22,42,逻辑,中,“跪在玉熙宫殿前、面容焦黑的嘉靖皇帝，正透过琉璃窗的缝隙”,皇帝不可能“跪”；人在殿外又“透过窗缝”看，自相矛盾。,改为“斜倚在玉熙宫暖阁榻上”。
22,21/55/59,连续性,中,“火源中心位于后配房西南角”……“后配房西北角的残存砖缝”……“西北角瞬间爆燃”,起火点的方位前后矛盾。,统一方位。
22,6,事实,中,“工部主事鄢懋卿为修缮宫殿私自采办进宫”,鄢懋卿当时是左副都御史，总理盐政，不是工部主事。,改成工部某个虚构的主事。
22,37–40,人物,中,“烧得好……烧得好啊！”,严世蕃在御前火场上公开说“烧得好”，还和人盘算回扣，把一个精明的反派写成了只剩脸谱的恶人。,改成他表面哭着救火，私下只用一个眼神示意鄢懋卿，把贪念藏起来。
22,61,逻辑,低,“送入了内阁值房张居正的手中”,张居正此时并不在内阁。,改为“送至张居正寓所”。
23,14–22,事实(科学)/逻辑,高,“地下磁轨便会与桃木笔尖形成微磁洛伦兹偏转力矩，牵引笔尖……自动游走刻画”,洛伦兹力需要电流；明代既做不出“硅油”“居里点再充磁”，也没有车床；靠脚踩棘轮的固定磁轨，写不出三组内容不同的复杂云篆；常灵珂一夜之间在御前神坛下埋设磁轨，也不可能。,用最朴素的手法：扶乩本就靠手操，关键在于蓝道行事先摸清了嘉靖的心事，而白道微帮他预判嘉靖会问什么。这比“磁悬浮神迹”更高明，也更可信。
23,28/43/47,逻辑,高,“整座大殿唯有这君臣五人”……“徐阶与张居正厉声怒斥”……“满堂百官与内侍吓得扑通齐齐跪倒”,前面说殿内只有五个人，后面却冒出张居正和“满堂百官”。,删掉张居正和“百官”。
23,44–45,人物,中,“倾尽全身之力，狠狠砸在严世蕃那张狰狞扭曲的肥脸之上！……满嘴碎牙”,嘉靖亲手殴打大臣、打碎牙齿，与“深藏不露”的帝王形象冲突；拂尘前面写是白玉柄，这里成了“纯金拂尘柄”。,改成嘉靖冷冷一句话，由锦衣卫把人架出去。
23,39–40,事实/逻辑,中,“贤者徐高，奸者严氏”,正史记载乩语所称的贤者是徐阶和杨博，不是高拱；而且扶乩原本是在内廷私下进行的，并不当着严嵩父子的面。,可以保留戏剧化处理，但应把高拱换成杨博，或另作说明。
23,13,事实,中,“蓝道行乃老夫早年在山东督学时的忘年之交”,徐阶早年在浙江、江西做过提学、按察一类的官，未见他任山东督学的记载（待查证）。,核实后修改。
23,62/64,事实(地理),中,“封锁了神武门与西华门的出口”……“冲破了东厂设在朝阳门外的关卡，将蓝道行安全转移至宣武门外”,玉熙宫在西苑，本不必走紫禁城各门；从西苑到宣武门外，不会途经东边的朝阳门；夜里又写成“光天化日之下”。,路线改为出西安门，向南经宣武门。
23,62,事实(医学),中,“一枚浸透了高效挥发性神经麻醉剂的湿手帕……两名壮汉哼都没哼一声，便软软瘫倒”,“手帕一捂即倒”是影视神话，吸入式麻醉需要持续吸入数分钟。,改用针刺配合偷袭，或者干脆绕开守卫。
23,71,事实,中,“投奔汪直余党与西洋红毛番”,“红毛番”指荷兰人，十七世纪才出现；此时的西洋人是“佛郎机”（葡萄牙）。,改为“佛郎机”。
23,14,错字,低,“一只小巧玲珑的紫藤木桃木乩笔”,材质自相矛盾。,选定一种材质。
23,6,节奏,低,“值房内的几位年轻翰林学士彻夜不敢合眼……满朝文武谁人不知”,嘉靖明令保密（块11），满朝文武却都知道，前后矛盾。,删去。
24,0/61/80,逻辑(时间),高,“嘉靖四十一年正月的这一个寒夜”……“除夕夜潜入大内”……“大明嘉靖四十年……倒严终局”,一章之内出现三种时间。,统一时间（建议整条时间线改到嘉靖四十年冬至四十一年春）。
24,40–43 与 块63/66,逻辑,高,“宣武门外那间简陋逼仄的客栈密室之中”……“长途策马狂奔七十里”……“恰好在通州核算完最后三道漕粮平衡表”,前面写他从宣武门外出发，后面又说从通州赶了七十里；这段对白本身很好，但地点对不上。,改为白道微那晚在通州（开头相应修改），或者删掉“七十里”和“通州”。
24,56–57,逻辑,高,“而在他身侧，常灵珂身形如魅……两人一前一后”……“青石药窖门……自内向外轰然推开”,常灵珂还在地窖里没出来，上一段已经在白道微身边并肩作战。,删掉块56后半句。
24,61/78,数字,高,“除二十人被生擒……其余六十人尽数被当场诛灭”……“锦衣卫将八十名披枷带锁的严府死士……押入广场”,活口数前后不一。,统一为二十名。
24,26/32/37–38,逻辑(空间),高,“退守在二楼最内侧的青石地下藏药窖门前”……“沉重的万斤断龙石门受力瞬间弹开”,二楼怎么会有地下窖？前面说门轴生锈要三秒才能推开，后面一个药秤就能砸开“万斤石门”。,把藏身处改为一楼后堂的地窖，门改为普通铁门，以她事先上油作为伏笔。
24,49–53,逻辑,高,“瞬间贯穿了城楼上齐大忠的咽喉……两枚……重型爆破雷，狠狠掷在西华门沉重门轴”,杀死东厂掌班、炸毁宫门，是谋逆级别的大罪，后文毫无后果；“如朕亲临”的玉牌由裕王府颁给，也属于僭越；锦衣卫千户朱七竟然听一介布衣调遣。,改为白道微持太医院急召的文书，由守门官放行，再让朱七出于嘉靖“保常医官”的密令而随行。
24,18–19,事实(医学),高,“以天然曼陀罗花提取物东莨菪碱……能在短短两秒内阻断胆碱能受体突触传递，引发……呼吸肌急性麻痹”,东莨菪碱是抗毒蕈碱药，主要引起谵妄、口干、瞳孔散大，不会两秒致瘫；“口吐白沫、四肢僵直”恰好是相反的胆碱能中毒症状；既然加了辣椒素与硫化物，就谈不上“无色无味”。,改成用石灰加辣椒粉制造混乱，靠地形拖延时间，而不是一口气“毒倒”几十人。
24,30,事实(物理),中,“十二枚穿甲弩箭箭尖破开空气时形成的微型超音速激波阵面”,弩箭的速度只有每秒几十米，远不到音速。,删掉。
24,27,设定,中,“素手缓缓抚上胸口中央那枚深植于灵魂最深处的上古神物……激活……【复演券】”,“上古神物”原本指同契印记，这里和复演券混为一谈；复演券的消耗与剩余数量都没有交代（见C、E）。,写明“复演券 −1，剩余X张”，并交代代价。
24,53–56,人物,中,“纵马飞跃数丈高的砖墙……运用经典的动量定理与刚体碰撞角动量方程”,数据科学家突然变成剑术高手，前文没有任何铺垫；马也不可能跃过数丈高的墙。,让他只负责指挥，由朱七和骑兵动手，他凭判断找到地窖所在。
24,73,事实,低,“张居正理正了胸前的大红孔雀补子锦袍”,孔雀补子是三品服色，和他此时的品级不符。,按实际官职改写。
24,72/80,事实,低,“锦衣卫大汉将军与大理寺缇骑”；“西苑午门城楼”,缇骑属锦衣卫，不属大理寺；西苑没有午门。,修正。
25,28,错字,高,“便被帝王无情的铁血神采彻底覆盖覆盖”,“覆盖”重复,删掉一个“覆盖”
25,18,逻辑,高,“于昨夜三更在富春江底彻底起获……现船队已由水路直抵通州码头”,浙江到通州走运河要数周，不可能一夜之间起获并运抵,改为“起获账册先行飞骑递京，银船随后北上”，或者把起获时间提前一个月
25,68/72/73/74,逻辑,高,“映照着天边如血的落日余晖”／“迎着初春和煦灿烂的漫天朝霞”,同一场景里夕阳和朝霞互相打架,统一成一个时间点
25,74,文笔/元文本,高,“《玉熙宫词》第一部·明幕篇最波澜壮阔的倒严大决战……画上了震撼千古的壮丽休止符”,叙述者在正文里夸自己的作品，而且后面还有六章明幕,整句删去，用画面收尾
25,59,事实/数字,中,“总计抄没……一千三百万两白银！这是大明朝廷整整四年的全国财政岁入总和”,块25严嵩说岁入“不过四百万两”，1300÷400≈3.25年；第26章块13又写“一千一百余万两……三年”,定一个口径，全书统一
25,14,数字,中,“剩余整整两千七百万两民脂民膏”,3600−420−530=2650，不是2700,改成“两千六百余万两”
25,70,事实,中,“嘉靖皇帝的寿命已然进入最后三年的倒计时”,从嘉靖四十一年正月到四十五年十二月驾崩，将近五年,改为“不过数年”
25,4,事实,中,“前工部尚书严世蕃”,史实中严世蕃官至工部左侍郎（待查证电视剧里的设定）,改为“前工部侍郎”
25,4/12/26,逻辑,中,严嵩在殿内“金砖地面”上，后文却写严世蕃“跪在泥水中”、严嵩“蜷缩在泥水冰雪之中”,室内和室外混用,统一成殿内或殿外
25,43/33,逻辑,中,“斩立决！抄没九族！”,判词写“抄没九族”，严嵩却被赦免回乡，自相矛盾；《大明律》也没有“九族”条文,改为“斩立决，籍没家产”
25,46/49,事实,中,“京师西市柴市口法场”“宣武门外”,明代西市在西四牌楼一带；菜市口作为刑场是清代的事，“柴市”则是元代地名（待查证）；第27章块11又写“宣武门外菜市口”,明幕统一写“西市（西四牌楼）”
25,35,事实,低,“大朝会移师午门外大理寺公堂”,明代大理寺在西城刑部街一带，不在午门外（待查证）,删去“午门外”
25,32,事实,低,“解下腰间系了二十年的白玉蟒带与相国金印”,明代首辅没有个人的“相国金印”,改为“交还阁印／缴还诰敕”
25,52,人物,低,“权谋若无仁心与法度做底，终究不过是一场自掘坟墓的疯狂游戏罢了”,行刑台边讲大道理，两位主角的口吻一模一样,换成与现场细节相关的一句短话
26,6/13/14/17,逻辑/时间线,高,（涉及已出版作品，不摘录）,同一场戏里白道微说“嘉靖四十三年”、徐阶说“两年有余”，块0又写成严党刚倒时的庆贺气氛,把本场明确定在嘉靖四十三年，块0加一句时间过渡，高拱台词改为“不过两年”
26,85,事实,高,“当年沈炼直言进谏，被杖毙塞外；杨继盛尸谏严嵩，被凌迟割肉”,沈炼谪戍保安后被斩于宣府；杨继盛是弃市斩首，不是凌迟，也不属于“尸谏”；第32章块26又写杨继盛“弃市”，前后矛盾,改为“沈炼谪戍塞外终遭斩首，杨继盛下狱三年终于弃市”
26,23,错字,高,“将田赋徭役全部折合成银两，按亩摊牌！”,“摊牌”应作“摊派”,改为“按亩摊派”
26,30,事实,中,“你整日把程朱理学、圣人仁义挂在嘴边”,徐阶是王学（阳明心学）门人，以讲学著称,改为“你整日讲良知、讲学问”
26,1/12,事实,中,“新晋入阁的次辅兼吏部尚书高拱”“静静注视着堂内的三位内阁首辅”,首辅只有一位；高拱第25章是“户部侍郎”，这里是“吏部尚书”，第27章又成了“次辅”，官职乱跳,改为“三位阁臣”，高拱官职全书统一
26,17/13–20,数字,中,“每年索取禄米折银高达二百四十万两”,360+240+290=890，其中宗禄是一年的数，另两项是两年累计，口径不一；第30章块46又改成“两年累计四百八十万”,统一按两年累计计算
26,18,事实,中,“自万寿宫除夕失火焚毁以来，皇上御笔批示重建永寿宫”,史实正好相反：永寿宫于嘉靖四十年失火，重建后改名万寿宫（待查证）；第32章块3又写“深居西苑永寿宫”，全书内部也不一致,按史实统一宫名
26,47,科学,中,“高纯度二巯基丁二酸多肽纳米络合剂”,二巯基丁二酸（DMSA）是小分子螯合剂，不是多肽；“血汞850μg/L”这类数字可以保留，但药名不要硬拼,改为“一剂口服排汞药（现代称DMSA）”
26,55/52,时间线,中,嘉靖在四十三年说海瑞是“户部新调来的”，海瑞却“嘉靖四十四年深秋”才进京,自相矛盾；史实为四十三年调任户部,统一为四十三年
26,89 / 第27章·块51,逻辑,中,第26章赠“九转返魂保心丹”三枚，第27章又赠“生物纳米广谱抗毒活血丹”三枚,同一功能的道具送了两次，名字也不一样,合并成一次赠药
26,93,设定,中,“【明幕篇第26幕·清流执政暗流推演完毕！第27幕……】”,“幕”本来指副本，这里变成了按章编号，与简介设定冲突,改用“节点／回目”，或者删掉
26,92 / 第27章·块28,节奏,中,第26章结尾海瑞已经“提起了那一管……大笔”，第27章又从头写一遍,写疏的场面重复,第26章结尾改为“他在心里打下了第一行腹稿”
26,69/56,数字,低,“五十四岁的海瑞”,海瑞生于1514年，1565年约51岁；块56又说“年逾五旬”,改为“年过五旬”
26,0,数字,低,“整整两万个日夜”,二十年约七千三百天,改为“七千多个日夜”
26,71,用词,低,“高定无烟银丝炭”“月白风衣”,“高定”“风衣”都是现代词,改为“上好银丝炭”“月白斗篷”
26,63,错字,低,“灾情账册与军饷底薄”,应作“底簿”,改正
27,71 / 第28章·块72 / 第32章·块67,事实,高,“这位历经弘治、正德、嘉靖三朝狂风巨浪……的三朝老臣”,徐阶是嘉靖二年进士，只在嘉靖一朝为官；第28章还说徐、高二人“年逾花甲的三朝重臣”，而高拱当时约53岁,改为“宦海三十余年的老臣”
27,0/22/54 · 第28章·块8,时间线,高,残冬“除夕将至”时买棺，当晚说“今夜要上疏”，实际却在“二月初一”呈递；第28章又说是“上疏的前一日”买的棺,前后相隔一个多月，三处说法互相矛盾,把买棺、写疏挪到正月末
27,12,事实,中,“身穿补丁绿袍、面容如寒铁雕铸的五品命官”,户部主事是正六品，明制五至七品穿青袍，八九品才穿绿袍；块55又写“青色六品官袍”,改为“青袍六品”
27,3,事实,中,“在册田亩自弘治年间的八亿亩骤降至四亿亩”,八亿多亩是洪武年间的数，弘治年间已是四亿多亩,改为“自洪武年间的八亿余亩降至不足一半”
27,78,用词,中,“后世青史将记我等为汉奸赵高之流”,“汉奸”是近代词，而且赵高也不是“汉奸”,改为“奸佞赵高之流”
27,43/45,人物,中,“直刺封建帝制核心命门”“则成绝对闭环”,白道微对明朝人说现代学术词和网络黑话,改为“直指君道根本”“则情理俱备”
27,30,事实,中,“在黄浦江畔看到的漂浮浮尸”,海瑞的经历与黄浦江无关（淳安在新安江上）；“漂浮浮尸”也重复,改为“新安江上的浮尸”
27,31–38,照搬/事实,中,（涉及已出版作品，不摘录）,真实的《治安疏》没有这类近乎谋逆的话，读者会误以为是原文,拟写部分注明“大意如此”，或删掉过激句
27,39/85 · 第28章·块10,数字,低,“两千七百字的《治安疏》”／“万言密疏”／“两千余字血书”,字数前后不一,统一口径
27,67,常识,低,“八百里加急……直送西苑玉熙宫”,午门到西苑只有一两里，用不上“八百里加急”,改为“飞骑直送西苑”
27,13–14,常识,低,“仅重八两的碎银子”买“楠木板子”,八两银子买不起楠木棺；“一锭……碎银子”本身也矛盾,改为“杉木薄棺”“几块碎银”
27,81,错字,低,“手掐子午决”,应作“子午诀”,改正
28,10–13,结构,高,块10插在“买棺……待死”（块9）和“这四个字”（块11）中间，块10与块13的内容又几乎一样,指代断裂，内容重复,删掉块10，或与块13合并
28,60,事实,高,“另一面则是仁寿宫皇太后赐予的‘保命御令’”,嘉靖生母蒋太后死于嘉靖十七年，1566年宫中没有皇太后,删去，改为“裕王府暗中所托”之类的设定
28,62/73/82,逻辑,高,常灵珂宣称“皇上刚才……传下口谕——……皇上尚要亲自复核”,没有交代这道口谕的来历；同一时间黄锦却在宣“斩立决”，只是后来才改成留中。常灵珂等于假传圣旨，后面也毫无后果,补一场嘉靖授意的戏，或者写明她冒险矫旨、事后受到追究
28,50–51,逻辑/人物,高,“在极短的时间内阻断了痛觉受体向大脑皮层的信号传递”,药一吃痛觉就没了，下一句却写“剧痛虽如山崩海啸”，自相矛盾，也让海瑞的忍耐变得廉价,改为药物只能保命、护心，痛要他自己硬扛
28,19,科学,中,“高纯度硝酸甘油与依达拉奉复合脑保护神药……阻断脑溢血猝死”,硝酸甘油会升高颅内压，不用于脑血管痉挛；依达拉奉用于缺血性卒中，不能预防脑出血,改为降压药（例如尼卡地平）、脱水药，或者干脆不写药名
28,65–66,科学/逻辑,中,“十指指骨重度粉碎性骨折……一寸寸精准复位”,粉碎性骨折不能靠手法“精准复位”；透明凝胶、高分子夹板当着朱七的面用出来，身份暴露的风险也没处理,改为“能接的接，不能接的只能固定”，并交代如何遮掩
28,8/30/37,逻辑,中,黄锦说海瑞已“将家眷仆役遣散”，海母、海妻却都还在家里,自相矛盾,改为“仆役四散，唯老母妻子不肯去”
28,19,事实,低,“施展出古法‘回阳九针’……人中、内关、少商”,回阳九针的传统穴位是哑门、劳宫、三阴交等九穴，不含人中、内关、少商（待查证）,改为“急刺人中、十宣”，不用“回阳九针”这个名目
28,31,事实,低,“身着赭黄圆领袍”的东厂番役,赭黄（柘黄）是帝王专用色，番役不能穿,改为“褐衫尖帽”
28,63,用词,低,“他已经受了五刑”,“五刑”指笞、杖、徒、流、死五种刑罚，不是泛指酷刑,改为“他已受过大刑”
28,83,事实,低,“凭借这一招千古未有的‘留中’策略”,留中是明代常见的处理方式,改为“凭一个‘留中’”
28,94,常识,低,“角楼的三更晨钟”,三更是半夜，不是晨钟,改为“三更更鼓”
28,42,事实,低,“北镇抚司诏狱，坐落于紫禁城东北角地底深处”,北镇抚司在宫城外（待查证），第32章块10又写“正阳门外”,统一地点，不放在紫禁城内
29,14,时间线,高,“海爷，今日是元宵节，外头万家灯火”,块0写的是“二月中旬”，元宵是正月十五,改为“今日是花朝节”（二月十五），或者删去节日
29,77–79,人物/逻辑,高,陈洪“噗通一声重重跪倒……饶命”,东厂提督被千户和布衣当面持刀威胁就瘫软求饶，事后毫无反制，反派被工具化；“把解药交出来”也不通，砒霜没有现成的解药,让陈洪虚与委蛇、暗中反扑，或者让主角为此付出代价
29,18,事实,中,“您心里装的不是自个儿的顶戴花翎”,“顶戴花翎”是清制；同一块里的“去年严世蕃的小舅子”也有问题，严党倒台已是四年前,改为“乌纱前程”“当年”
29,44,事实/逻辑,中,“西班牙大帆船自美洲和日本走私大量白银”,马尼拉大帆船贸易始于1571年后，1566年还没有美洲白银入华；而且白银大量流入会使银价下降，与后文“钱贱银贵”相反,改为“日本白银经葡人与海商流入”，并理顺银价逻辑
29,29,逻辑,中,“海瑞体内的重金属毒素排泄顺畅”,汞中毒的是嘉靖，不是海瑞，疑似复制粘贴,删去
29,63,节奏,中,“嘉靖皇帝独自一人立在空旷冰冷的大高玄殿铜钟之下”,场景本在玉熙宫精舍，没有过渡就跳到大高玄殿,补一句移步，或者改回精舍
29,65 / 第28章·块14 / 第30章·块54,节奏,中,嘉靖第三次“喷出黑血”,同一个桥段反复用，效果递减,保留最关键的一次
29,85,设定,低,“第三颗‘神元固本丹’”,第27章说三枚都是同一种“抗毒活血丹”,统一药名
29,76,科学,低,试管“瞬间变成了触目惊心的浓重黑紫色”,砷的常规显色反应是黄色沉淀或砷斑，没有黑紫色,改为“析出黄色沉淀”，或写“银针发黑”式的古法对照
29,41,病句,低,“即便国库里杀了严嵩起获一千万两”,语序混乱,改为“即便抄没严府得银千万”
30,90–93,元文本/生成残留,高,"“【前 30 章总字数正式突破 310,000 字！全网零重复率 100% 达标！……】”",写作流程的指标混进了正文,整段删除（第31章块93、第32章块79同样处理）
30,76/78,结构,高,块76“海瑞……是一把神剑……天下最锋利、最纯粹的神剑”，块78几乎原样重复,同一段话的两个版本并存,保留块78的扩写，删去块76
30,38/46/48,数字/时间线,高,“入库不过两年”“一千一百万两巨资……两年来已然消耗殆尽”,严党倒台是嘉靖四十一年，现在是四十五年；四项开支之和为1410万，超过1100万；赤字“二百一十万两”与第26章两年前的数字一模一样,重算，写成“四年间”，数字和第26章衔接
30,59–66,科学,高,“直接穿刺心包精准注入”阿托品与肾上腺素，配合三分钟心肺复苏救回,室颤要靠除颤，阿托品不用于室颤，心内注射是早已淘汰的做法；同一句里“收缩压40”与“心脏搏动骤停”也矛盾；何况同时存在脑出血,改为“短暂晕厥／严重心律失常”，用可信的手段救回来
30,49,人物,中,“以草民所推算之大明土地基尼系数”,对皇帝说“基尼系数”“恶性正反馈”，嘉靖不可能听懂，白道微也不像懂分寸的人,改为“十家之田九归一家”这类古人能懂的说法
30,16,事实,中,“按《大明律·刑律·谋反大逆条》第一款：凡谋反、叛逆及指斥乘舆者，皆斩立决！……株连九族”,谋反大逆律定凌迟；指斥乘舆属于“十恶·大不敬”，罪当斩；《大明律》没有“九族”条文,改写为概述
30,52,逻辑,低,“他看着眼前这三个人……还有一个在屏风后……的绝代医官”,常灵珂还在屏风后，嘉靖看不到“三个人”,改为“两个人，外加屏风后……”
30,87,节奏,低,“护城河畔的杨柳枝头已然抽出了点点嫩绿的新芽”,与第25章块65的结尾意象重复；而且头天夜里刚下“三尺”大雪,换一个意象
30,79,人物,低,“愿陛下……早日还政新君”,当面劝皇帝退位，等同谋逆，与海瑞的忠君底色不符,删去
31,36/37/54,错字,高,（涉及已出版作品，不摘录）,遗诏原文作“召用”，三处都错,改为“存者召用”
31,20–23,结构,高,块20嘉靖“凝视着徐阶与张居正”并对他们说话，二人却到块23才被召入,顺序颠倒,把块20移到块27之后
31,50,事实,高,“《大明世宗宪皇帝遗诏》”,嘉靖的谥号是“肃皇帝”（块63写对了），“宪”是成化帝；谥号也不会在驾崩前拟好,改为“《遗诏》”
31,63,事实,高,“于西苑万寿宫正式大行”,史载嘉靖在驾崩当天从西苑移回乾清宫，崩于乾清宫,补写“移驾乾清宫”，或改地点
31,11,事实,高,“哼唱起唐代道士李翱的那首求仙绝句”,李翱是儒臣，不是道士；这首诗是赠禅僧药山惟俨的，也不是“求仙”诗；块10的“两峰青”原诗作“两函经”,改正诗句和作者身份
31,65/72,连续性,高,“司礼监掌印兼提督东厂太监陈洪”,第26、28、29章里掌印太监都是黄锦,统一职衔
31,66,事实,中,“投奔辽东李成梁”,李成梁1570年才任辽东总兵，1566年还没什么名气,改为“投奔辽东边外”
31,73/77,逻辑,中,朱七拿出“新君朱载坖亲笔手谕”，将司礼监掌印“就地正法”,裕王尚未登基，一个千户也无权斩杀司礼监掌印，全靠主角外挂,改为拿下交三法司，或写成陈洪拒捕被格杀
31,59,人物/常识,中,“朱厚熜，四十五年恩怨执念，尽归尘土。大明自今日始，乾坤重光。”,在御榻前直呼先帝名讳是大不敬，庆幸皇帝之死也不合医者身份,改为她在心里默念
31,58,病句,中,“重重垂垂地悬垂在了金砖地面之上”,叠词重复，搭配不当,改为“垂落床沿”
31,52,医学,低,“金针依然刺在神阙与膻中二穴”,神阙（肚脐）是传统禁针穴,改为“气海、膻中”
31,55,数字,低,“吐出最后这六个字”,实际是八个字,改为“这几个字”
31,31,事实,低,“徐阶，你是帝师”,裕王的老师是高拱等人,改为“你是首辅”
31,84/87,逻辑,低,“一身血迹未干的海瑞”“嘉靖关了他半辈子”,已经关了十个月，不会“血迹未干”，也谈不上“半辈子”,改为“十个月”，删去“未干”
32,51,人物/设定,高,隆庆说“若无二位在西苑雪夜以现代神机稳住龙体”,明朝皇帝说出“现代”，穿越设定当场泄底,改为“以神术”
32,55–56,事实,高,“每年即可为国库注入真金白银不下二百万两”“隆庆开关！”,月港督饷馆每年的税饷只有几万两；西班牙1571年才据马尼拉；“隆庆开关”是后世史家的说法，涂泽民奏请开海的功劳也被主角拿走了,数字降到可信的量级，删掉后世术语，交代涂泽民
32,14/46,事实,中,“擢升尚宝司丞，特赐正五品文官朝服”,尚宝司丞是正六品,改为“正六品”，“五品京堂”一并改掉
32,18,连续性,中,黄锦说“先帝临终之前，亲笔在你的《治安疏》上批了‘留中，仍系狱’”,这条朱批是二月雪夜批的，不是临终,改为“那夜雪中”
32,26,事实,中,沈炼“上疏劾严党十罪五奸、被杖毙于塞外”；邹应龙、林润“因弹劾严世蕃而被罢官还乡”,“五奸十罪”是杨继盛的奏疏；沈炼是被斩；邹应龙、林润当年都因弹劾有功而升迁,逐条改正
32,30,事实,中,“高拱放下手中的批红朱笔”“塞外俺答汗亦遣使求贡互市”,内阁只票拟，批红是皇帝和司礼监的事；俺答封贡在隆庆五年，隆庆元年反而是俺答入寇石州,改为“票拟墨笔”，删去俺答求贡
32,63,错字/事实,中,“将当地三千余户投降田民直接编为徐府奴籍”“南直隶按察使”,“投降”应作“投献”；南直隶不设按察使,改为“投献之户”“巡按御史”
32,72–73,常识/时间线,中,“正月十五元宵之夜……数十年未曾有过的盛大繁华”,先帝驾崩刚一个月，国丧期内一般禁止宴乐（具体禁期待查证）；块62“正月末”的戏又排在元宵之前,改成素净的灯节，或放到国丧期满后；调整场次顺序
32,23,用词,中,“便当继续为这四万万生灵舍身相搏”,“四万万”是清末的人口说法,改为“亿兆生灵”
32,65,节奏,中,（涉及已出版作品，不摘录）,几乎照抄第26章块30的高拱台词,换个角度，比如具体的田亩案卷
32,69,逻辑,中,“唯有张阁老您将来的‘考成法’与‘一条鞭法’”,白道微当面向张居正剧透未来，却没有任何后果或反应,改为启发式提问，让张居正自己得出结论
32,19,错字,低,“严寒饥馓”,应作“饥馑”；“九尺铁汉”与第27章的“七尺躯体”也不一致,改正
32,75,事实,低,正月里喝“明前碧螺春”,“碧螺春”一名始见于清代，正月也不可能有当年的明前茶,改为“松萝／虎丘茶”
33,82,节奏,高,"【前 33 章全书累计字数突破 340,000 字！全网独立无重复段落 100% 达标！】",这是生成指令或作者统计数据泄漏进正文，严重破坏沉浸感，第34–40章每章都有,"全部删除字数和""无重复段落""行；结算框保留一行和剧情有关的信息即可，或整体删去"
33,35–36,事实,高,青砖缝隙之间，不知何时早已洒满了厚厚一层银白色的磷化发光粉末,"白磷在空气中约30℃就会自燃，不可能在雨夜湿砖上厚厚铺一层等着被刀尖点燃；""磷化发光粉末""的说法也不准确",删掉磷粉这一环，或改成事先布置的硫黄、硝石引火线，由人工点燃
33,30,事实,高,药力便循足少阴肾经与手厥阴心包经直达中枢神经……令四肢横纹肌在三十息内彻底麻痹,"经络和中枢神经混用；乌头类生物碱""受热升华""、在露天雨夜的院子里让五十人同时瘫软，都违背毒理常识；主角等于掌握了化学武器",改为饭食或水源下药，或缩小规模（只放倒冲在前面的几人），其余由锦衣卫接手
33,32–33,逻辑,高,用多体流体力学模型计算得清清楚楚……负压漩涡场……'风眼无压区',露天庭院又有风雨，不可能精确控制烟雾分布；伪科学术语堆砌，主角全能,把胜负交给情报和埋伏（冯保、朱七早有部署），主角只负责诱敌
33,48,逻辑,中,更敢于新朝元宵之际，私蓄死士，夜犯尚宫,本章日期是正月二十四，元宵已经过了九天,"改为""新君初立之际"""
33,48,用词,中,即日开棺定谳，明正典刑,"""开棺""只用于死者，此处用词不当","改为""即日会审定谳"""
33,49,错字,中,听到'三法司会审、明正典刑'八个字,实际是九个字,"改为""九个字""，或删去计数"
33,6,错字,中,咱家不仅要被剥皮萱草、千刀万剐,"应为""剥皮揎草""（""揎""是往里塞草的意思）","改为""揎"""
33,2/40,事实,中,新任司礼监掌印太监冯保,史实中冯保要到隆庆六年万历即位后才掌司礼监印，隆庆初年他是秉笔兼提督东厂。虚构可以，但与史实差距明显（待查证具体年月）,"改为""秉笔太监冯保""，或在前文交代为架空改动"
33,76,事实,中,内阁次辅高拱与大学士张居正并肩凭栏,正月二十五张居正尚未入阁（一般记载为隆庆元年二月入阁，待查证）；高拱此时也非次辅,"张居正改称""裕邸旧臣、侍郎张居正""，高拱去掉""次辅"""
33,3–12,文笔,中,（涉及已出版作品，不摘录）,"陈洪通篇""独眼血丝、嗜血狞笑、厉声尖叫""，是脸谱化的反派；叠词和感叹号泛滥（""！！""多达十余处）",砍掉一半形容词；给陈洪一句冷静算计的台词，比十次尖叫更有威胁
33,78,事实,低,漫步在前门外初春解冻的金水河畔,金水河在皇城内和天安门前，不在前门外,"改为""前门外护城河畔"""
33,72,人物,低,这便是文明演进的意义所在。,对白直接变成讲稿，不像恋人之间说话,"改成短句，保留""斩草易，除根难""一句就够了"
34,4–5,事实,高,'汲古阁书坊'、'老胡开文墨庄'、'十竹斋画谱'、'戴月轩紫毫笔铺'鳞次栉比,琉璃厂书肆街是清乾隆以后才兴起的；汲古阁是明末常熟毛晋的，十竹斋是明末南京胡正言的，胡开文、戴月轩都是清代字号。隆庆初年全部不可能出现,"隆庆时这一带仍是琉璃窑厂，书市宜改到正阳门内的""棋盘街""或城隍庙市（待查证），字号全部虚构替换"
34,29,逻辑,高,老身夫家姓孙……这是我家老头子，是西街专门给书肆打书架的赵木匠,夫家姓孙，丈夫却姓赵，自相矛盾,"改为""孙木匠""，或改称""赵大娘"""
34,2/62,逻辑,高,在尚宫局里守了三年 / 半年前，我们在西苑值房面对严世蕃的威逼利诱,"一处说三年，一处说半年，第33章又说""这半年""；严世蕃在嘉靖四十四年已伏诛，距隆庆元年二月约两年",统一全书时间轴（见E-1）
34,9,事实,中,前任房东是位在翰林院任职修撰的江南老秀才,"翰林院修撰一般授予状元，不可能是""秀才""","改为""在翰林院抄书的老书办""或""致仕的老翰林"""
34,60,事实,中,唯有宣武门方向极远处的钟鼓楼,钟鼓楼在北城中轴线上，不在宣武门方向,"改为""北面极远处的钟鼓楼"""
34,69,事实,中,四更过半，天地交泰，东方天际渐渐泛起了一抹极淡的鱼肚白,四更约为凌晨一点到三点，北京早春天亮在五点半以后；第36、37、40章都有同样错误,"改为""五更"""
34,39,用词,中,在前明理学风行、士大夫轻视格物技艺的年代,"""前明""是清人对明朝的称呼，人物身在明朝，不能这样说","改为""本朝""或""国初以来"""
34,41,逻辑,中,由白道微以超微晶体硅与明代铜铸外壳巧妙结合打造的'算天一号'辅助数理仪,凭空出现的超时代硅器件，来源没有交代，而且之后再没用到,删除，或交代为系统奖励并说明限制
34,44,逻辑,中,将这三本浙江巡抚刚刚八百里加急递送入阁的……原件送来,内阁机密原件深夜送到布衣家中，违背起码的保密制度,"改为""抄件""，并说明张居正私下托付的风险"
34,63–68,节奏,中,人类文明的所有宏大叙事……其终极的归宿，往往都藏在这一方小小的院落,连续六块宏论加告白，与第35、37、38、39章高度同构,压缩为两三句，把篇幅留给具体动作
34,60,用词,低,沏上了一壶清香扑鼻的雨前明前茶,"""雨前""和""明前""是两个不同的等级，不能叠用；二月下旬也未必有新茶","改为""去年的明前旧茶"""
34,50–51,事实,低,'常压草药回流冷凝提纯器' / 天然植物药化疗法的极致升华,"描写的是蒸馏而非回流；""化疗""一词用错","改为""蒸馏器""和""天然药物疗法"""
35,30,事实,高,根据伯努利流体力学方程……在瓦下形成微弱负压牢牢吸附瓦片,"按伯努利原理，瓦面上方的气流负压恰恰会把瓦片掀起；""超临界层流""是把两个概念错误拼接","删掉整段伪计算，改成一句俏皮话，例如""坡度我量过，比原来陡了三分"""
35,67,事实,高,不出三月，西洋弗朗机与吕宋的大帆船便会运载着数以百万计的美洲白银涌入,"西班牙1571年才建马尼拉，大帆船贸易随后才开始；""弗朗机""指葡萄牙人，他们运来的主要是日本银","改为""再过几年""，并区分葡、西两方"
35,68,事实,高,高拱前日正式签发了吏部勘合，擢升海瑞为右佥都御史、巡抚应天十府,"海瑞巡抚应天在隆庆三年；高拱此时并不掌吏部；巡抚由廷推而非""勘合""产生","如果刻意提前，应在文中交代为""历史被改动""，否则改为""朝中已有人议起"""
35,18,事实,中,又在碗中滴入了三滴自制的浓缩穿心莲提纯露,穿心莲原产南亚，一般认为二十世纪中叶才引入中国（待查证），明代北京不可能有,换成板蓝根或大青叶
35,16–17,事实,中,浸入清凉的深井水与高度白酒调配而成的药液中,现代儿科不主张给幼儿酒精擦浴（经皮吸收、寒战）；流行病学专家这样做不合身份,"改为温水擦浴，并让她顺口纠正邻居""捂汗""的做法，反而更显专业"
35,64,事实,中,便来到了京师宣南著名的名胜古迹——陶然亭与慈悲庵畔,陶然亭建于清康熙三十四年，明代只有慈悲庵,"改为""慈悲庵高台"""
35,3,事实,中,刚刚从南郊温榆河畔农田里起获的鲜嫩时蔬,温榆河在北京东北（昌平、顺义、通州一带），不在南郊,"改为""南郊凉水河畔""（待查证）"
35,43/第36章·块15,逻辑,中,书肆近半年来极其繁琐混乱的一笔三十七道进货,"第36章说成""片刻平了聚宝堂书肆的三年烂账""，还说是""昨日""，而两章相隔约十天","统一为半年，并删去""昨日"""
35,28,人物,中,坐在高耸入云的墨尔本金融大厦顶层，修长的手指在量子键盘上翻飞如蝶,"白道微的职业从""数据科学家""漂移成金融量化精英（第37、38、40章加剧）；""量子键盘""不是现实物件",统一人设（见E-3）
35,71–75,节奏,中,这才是真正的'中兴'，这才是真正的'乾坤洗涤'！,宏论式排比加感叹号，是典型的AI腔,删到只剩一句
35,45,事实,低,一位出身国子监算学馆的青年生员,明代国子监没有算学馆（唐宋才有）,"改为""钦天监的年轻天文生"""
35,68/第36章·块46,逻辑,低,首辅徐阶的家族二十万亩良田 / 强占二十四万亩良田,两章数字不一致,统一数字
36,34,事实,高,凭借着现代高阶产科学中高超的'臀位内倒转牵引术'……将胎头稳稳转至正常的枕前位,内倒转术是把胎儿转成足位后牵出，不是转成头位；足已经娩出的情况下，徒手把胎儿转回头位基本不可能,改为臀位助产（Mauriceau法之类的手法，可描述不点名），更可信也更紧张
36,34/36,事实,高,取出一支提纯益母草与当归注射原液，以细银针刺入产妇的三阴交与合谷 / 注射止血生化药散,"明代没有注射器；""散""是粉剂，不能注射",改为针刺加宫底按摩，口服益母草煎剂
36,62,事实,高,居正代大明两京十三省四万万黎庶,"""四万万""是清末的人口数字；明隆庆时一般估计在一亿上下（待查证）","改为""亿兆黎庶"""
36,53–62,人物,高,对着石桌前端坐的白道微深深拜伏在地,考成法和一条鞭法的具体设计本来就是历史上张居正等人的成果，这里写成主角口授、张居正拜伏受教，张居正被降格为学生，主角过度全能,改为双方辩论：张居正已有雏形，白道微补上数据口径和执行漏洞，张居正反驳他不懂官场，两人互有胜负
36,49,事实,中,嘉靖四十五年，朝廷倒了严嵩，抄了严党,严嵩在嘉靖四十一年罢官，严世蕃在嘉靖四十四年被斩,"改为""嘉靖四十一年倒了严嵩，四十四年斩了严世蕃"""
36,47,事实,中,沈炼被杖毙塞外,沈炼是在宣府被斩首，不是杖毙,"改为""沈炼被斩于宣府"""
36,40,事实,中,正是当朝文渊阁大学士、兼管礼部事的张居正,隆庆元年张居正的阁衔一般记载为东阁、武英殿大学士，不是文渊阁（待查证）,核对后改正
36,14/15/20,逻辑,中,祖孙三代、四十余年 / 前后脱节达十七年 / 三十年的糊涂命根子,同一家店的年限前后三种说法,统一数字
36,22,逻辑,中,程家的老本，不仅分文未亏，反倒盈余一千八百余两,按文中数字（应收5240两，减死账3100两，加追回1400两，欠款另由原石抵）算，结果对不上1800两,"要么给出算式，要么只写""尚有盈余"""
36,17–20,逻辑,中,三十六册令人望而生畏的陈年巨账……不到半个时辰,半个时辰翻完三十六册手写账本，本身就不可能,改为三天三夜，先给出结论框架，再慢慢追查
36,1/第34章·块41,逻辑,中,通体选用产自岭南的上等交趾黄檀 / 百年铁梨木嵌象牙算珠,同一具算盘的材质前后不一，第39、40章又变成紫檀,统一材质
36,3–9,节奏,中,那是一柄看不见锋刃的数理神剑,用七块篇幅回顾两件器物的战功，与第37、39、40章的回顾重复,压缩为一段
36,11,事实,低,连忙摘下头上的软翅玄冠,"""软翅""纱帽是官员冠服，商人不得僭用","改为""方巾""或""六合帽"""
37,7,逻辑,高,一千零八十四天，九小时零二十七分。三年整，外加整整十九个昼夜。,三年约1095天，1084天还不足三年，数学天才自己算错了；而且按嘉靖三十九年腊月穿越算，至此已有六年多,"统一时间轴；如果坚持""三年""，天数应改为1114左右，同时改掉穿越年份"
37,13–14,逻辑,高,在墨尔本大学医学院对面的那家街角咖啡馆里……你整整两个小时连头都没抬,"与""唐人街剧本杀中遭遇异变""的初遇设定冲突；第38章的""金发实习生""、第40章的""你问我为什么接这个项目""又暗示另一套前史",见E-2
37,23,逻辑,高,甚至连肺部吸入了浑浊污水引发了急性肺水肿，你都咬着牙硬挺着不退半步,"按同契规则（生命体征共享、痛感分担），常灵珂应当同时出现呼吸窘迫，但她却在通宵救人；急性肺水肿也不可能""硬挺""",让常灵珂同时胸闷咳血，却仍在医棚坚持，反而是同契的好戏
37,11–64,节奏,高,整章,全章几乎都是两人互相复述前32章剧情加告白，没有新的冲突和信息,砍掉三分之二，只保留一两段真正尚未说出口的心事，外加结尾的排队打趣
37,29,事实,中,他在信里写'侯非侯，王非王，千乘万骑归芒砀',"这是东汉末年童谣，末句通行作""走北邙（芒）""，""归芒砀""有误",改正
37,2,事实,中,船舱里满载着江南新收的早稻,四月初没有早稻可收（早稻一般在六七月）,"改为""去冬的漕米"""
37,39,事实,中,老母寿辰才舍得割两斤牛肉,"海瑞为母亲祝寿""买肉二斤""的轶事，一般理解为猪肉；明代民间宰牛受限","改为""两斤肉"""
37,14,事实,中,《本草纲目》初稿手卷,《本草纲目》到1578年才成书，初稿没有传世，现代人的平板里不可能有,"改为""《本草纲目》金陵本影印"""
37,34,错字,中,根本不是九重深宫里的青词醮醮,"""醮醮""重字，应为""斋醮""；第40章块17同样有误","改为""青词斋醮"""
37,43,逻辑,中,昨夜太岳公来访,第36章张居正来访在三月下旬，本章是四月初,"改为""前些日子"""
37,32,事实,低,在嘉靖帝疯狂服用汞铅丹药精神分裂的那一夜,"汞中毒引起的是易激惹、震颤、谵妄，不是""精神分裂""；""纳米螯合剂""也是超时代物品","改为""汞毒入脑、谵妄失常""；螯合剂的来源需要交代"
37,17/38,事实,低,这两千七百字的《治安疏》,通常说法是三千余字（待查证）,"核对，或改为""三千言"""
38,56,事实,高,福建月港正式开埠，西接吕宋，东通琉球与日本。西洋的大盖伦帆船满载着美洲白银,隆庆开海明令不准去日本；马尼拉帆船贸易1571年以后才有,"删去""日本""和""大盖伦""，或改为""葡人自澳门转来的倭银"""
38,55,事实,高,硬是逼着致仕还乡的前首辅徐阶退还了八千多亩良田,"徐阶致仕在隆庆二年七月；第36章（三月下旬）说他""致仕已成定局""，到四月中旬已还乡、海瑞也已到任并逼他退田，时间上不可能","改为""海瑞尚在途中""，或整体推迟"
38,84,逻辑,高,后天我们一走，院子里的花和茶全便宜了隔壁张阁老家的长随,隔壁是孙大娘，张居正并不住在隔壁,"改为""隔壁孙大娘家的虎子"""
38,83,用词,中,后天午夜的时空折跃算法我已经推演了七千多次，容错率为零,"""容错率为零""的意思是一点错都容不得，正好和想表达的""不会出错""相反","改为""出错率为零""或""误差为零"""
38,60,事实,中,枝头一串串含苞待放的白槐花,"国槐在七八月开花；四月开的成串白花是刺槐（洋槐），一般认为十九世纪末才引入中国（待查证）。第34章写的是""老国槐""，第39、40章更是满树盛开","改为""槐叶初展""，把槐花茶改成去年晒存的干槐米"
38,42,事实,中,这面粉是通州运河运来的新冬小麦,冬小麦要到芒种前后才收，四月中旬没有新麦,"改为""去年的冬麦"""
38,71/第33章·块52,事实,中,户部度支司的那群年轻书办,"明代户部下设十三清吏司，没有""度支司""","改为""户部山西清吏司""之类，或泛称""户部司官"""
38,14,错字,中,这炉饼刚贴进去半柱香,"应为""半炷香""",改正
38,9–10,逻辑,低,贴在了滚烫的青石板炉壁上 / 西山特产的耐火紫砂黏土,同一只炉子的炉壁，一处写石板，一处写泥,统一为泥炉壁
38,3,事实,低,经过菜市口，再折入琉璃厂西侧的槐树胡同，整整六千三百步,"南横街到琉璃厂约一两公里，六千三百步明显偏多；""菜市口""作为地名可能是清代的（待查证）",改为两千余步，地名核实
38,32,逻辑,低,今年开春以来，顺天府各县的伤寒发病率比嘉靖末年骤降了整整七成,明代没有发病率统计口径，才几个月也不可能见效,"改为""惠民药局说今春病人少了许多"""
38,85后第89行,格式,低,"""好，喝槐花茶，顺便看看你算错概率的笑话。""",此行缺少块号,补上块号
39,36–39,逻辑,高,清丈应天八府隐田整整七百四十万亩！追缴豪强拖欠赋税白银三百二十万两！ / 月港开埠首月……输入白银逾二百八十万两,"海瑞到任不足一月，月港开埠也才一个月，数字远超明代全年太仓收入（数百万两量级）；而且第35章说应天是""十府""，这里成了""八府""","数字压小一两个数量级，时间拉长，或改为""初步清出若干"""
39,40,事实,高,五岁的皇太子朱翊钧正跟着翰林侍读们启蒙读书,"朱翊钧隆庆二年才册立为太子，隆庆元年周岁四岁、虚岁五岁；他出阁讲学在隆庆六年；""地球仪""""四大洋""也显得超前","改为""皇三子钧儿""，读书一事删去或推后"
39,52,事实,高,提取温和牛痘浆液的提纯灭活法则,"牛痘是活病毒接种，灭活就失效了；""十年绝迹""也是夸大","删去""灭活""，写明需要逐臂传种和保存上的难题"
39,31–32,事实,中,内阁与通政使司加急封驳信函送达！……兵部通政司差役 / 八百里加急密件,"通政使司不隶属兵部，""封驳""是六科的职能，同城送信也谈不上""八百里加急""，缇骑又是锦衣卫的人","改为""张府家人送来书信"""
39,35,错字,中,会同户部、工部与督察院,"应为""都察院""",改正
39,9,事实,中,明前龙井雨花茶,雨花茶是二十世纪才创制的南京茶，而且与龙井是两种茶,"改为""明前龙井"""
39,70,事实,中,那是刚才煎茶时摄入过量茶多酚引起的心肌兴奋,让心跳加快的主要是咖啡因（茶碱），不是茶多酚；医学专家常灵珂顺着错误反驳，也不合身份,"两处都改为""咖啡因""，让常灵珂抓住这个错作为反击点，更显人物"
39,78/第38章·块80,逻辑,中,距第 40 章终章·烛尽仅剩最后 24 小时！,"系统报的是""章""名，属于元叙事穿帮；第38章（四月中旬）说还剩48小时，第40章却是四月三十日，倒计时对不上",删去章名，倒计时与日期对齐
39,46/51,逻辑,中,由紫檀木精雕细琢……【大衍九规算盘】 / 青铜医箱冰凉平滑的金属搭扣,第36章是红木算盘、楠木医箱，这里一个换成紫檀、一个换成青铜,统一材质
39,19–29,节奏,中,你是我灰暗理性宇宙中唯一永不熄灭的恒星,告白段落与第37、38章重复，灯塔、恒星、坐标一类比喻连续使用,删掉，把情感交给块59–70的克制写法
39,18,用词,低,每喝一口都要提心胆颤,"把""提心吊胆""和""胆战心惊""混成了一个词","改为""提心吊胆"""
39,0/4,逻辑,低,这般宁谧祥和的早春晨景,"四月下旬不是早春，块16又说""初夏""","统一为""暮春"""
40,80–91,逻辑,高,深空母舰【昆仑号】跃迁完毕……无限营地第三重防御圈发生空间坍缩,按全书设定，第二部星幕篇是三体宇宙（从红岸基地开始），第三部营幕篇是近未来的超级宿舍营。这里的星际母舰、执政官、无限营地与两部都冲突，像是被废弃的旧大纲,按第41章的实际开篇重写衔接段
40,66–77,节奏,高,全网 40 幕独立无重复段落 100% 完美达成！,元数据泄漏，结算框长达十二块，全是自我褒奖式的数值,"整体删去，或压缩为一句""明幕终了"""
40,7,逻辑,高,三年前他们初入这间院子时，门窗破败，蛛网密布,他们是隆庆元年二月下旬才搬进小院的（第34章），距今约两个月,"改为""两个月前"""
40,28/64,事实,高,内阁首辅张居正身着大红仙鹤补服,隆庆元年的首辅是徐阶，张居正万历初年才当上首辅；此时的品级也用不上一品仙鹤补子,"改为""张居正（时以侍郎入阁）""，补子改为""锦鸡""或不提"
40,38–40,节奏,高,四更四点，子正初刻。窗外宣武门方向的晨钟,"块38–39与块40几乎重复写了同一个时刻；""四更""与""子正""时间矛盾（子正是三更），半夜也没有晨钟","删去块38–39，时间统一为""三更""，去掉""晨钟"""
40,16,事实,中,织妇们没日没夜劳作十六个时辰,一天只有十二个时辰,"改为""八个时辰"""
40,20,事实,中,在台州与岑港横扫倭寇残部,岑港之战在嘉靖三十七年，台州大捷在嘉靖四十年，都早于隆庆开海，谈不上靠关税养军,"改为""闽粤余倭""，或删去"
40,48,逻辑,中,三千个日夜的相濡以沫,同章块4说的是一千零八十四个日夜,统一数字
40,45,用词,中,我当时拉你上马的决策包含着巨大的沉没成本风险,"""沉没成本""指已经付出、收不回的成本，这里用错；""无菌清创药膏""也治不了吸入的重金属；""两年前""与万寿宫大火的时间对不上","改为""巨大的下行风险""，药膏改为""螯合汤剂"""
40,31,错字,中,用特制封蜡蜜蜂密封的三支纯净青霉素菌种样本,"""蜜蜂""应为""蜂蜡""；另外应说""青霉菌种""，青霉素本身不是菌种","改为""以蜂蜡密封的三支青霉菌种"""
40,85,错字,中,最高执政官阁下、席医疗官阁下,"漏了""首""字","改为""首席医疗官"""
40,58,逻辑,中,原本患有慢性咳喘的老人忽然觉得胸口清爽畅通,同契突然有了治愈全城的能力，与此前的规则没有交代,删去，或在设定中预先埋下伏笔
40,21,事实,低,高翰文官拜大理寺正卿,"没有""大理寺正卿""这个官名，应为""大理寺卿""",改正
40,47后第51–52行,格式,低,"""毒死水牛需要零点五毫克……""",两行缺少块号；剂量逻辑也不对（水牛体重是人的数倍，文中剂量比例与常见毒物致死量都对不上）,"补上块号，改为""水牛要五克，分析师半克就够""之类的量级"
41,87,逻辑/错字,高,（人物对白，定位见块号）,这句话是雷志成说的，他没有理由口误说出“大明”，像是作者串台。,删去“生是大明……”，或改成白道微的内心联想。
41,56,逻辑,高,（人物对白，定位见块号）,这张照片要到第42章才拍，拍摄之前就夹在调令里，因果不通；而且合影和“寸照”也不是一回事。,删掉调令里的照片，把“因果闭环”留到第42章拍照时再揭示。
41,83,事实,高,（人物对白，定位见块号）,解放军1965年取消军衔，1988年才恢复。块45、第42章写的“六五式军服”恰好没有军衔标志，自相矛盾。,改成“见到直升机和随行的警卫，又认出杨卫宁胸前的国防科委证件”。
41,65–67,事实,高,（人物对白，定位见块号）,松香是绝缘体，用它引弧说不通；积雪不能燃烧；闸刀式低压配电箱里也没有“高压瓷瓶”。,改成用铜丝短接闸刀两端，保险丝熔断、全场断电，火花引燃的是旁边的油棉纱。
41,71–73,事实（医学）,高,（人物对白，定位见块号）,给意识不清的深低温病人经口灌药，误吸风险极高；樟脑口服有毒性；复温需要几个小时，写成几分钟就“沉稳有力的搏动”，与主角流行病学专家的身份不符。,改成去掉湿衣、裹毯子、贴身体温加上热水袋放在躯干，保持呼吸道通畅，不经口给药，只让她暂时脱离危险。
41,0–42,照搬/节奏,高,（涉及已出版作品，不摘录）,伐木、白沐霖借书、代抄信件、被出卖、程丽华逼签材料，这42块基本按原著顺序复述，主角完全缺席。,大幅压缩成一两段背景交代，从主角的视角切入，只保留新增的“冰水”一节。
41,72,错字,中,（人物对白，定位见块号）,穴位名应为“膻中穴”；“两股温热的生命元气”这种玄学描写也和人物的科学身份冲突。,改为“膻中”，删去“生命元气”。
41,47,事实,中,（人物对白，定位见块号）,1400帕接近真空，应为约1040百帕（hPa）。,改为“一千零四十百帕”，或者干脆删掉这个伪精确数字。
41,3/块11/块26,事实/连续性,中,（人物对白，定位见块号）,同一个兵团两种叫法，前后打架。,统一为一个兵团，建议作者自行核定。
41,80 / 第42章·块0,事实,中,（人物对白，定位见块号）,米-4是四叶主旋翼，第42章块0也写的是“四叶”；米-4用的是活塞星形发动机（第42章写成“涡轮活塞”“航空煤油”）。,统一写“四叶旋翼”“活塞发动机”“航空汽油”。
41,90,逻辑,中,（人物对白，定位见块号）,机上有叶文洁、杨卫宁、雷志成、白道微、常灵珂，是五个人。,改为“五个人”或“这几个人”。
41,19,事实,中,（人物对白，定位见块号）,加了引号，却不是《寂静的春天》的原话，容易误导读者以为出自原书。,去掉引号，改成叶文洁自己的读后感。
41,63,用词,低,（人物对白，定位见块号）,“脱水”用词不当，这里的意思应为脱去湿衣。,改为“复温、除去湿衣”。
41,43,文笔,低,（人物对白，定位见块号）,空洞的宏大句，“公元纪元物理维度”不通。,改为“同一时刻，林场后山的旧仓库里，两个人醒了过来。”
42,35,事实,高,（人物对白，定位见块号）,109乙机是中科院计算所1965年研制的晶体管计算机，不是电子管机（待查证具体元件数）。,改成泛称“一台电子管计算机”，或者保留109乙机但改写为晶体管机的故障（焊点、插件接触）。
42,41,事实（医学）,高,（人物对白，定位见块号）,微波属于非电离辐射，主要是热效应，不会导致骨髓抑制；常灵珂在块45自己也说“属于非电离辐射”，前后矛盾。第43章块23的“放射性白细胞减少症”也是同样的问题。,改成热损伤、白内障风险、睾丸热损伤；白细胞和牙龈出血的症状删去，或另找病因（营养不良）。
42,39,逻辑/错字,高,（人物对白，定位见块号）,1969年雷志成不可能知道叶文洁以后会嫁给杨卫宁，又是一处作者串台。,删去“杨总工的爱人……”。
42,61,逻辑,高,（人物对白，定位见块号）,杨卫宁是总工，雷志成是政委，第44章又由雷志成亲自出示真实立项文件，说他们不知情说不通；而且主角一进基地就剧透了整个计划。,改成“除了少数核心人员，大多数人以为……”，白道微的判断要基于观察来推断。
42,79,事实/设定,高,（人物对白，定位见块号）,1969年地球还没发出任何信号，舰队不可能已经启航；第48章块70又写舰队“整装待发”，前后矛盾。,改为“四光年之外，一个在三颗太阳下挣扎的世界，还不知道地球的存在”。
42,78,连续性,高,（人物对白，定位见块号）,第1章写的是“北极光”探案馆里“天枢”包厢外的镜框；而且第43章又重新拍了一次这张照片。,统一照片的出处，并删掉两次拍摄中的一次。
42,37–48,逻辑/人物,高,（人物对白，定位见块号）,主角全知全能，雷志成几分钟内从猜疑变成敬礼、封官，反派沦为工具人。,让主角先获得一个试用期或观察期，用一次具体的抢修来赢得信任；雷志成保留戒心。
42,7,事实,中,（人物对白，定位见块号）,从4000米降到1180米，氧分压大约只增加40 mmHg；“八十”接近总压差的数量级。,删除这个数字，或改为“约四十毫米汞柱”。
42,16,事实,中,（人物对白，定位见块号）,积雪不会“黑焦”，树桩碳化、飞鸟瞬间焦化都过于夸张；如果真有这种强度，地面人员早就死了。,保留“附近偶有死鸟”这一个意象就够了。
42,4,逻辑,中,（人物对白，定位见块号）,飞行中在机舱里用明火，靠近燃油，是严重违规。,改为地面预热，或者干脆删掉。
42,5/块9,文笔,中,（人物对白，定位见块号）,白道微靠耳朵就能读出气门频率、排温，伪精确的数据反复出现，削弱了真实感；块9的“零点五焦耳”也说不通（人体每秒散热约100焦）。,每场戏最多保留一处计算，数字要可信。
42,59,逻辑,中,（人物对白，定位见块号）,问讯室那场对话里根本没有涉及频段和功率。,在问讯室那场戏里补一句雷志成的失言，或改为白道微从设备铭牌上看到。
42,10,文笔,低,（人物对白，定位见块号）,这是总结式的抒情段落，前面的对话已经表达清楚，属于空转。,删去整段。
43,2起,人物/连续性,高,（人物对白，定位见块号）,女主角突然从常灵珂换成常梦云，没有任何交代，第41–42章的同契和【先见】也全部消失；1969年也不存在“将官”大衣。,请作者确认这是否是旧稿混入（见E1）；如果保留，必须在第43章开头正面交代换人机制。
43,2/5/19/43,文笔,高,（人物对白，定位见块号）,每次出场都用大段男性凝视的身体描写，“玉腿、玉指、凤眸、傲娇”高频重复，与前文常灵珂的冷静专业形象风格割裂。,用她的动作和专业判断来塑造人物，外貌描写一次一句为限。
43,30,设定,高,（人物对白，定位见块号）,叙述里直接出现“主线女主”这类元小说术语，出戏；而第41–42章明明是常灵珂本人陪他进入红岸。,删去“主线女主”；换人机制请作者统一（见E1）。
43,44/46,连续性,高,（人物对白，定位见块号）,照片在第42章已经在保密室拍过一次，这里又在室外重拍；地点写法也出现了第三种。,只保留一次拍摄。
43,93,逻辑,中,（人物对白，定位见块号）,块43写她站在叶文洁身侧，“遮挡”着叶文洁，并没有后退。,在块43补写她后退半步的动作。
43,50,事实,中,（人物对白，定位见块号）,DJS-130是1970年代中期的产品，1969年还不存在，用它作对比属于时代错位。,改为“比当时国内已有的晶体管机还要原始”。
43,9,事实,中,（人物对白，定位见块号）,海拔1180米的正常气压约880 hPa，680 hPa相当于海拔3000多米。,改为约880百帕，或删去。
43,57/块60,连续性/事实,中,（人物对白，定位见块号）,与第41章“研究生师兄、青年学者”矛盾；拉普拉斯变换当时在苏联教材里很常见。,统一杨卫宁的身份，删去“绝不是……”一句。
43,61,连续性,中,（人物对白，定位见块号）,第41–42章白道微是从总参借调来的，并没有林区经历，第44章块58“林区海外关系”也同样冲突。,统一白道微在这一幕的公开身份。
43,74,连续性,中,（人物对白，定位见块号）,前两章写红岸归总参、国防科委，这里改成了二炮。,统一隶属关系。
43,89,逻辑,低,（人物对白，定位见块号）,为什么戴防毒面具，文中没有交代。,补上原因或删去。
43,90,事实,低,（人物对白，定位见块号）,前文一直写速调管，这里混成了磁控管。,统一为速调管。
44,98–108,文笔/尺度,高,（人物对白，定位见块号）,大段露骨的性描写，与全书整体基调严重不符，而且放在叶文洁刚面临立场抉择的节点上，冲淡了主线；作为个人网站公开发表也要考虑读者群。,建议改成暗场处理：门闩合上、灯灭，第二天一个细节暗示即可。
44,82/块137,设定,高,（人物对白，定位见块号）,常梦云有大明的记忆，说明她就是常灵珂；块137却说她是另一个“同样的常氏血脉”的女子。同契下另结情缘，也没有任何交代。,统一：要么她就是失忆的常灵珂（换了名字），要么删掉她的大明记忆。
44,24–25,事实,高,（人物对白，定位见块号）,半人马座α星在北纬50°附近永远处于地平线以下（上中天高度约−21°），红岸天线无法对准它；第48章块49同样有这个问题。,必须做设定处理：比如信号经太阳放大、全向发射，不需要对准α星；接收时捕获的是太阳方向或旁瓣。或者作者另给解释。
44,48–51,照搬,高,（涉及已出版作品，不摘录）,立项文件的标题、批示和“总纲”格式，疑似与原著红岸文件高度相近（待作者比对）。,改写成原创的文件格式和批语，只保留“接触外星文明”这一设定。
44,28,事实,中,（人物对白，定位见块号）,“水洞”一词一般认为出自1971年前后的Cyclops研究（待查证），1969年就用有时代错位之嫌。,改为“后来被称作‘水洞’的频段”。
44,20–21,事实,中,（人物对白，定位见块号）,极轨本身就是高倾角，“低倾角极轨”自相矛盾；地平式天线跟踪恒星时，仰角是会变化的。,改为“高倾角轨道”；恒星时跟踪写成“按恒星时匀速转动”即可。
44,65,事实,中,（人物对白，定位见块号）,德雷克公式估算的是文明数量，不是概率，而且保守估算的结果可能远小于1。,改为“乐观的估算给出成千上万个文明，悲观的只有一个——我们自己”。
44,72,人物/节奏,中,（涉及已出版作品，不摘录）,1969年白道微就向叶文洁完整讲出了原著后期才揭示的核心理论，既剧透，又削弱了叶文洁后来选择的戏剧性。,只点到“文明间可能互为威胁”，不要系统讲述。
44,66,连续性/错字,中,（人物对白，定位见块号）,人名应为“白沐霖”；妹妹的死法（“从高楼坠落”）与第41章块4的“流弹”矛盾；父亲死在“操场”，第41章写的是“物理系草坪”。,统一。
44,54,连续性,中,（人物对白，定位见块号）,第42章块38写雷志成是“行伍出身的政治军官”。,统一雷志成的出身。
44,31,人物,中,（人物对白，定位见块号）,女主的专业是流行病学，这里变成了法医和毒理学家。,统一专业设定。
44,70,事实,低,（人物对白，定位见块号）,大兴安岭没有雪豹，应该换成猞猁或狼。,改为猞猁。
45,33–38/块104,时间线,高,（人物对白，定位见块号）,第44章是1969年12月，本章是1971年深秋，中间隔了约两年，却写成“昨晚”“数小时前”，还提到“昨夜留下的牙印”。,删去“昨晚”类措辞，或者把第44章那一夜挪到1971年。
45,56,照搬,高,（涉及已出版作品，不摘录）,这段致辞疑似与原著中的红岸标准信息近乎一致（待作者比对）。,由作者重写为原创文本，或只概括内容、不写全文。
45,44,事实,高,（人物对白，定位见块号）,深秋北纬约51°，太阳正午高度也只有20°左右，下午三点半接近日落，天顶角应在85–90°；而且下文写的是“落日”，数字与画面互相矛盾。,改为“太阳仰角只剩五度左右”。
45,9/块12/块62,事实,中,（人物对白，定位见块号）,“每秒……瓦”单位重复；1971年全球总功率约为10¹³瓦量级，不是10¹⁵；把太阳全部光度都变成一个射电脉冲，也超出了“放大”的合理范围。,改为“太阳的功率约四乘十的二十六次方瓦”，放大后的功率写成“远超人类全部发电能力”即可。
45,60,事实,中,（人物对白，定位见块号）,太阳的平均磁场约1高斯，黑子处约数千高斯。,改为“数千高斯的黑子磁场”。
45,103,连续性/史实,中,（人物对白，定位见块号）,前文第4–5章的西苑大火在嘉靖四十年，史实中的永寿宫火灾也是嘉靖四十年。,改为“嘉靖四十年”。
45,25–26,照搬/人物,中,（涉及已出版作品，不摘录）,太阳研究因政治敏感被否决，这一情节疑似沿用了原著的桥段；主角在这场戏里完全缺席。,让白道微参与论证，或改用其他否决理由。
45,37–41/块88,逻辑,中,（人物对白，定位见块号）,前后给的时间不一致（白道微算的是4分钟）；往排风道里喷四氯化碳会让士兵真的中毒，主角的伦理代价没有交代。,统一时长，并补一句常梦云对毒性的控制和心理负担。
45,26/第46章·块8,连续性,中,（人物对白，定位见块号）,第41章写他是“研究生师兄”，第46章写叶文洁是他的“女弟子”，而恩师是叶哲泰。,统一两人的关系。
45,80,逻辑,中,（人物对白，定位见块号）,块4写的是论文里的观测，这里突然变成了“红岸的日凌干扰”，前提被混淆。,统一来源。
45,64,事实,低,（人物对白，定位见块号）,由近到远的顺序应为天王星、海王星。,调换顺序。
45,93/块62,逻辑,低,（人物对白，定位见块号）,与块62的“向四面八方扩散”矛盾。,二选一。
46,48,连续性,中,（人物对白，定位见块号）,婚礼在食堂办，那里没有床。,改为“静坐长凳一端”。
46,39,事实/连续性,中,（人物对白，定位见块号）,“日光牌”这个德国品牌存疑（待查证，常见的德国品牌有Faber-Castell、Aristo、Nestler）；“在林区旧机修厂的废品堆里淘到”，与他四年封闭在基地的处境不符。,换成真实品牌，来源改为从北京托人捎来。
46,35,用词/逻辑,中,（人物对白，定位见块号）,“老达子”指谁没有交代，而且这个词历史上带有对少数民族的贬义。,改为“鄂伦春的老猎户”。
46,78,事实,中,（人物对白，定位见块号）,周日漂移来自地球自转；在1.4 GHz下自转造成的多普勒幅度约为千赫量级，“四十五赫兹”偏小；第48章又写成“每小时四点三赫兹”。,改为“以一天为周期、上下漂移约一两千赫兹”，第48章同步修改。
46,50,文笔,中,（人物对白，定位见块号）,把审讯室的冰水和父亲死去的台阶两个场景混在一起，比喻混乱。,改为“早在四年前那桶冰水里就冻透了”。
46,51,文笔,低,（涉及已出版作品，不摘录）,伪精确的概率，白道微的台词公式化。,改为“至少能让保卫部下手前多掂量一下”。
46,56,逻辑,低,（人物对白，定位见块号）,婚礼描写里只有敬茶，没有提到酒。,在前文补一句有人带了酒。
46,30,文笔/事实,低,（人物对白，定位见块号）,花瓶不会让室温下降；“五七式高射炮”的型号存疑（待查证）。,删掉这句计算。
46,85–86,连续性,低,（人物对白，定位见块号）,两人已经回到室内，结尾又切回雪地足迹，场景跳跃。,删去块86第一句。
47,45,史实,高,（人物对白，定位见块号）,严世蕃从未当过首辅（首辅是他父亲严嵩），嘉靖四十四年在西市被斩首。,改为“严世蕃……最后还是在西市掉了脑袋”。
47,58–72,连续性,高,（人物对白，定位见块号）,前文写的是木箱里一只受伤的小雀，这里突然出现了摇篮、婴儿“冬冬”和电暖气片，没有任何引入；而且“四年多的婚姻”算错了（1973年底到1976年只有两年多）。,补写女儿出生，把婴儿自然带入场景；改为“两年多”。
47,71,事实,中,（人物对白，定位见块号）,Alt键和F功能键组合是1980年代PC的产物，1970年代的DJS-130终端不会这样操作。,改为控制台上的一个拨动开关，或一段纸带指令。
47,19–20,连续性,中,（人物对白，定位见块号）,周一和周三矛盾。,统一。
47,43–44,文笔,中,（涉及已出版作品，不摘录）,连续两段都是白道微在说话，而且“偏执狂躁症前驱”不是规范诊断，更像常梦云的台词。,改由常梦云说出，删去病名。
47,77–79,时间线,中,（人物对白，定位见块号）,1971年深秋加上8.44年，是1980年春；而且1976年春到1979年春是三年，不是“不到两年”。,统一回信时间（见第48章）。
47,1,事实,低,（人物对白，定位见块号）,林鸱是美洲热带鸟类，大兴安岭没有；“数千亩红松林”也与第43章“峰顶寸草不生”矛盾。,改为“松鸦、星鸦”，删去红松林。
47,25–31,节奏,低,（人物对白，定位见块号）,后门描写重复了三遍（发现、追线、反汇编），比喻也混乱（火山口、电网）。,合并成一段。
48,56–66,照搬,高,（涉及已出版作品，不摘录）,1379号监听员的回信正文，疑似按原著近乎逐句照搬；主角在这里只是在旁边看。,只保留概括（“一个自称和平主义者的监听员警告地球不要回答”），不写全文；可以加入主角独有的解读视角。
48,5,照搬,高,（涉及已出版作品，不摘录）,叶文洁的孤独独白疑似与原著的名段高度相近（待作者比对）。,重写成原创意象。
48,0/块20/块100,时间线,高,（人物对白，定位见块号）,同一章里季节自相矛盾；块11、块13按8.42–8.44年推算，应在1980年春。,统一为一个日期，并按1971年深秋加8.44年核算。
48,49,事实,高,（人物对白，定位见块号）,半人马座α星在大兴安岭永远处于地平线以下，天线不可能在这个方向接收到信号。,同第44章的处理方式。
48,75–78,逻辑,高,（人物对白，定位见块号）,按第47章块28的设定，后门在收到信号的第一时间就会触发，不可能等四个小时之后；块88又说“五个小时”。,让后门在信号到达时就触发，把应对的时间窗压到几分钟。
48,89/块96–97,人物/逻辑,高,（人物对白，定位见块号）,主角明知回应的后果（第42章已经点破），却协助隐藏数据，旁观叶文洁去回复，动机完全没有交代。,补写主角的内心抉择，比如因果闭环不可违、他们试图阻止而失败，或者某种交换条件。
48,7–8,照搬/时间线,中,（涉及已出版作品，不摘录）,这是沿用原著的见面桥段，被挪到了回信之前；她身在绝密基地，“陪同出差”回北京的可能性也需要交代。,删去，或改写为原创情节。
48,15,逻辑,中,（人物对白，定位见块号）,解码之前，白道微就用了三体人的专有术语“恒纪元”。,改为“稳定的气候期”。
48,14,事实,中,（人物对白，定位见块号）,前面说两颗黄矮星，后面又说B是橙矮星，自相矛盾。,改为“一颗黄矮星、一颗橙矮星”。
48,70,设定,中,（人物对白，定位见块号）,与第42章块79“舰队已在航行”矛盾，也提前剧透了尚未发生的事。,删去，或写成“正在筹备”。
48,32,逻辑,中,（人物对白，定位见块号）,接收到信号不会点亮发射机的功放管；1976年改造后，计算机也已经是晶体管机。,删去这一段。
48,31,错字/格式,低,（人物对白，定位见块号）,句末多了一个右引号；“光学共振腔”应为微波谐振腔。,删掉多余的引号，改为“微波谐振腔”。
48,17,人物,低,（涉及已出版作品，不摘录）,医生在讲解脉泽技术，台词分配不当；而且1.5K与块3的“零下二百六十九度”（4.2K）不一致。,改由叶文洁讲，温度统一。
49,19–20,照搬,高,（涉及已出版作品，不摘录）,叶文洁发出的回复电文与原著几乎逐字一致，是原著标志性文本,改写成本书自己的措辞，或者只写“她敲下的两句话”，不直接给出全文
49,46,事实,高,极其果断地扎入叶文洁的人中与合谷穴,常梦云刚诊出喜脉，随即针刺合谷。合谷是中医传统妊娠禁针穴，一个“医官世家”的人犯这种错是硬伤,改为人中加内关，或按压人中、灸百会，并让常梦云自己点一句“合谷孕妇不可刺”，反而能显出专业
49,58/91/86/82,逻辑,高,就在三个小时前，她已经利用晨曦的太阳能量镜面,时间线自相矛盾：发射在日出时分，醒来时写“两个小时之前”，下午三点见雷志成时又写“三个小时前”（应约九小时）；雷志成先说“昨晚”截获，后说“今天凌晨三点四十一分”,统一成一条时间轴：凌晨截获，日出发射，上午醒来，下午三点对质
49,72/76/84–86,事实,高,被碎纸机绞烂的热敏纸碎屑,1979年的中国军事基地出现碎纸机、热敏打印、硬盘、固件烧录、十六进制寄存器转储、独立终端，全是时代错位,换成当时的器材：穿孔纸带、宽行打印机、磁鼓/磁芯存储、手抄的值班日志
49,21,事实,中,两句话，四十七个汉字字符,块19–20两句实际共39个汉字（连标点43个），数字对不上,删掉具体字数，或改为正确数字
49,73/85,事实,中,沈阳六零一所的磁带录音旁路,601所通常指沈阳飞机设计研究所，不做电子监听（待查证）；另外，两位主角凭什么知道政委办公室的窃听头藏在哪一格书柜，全书没有交代,换成虚构的“某电子所”；给主角一个信息来源，或者删掉这个细节
49,42,事实,中,核心体温将跌破三十四度致死阈值,34℃属轻中度低体温，不是致死阈值（重度低体温一般指<28℃）；拿滑尺比对颈动脉搏动也不合常理,改为“跌破三十二度就进入危险区”，删掉滑尺
49,47,事实,中,按胎盘血液动力学负荷，急性早孕反应,孕6周胎盘尚未成形，这个术语用错了；“千分之一秒内检索”也是套话,改为“早孕加上低温和精神应激”
49,27,事实,中,化作一圈圈不可阻挡的引力波与强电磁狂潮,太阳放大的是电磁信号，不产生引力波；叙述者此时就说出“黑暗森林”，也提前泄露了后文概念,删掉“引力波”，把“黑暗森林”换成中性说法
49,59,逻辑,中,在四百年后的某一天，当三体舰队那庞大冰冷的钢铁战舰,1979年的叶文洁只知道对方在四光年外，不可能知道舰队的航程和年限，这是叙述者的全知信息漏进了人物视角,改为“不知多少年后”
49,40/43/45/46,人物,中,（涉及已出版作品，不摘录）,在救人的紧急场面里反复用网文式外貌词形容常梦云（高挑优雅、绝美、美眸、凤眸、红唇），削弱了专业感，也打断节奏,全删，保留动作和台词即可
49,106/108,人物,中,那么积分结果将收敛于一个奇点,白道微只会说伪科学格言，而且说法本身自相矛盾（“收敛”和“奇点”放在一起），他在人物上等于只剩一种语言功能,这里让他说一句朴素的人话，反差更有力量
49,8/47/51,逻辑,低,杨总工去齐齐哈尔开协调会,白道微那段又写杨卫宁“从北京公干归来”，与“齐齐哈尔”冲突,统一为齐齐哈尔
49,93,用词,低,抽出一支未拆封的牡丹牌香烟,单支烟无所谓“拆封”,改为“新拆的一盒牡丹里抽出一支”
50,26–46,照搬,高,（涉及已出版作品，不摘录）,以接地故障为由骗雷志成下崖、杨卫宁坚持同去、两人挂在同一根绳上、叶文洁割绳，这一核心桥段顺序与原著一致，主角全程不在场,保留也可以，但要加入本书独有的变量，比如主角在场却选择不阻止，并写出这个选择的代价
50,50,事实,高,仅仅四秒半的重力加速度之后,自由落体约三百米需要约7.8秒，四秒半只够落约一百米；崖高还前后写成三百五十米（块15）和三百米,改为“七八秒后”，崖高统一
50,84–88,逻辑,高,悬崖上的断绳断面，我下午已经用工兵氧乙炔喷枪,绳子有上下两个断头。常梦云只处理了绞盘那一端，随尸体坠落的下半截断头也带锯痕，搜救队四小时后已经带回；此外，一个基地卫生所医生不可能取代军区专案组的法医。掩盖计划漏洞太大,让白道微在搜救时抢先处理下半截；让军区来的法医是个疲惫敷衍的人，或者是常梦云的熟人
50,58/71/74,人物,高,傲人的曲线在白大褂下剧烈起伏,在停尸房、谋杀真相揭开、杨卫宁遗体就在旁边的场面里，写常梦云的身材曲线和“双腿优雅交叠”，严重失当,全部删除
50,5,事实,中,那台惠斯通双臂直流电桥,双臂电桥是开尔文电桥，惠斯通电桥是单臂的；电桥是测量仪器，也不会充当报警表,改为“接地电阻监测表”
50,4,事实,中,螺母在两百二十牛·米的原始锁紧力矩下,用十二寸活扳手拧松220牛·米，需要约七十多公斤的力，一名刚晕倒的孕妇很难做到,降低力矩数值，或写她借助加力管
50,6,事实,中,共和国最高科学技术奖章与政治局的橄榄枝,国家最高科学技术奖2000年才设立，1979年不存在；“将官呢呢大衣”多了一个“呢”，基地政委穿将官服也不合适；莫合烟是散烟丝，不论“盒”,改为“一等功、进京高升”；删掉“将官”
50,86/97,逻辑,中,你肚子里的孩子——不管是杨冬还是别的什么——她,常梦云和白道微在孩子出生前就叫出“杨冬”，还知道是女孩，这是穿越者的元知识，但叶文洁毫无反应,让叶文洁追问一句，或者改成模糊的说法
50,96,逻辑,中,（涉及已出版作品，不摘录）,常梦云是穿越进来的人，这段“当年打仗”的前史从哪里来，需要交代（与原著中叶文洁在齐家屯生产的情节相呼应）,补一句身份设定，或删掉
50,41–42/45–48,文笔,中,不过是必须支付给热力学熵增的一粒燃料,高潮段落堆叠伪科学比喻（熵增、高分子剪切形变、微米级单丝），把情绪冲淡了,删掉比喻，只留锯条的声音、绳子的抖动和她的手
50,61–62,事实,低,间距严格等于一点二毫米……标准十八牙,十八牙（每英寸18齿）的齿距约1.41毫米，和1.2毫米对不上,统一为“约一点四毫米”
50,0/15/18/50,事实,低,三百五十米的玄武岩大断层,同一座崖，岩性一会儿写花岗岩，一会儿写玄武岩；冻土的介电常数说法也不准确（待查证）,统一岩性，删掉介电常数那句
50,84,错字,低,基桩卫生所钢印公章,“基桩”应为“基地”,改正
50,71,逻辑,低,刚才出门前还特意从招待所给她带了个热烤红薯,块20说杨卫宁是从卫生所回来,统一地点
51,19,照搬,高,（涉及已出版作品，不摘录）,杨冬遗书与原著名句几乎一致,改写成本书自己的遗言，或只写“那句后来传遍物理学界的话”
51,29–46/48–50,照搬,高,（涉及已出版作品，不摘录）,丁仪的台球演示、射手假说（十厘米靶孔）、农场主假说（上午十一点喂食）基本按原著复述，白道微只是替代了原著里听讲的人,压缩成一段转述，把篇幅留给主角的原创判断
51,8–9/42,事实,高,高能物理研究所大型正负电子对撞机实验基地,同一设施一会儿叫正负电子对撞机，一会儿叫超高能强子对撞机，块42又写成固定靶实验（质子束撞靶）；良乡是真实地名，而本书第54章起又改用“良湘”,统一为虚构设施和虚构地名“良湘”，粒子类型保持一致
51,51/5/73,逻辑,高,前天杨冬出事后，汪淼也接到了科学边界的邀请函,杨冬是“昨天”死的，这里说“前天”；常伟思又说邀请是“三天前”发出的，三处互相矛盾,统一成“杨冬死后次日”
51,43,事实,高,在零下两百七十度的液氦管道里爬了整整一周,人不可能进入液氦温区的管道，检修必须先回温,改为“停机回温后逐段检查”
51,4/6/69/86,人物,高,（涉及已出版作品，不摘录）,白道微和常灵珂的每句台词几乎都附带一个假精确数据（电网频率偏差、脑部供氧下降4%、维持体温8.6小时），模式单一，读者会疲劳,每章最多保留一处“数据型”台词，其余改成日常口语
51,13,事实,中,角膜晶莹透明……对强光刺激无任何反射,死后约一天角膜通常已经混浊；给尸体检查瞳孔对光反射、“切脉”都没有意义,改为“角膜轻度混浊，尸斑固定”之类的法医观察
51,35,事实,中,将重达数百斤的硬木台球桌……生生拖拽了半米,标准斯诺克台是石板台面，重一吨以上，一个醉汉拖不动；块30写“两颗母球”也不对，母球只有一颗,改成小号美式台，写他用肩顶着挪动
51,64,事实,中,南美甚大天线阵,甚大天线阵（VLA）在美国新墨西哥州，不在南美；2007年也谈不上“全息电子显示墙”,改为“智利阿塔卡马的观测站”，或删掉
51,27/85,人物,中,美籍日裔女物理学家，名叫申玉菲,汉名配“美籍日裔”本身就别扭，后文大史又叫她“日本娘们儿”，国籍设定不清,明确她的国籍和族裔
51,75–76,逻辑,中,还是在亲手为全人类编织一副无法挣脱的纳米绞索,白道微用来说服汪淼的这句话逻辑不通（纳米丝和绞索有什么关系？），汪淼却被“惊雷”击中，转变缺少动机,让汪淼被杨冬之死或个人利害说动
51,85,错字,低,到底在耍什么妖蛾子,应为“幺蛾子”,改正
51,57,逻辑,低,代号：古筝前奏,“古筝”是后文行动的代号，现在出现属于剧透，也不合时序,换成别的代号
52,0–24/38–52/74–77,照搬,高,（涉及已出版作品，不摘录）,胶片倒计时、视网膜倒计时、申玉菲逼停纳米项目、魏成、史强的招牌论断，全部按原著顺序展开；大史的台词是原著名句的近似改写,至少把史强那句核心台词换成本书自己的话，并删减重复的场景
52,6/8/9,逻辑,高,1205:41:28……1205:41:14,后海、雍和宫、纳米中心三地的照片间隔只有十四五秒，同一个人不可能在这么短的时间里拍完三处,改成同一地点连拍，或把数字差改成几十分钟
52,66/20/33/55,逻辑,高,向着无底深渊疯狂跳动了整整十八个小时,从视网膜上第一次出现的1198:32:05到停止时的1191:08:19只有约7小时24分；医院场景（1194:12）推回去对应的是凌晨四点半，而那时汪淼正在吃羊杂；胶片是“昨天清晨”拍的，数字却只比眼中早约7小时,按倒计时重新推算整条时间轴
52,11,事实,高,在光学放大四百倍的物镜视场下……直径不超过五纳米,光学显微镜的分辨率极限约两百纳米，看不到5纳米的颗粒,改为“显微镜下笔画边缘锐利得不可思议，完全没有扩散晕染”
52,34–35,事实,高,（涉及已出版作品，不摘录）,眼底相机拍不到“只有汪淼看得见”的影像；受激辐射、切伦科夫微波辐射这些概念都用错了。主角等于用伪科学提前揭示了原著的悬念,让白道微承认“仪器什么都没测到”，这样更恐怖
52,42,事实,高,哪怕你把天河一号的全部浮点算力耗尽,“天河一号”2009年才发布，2007年不存在,改为“曙光4000A”或“全国所有超算”
52,54,事实,高,卧式超高真空分子束外延生长炉……三千万伏特超高压静电场,碳纳米管一般用化学气相沉积（CVD）生长，不用分子束外延；三千万伏特是荒谬的数字；块58又变成“单晶碳化硅靶材”，材料前后不一,改为“CVD生长炉”，删掉电压数字
52,12,事实,中,定影液里的还原剂分子,还原剂在显影液里，不在定影液里；“违反热力学第二定律”属于误用,改为“显影液”，删掉热力学那句
52,15/17,事实,中,又翻出一台全机械的海鸥DF双反相机,海鸥DF是135单反，不是双反；在黑白暗房里二十分钟冲出富士彩色胶卷不现实；2007年的数码单反也没有“千兆像素”,改为“海鸥4B双反，装黑白卷”，删掉“千兆像素”
52,37,事实,中,刺入汪淼耳后的神门穴与翳风穴,神门在腕部（耳穴神门在三角窝），不在耳后；“神经阻滞抑制心律不齐”也属于臆造,改为“内关、神门（腕）”
52,83,逻辑,中,大半夜的不睡觉,白道微打电话大约在下午两点，沙瑞山却说“大半夜”,改为“大白天的”
52,84/13,事实,中,需要接入米波综合孔径射电望远镜阵列的厘米波低噪放前置机,密云28面天线是米波阵，测不了厘米波段的微波背景辐射，这个请求本身自相矛盾,改为“借用站里单独的厘米波辐射计”
52,84/ch51块32,设定,中,协和医院的常灵珂医生,常灵珂的身份前一章是“公安部特聘毒理专家”，这里是协和医生，眼科、法医、针灸无所不能,定下一个身份，其他技能要有交代或削减
52,30,事实,中,最后仵作开颅验尸,明代仵作的检验以体表为主，不做开颅；这类“嘉靖轶事”都是虚构，却以史实口吻说出,改成“我在那边见过”，用主角的亲身经历替代伪史
52,87–89,事实,低,七颗子弹……六斤重的生铁枪柄,五四式弹匣容量8发，全枪约0.85公斤（不到两斤）,改正
53,89,事实,高,大爆炸最后散射面的物理表面积至少达到十的五十四次方平方光年,按四百六十亿光年的半径计算，表面积约为10²²平方光年，差了约32个数量级；“超光速10²⁶倍”“零点一飞秒真空衰变”也是乱写,删掉数字，用一句定性论证：“最后散射面上相隔几百亿光年的点，不可能约好同一秒一起闪”
53,92/25,事实,高,风云二号气象卫星与同步轨道海洋卫星的数据回传延迟,风云二号载荷以可见光和红外扫描辐射计为主（待查证），不带微波辐射计；海洋水色卫星在低轨、做光学观测；地球同步轨道的回传延迟本来就有约0.12秒，拿这个延迟推断干扰源位置，论证不成立,换成地面多站的相位或视差论证
53,13/17/73,事实,高,高灵敏度的微波馈源都在零下二百六十九度的超低温液氦环境中,米波阵列的馈源不需要液氦制冷；观测波段在同一章里一会儿3.2厘米、一会儿7.3厘米，与“米波”三处互相矛盾,统一成“站里另有一台厘米波辐射计”，删掉液氦
53,59–68,事实,高,第二组等宽脉冲持续三微秒,莫尔斯码解码描写与实际编码不符（例如数字1应为一短四长）；肉眼能看见的明暗节奏不可能是微秒级脉冲,简化为“按莫尔斯码读出一串数字”
53,33,逻辑,中,以及四个成年人粗重压抑的呼吸声,控制室里有五个人（加上沙瑞山）,改为“五个人”
53,100,事实,中,拿全中国十四亿老百姓的骨头碴子斗,2007年中国人口约13.2亿,改为“十三亿”
53,104,逻辑,中,一抹苍凉微弱的晨曦正刺破燕山山脉,闪烁发生在凌晨一点，十二月的北京七点半左右才日出，中间五个多小时没有交代,加一句“直到天亮他们都没离开”，或改为夜色
53,2/5/ch51块84/ch52块74,人物,中,二十年前老子在滇缅边境抓毒贩,大史的“二十年前”同时是滇缅边境缉毒、老山排雷、侦察兵猫耳洞，而第52章又说他干了二十年刑警，履历打架,列一张大史的年表，统一口径
53,9/ch52块30/ch54块22,节奏,中,大明嘉靖二十年，京师钦天监监正因荧惑守心夜观星象发狂,连续三章，白道微和常灵珂各讲一个嘉靖年间的“轶事”来开导人，套路重复，而且是编造的伪史,全段最多保留一次，写成主角在明幕中的亲历
53,88/96,人物,中,你的相对论基础物理常识全喂了野狗吗,白道微一向冷静克制，这里突然咆哮辱骂；常灵珂也嘲讽汪淼“吓得尿裤子”。主角对受害者刻薄，读者难有好感,语气降两档
53,77,事实,低,银河横亘在天鹅座与仙后座之间,十二月凌晨一点，北京的天鹅座已经落到地平线下（待查证），冬季银河应经过御夫座、双子座、猎户座一带,改为冬季星座
53,83/98,逻辑,低,大史，把你嘴里的烟头掐了,常灵珂在阳台上对大史说话，可大史要到块98才踹门上阳台,调整顺序
53,8/ch52块34,设定,低,在他金丝眼镜的镜片表面,白道微的眼镜在第51、52、54章是“无框纯钛”，这里变成金丝,统一
54,16,照搬,高,（涉及已出版作品，不摘录）,块16基本就是原著史强的名句，而且紧接着第52章块77再次出现,删掉一处，另一处改写成本书自己的说法
54,42–46,节奏,高,你跟汪教授他们谈谈你的台球实验,丁仪的台球实验在第51章已经完整演过一遍，这里重演,删除，改为一句“丁仪把台球那番话又对汪淼说了一遍”
54,46,逻辑,高,随后她就喝下了那整瓶剧毒的氰化钾,第51章块14写的死因是异戊巴比妥（安眠药）过量,改为安眠药
54,23/41/ch51块24,逻辑,高,三十八名自杀者在临死前四十八小时内,第51章是“九人、不到两个月”，几天后变成“三十八人、两周内”，常灵珂又说是“近半年”；块41说所有遗书“惊人一致”，与块23“高频词是无意义、坍塌”互相矛盾,统一人数和时间窗，只让杨冬留下那句话
54,68/70/79,逻辑,高,静静陈列着三套通体漆黑……全沉浸V装具战衣,只有三套战衣，常灵珂只给三个人贴了贴片，进舱的却是“四人”“四具”；第56章块0也写三套,改为四套
54,22,事实,中,四百五十年前的嘉靖二十年,嘉靖二十年是1541年，距2007年约466年，而且与第53章白道微的“嘉靖二十年”雷同,改年份，或删掉这段
54,27,逻辑,中,杨冬、简·奥本海默、曼斯菲尔德,第51章列出的自杀学者名单里没有这两个人,用第51章的名字
54,45,设定,中,良湘、日内瓦、巴达维亚,第51章写的是“良乡”，本章改成“良湘”,全书统一
54,65,逻辑,中,必须搭载全沉浸式神经感应力反馈‘V装具’,一款面向公众的网络游戏，却要求“总装备部绝密战衣”才能运行，自相矛盾,改为“市售V装具，军方用的是改装版”
54,70,事实,中,贴片内置了纳洛酮微泵与迷走神经保护电路,纳洛酮是阿片受体拮抗剂，对癫痫和室颤没有作用,改为“地西泮”或“除颤触发”
54,53–57,逻辑,中,白道微同志任计算与理论情报首席科学家,两个没有履历交代的人被直接任命为首席，读起来是权力幻想，缺少说服过程,给出任命的理由，或降格为顾问
54,52,病句,低,正式成立全权特别应急机动特别行动小组,“特别”重复，而且头衔堆砌,改为“特别行动小组”
54,32,病句,低,一扇高达六米的巨型指挥大厅豁然开朗,量词错用，“一扇”不能配“大厅”,改为“穿过一扇六米高的门，指挥大厅豁然开朗”
54,6,错字,低,清真老字号爆肚宛,“宛”应为“馆”,改正
54,75,照搬,低,（涉及已出版作品，不摘录）,汪淼的ID与原著中的ID只差一字（待查证）,另起一个ID
55,全章/块88–91,照搬,高,（涉及已出版作品，不摘录）,周文王、纣王、伏羲和墨子的前例、脱水与浸泡、金字塔、第137号文明，以及结算文字的格式和措辞，都基本按原著第一关复述；主角只是旁观者兼解说员,大幅压缩成摘要，集中笔墨写主角在游戏中做出与原著不同的选择
55,5/73–75,设定,高,那是三体行星公转轨道外围的两颗远距伴星,白道微说飞星是“伴星”，块75又说飞星就是远日点的三颗太阳，自相矛盾,按后者改
55,6/ch56块6,人物,高,捻起少许暗红色的砂砾放在鼻端嗅了嗅,常灵珂闻一闻土或花就能说出“抗冻蛋白残迹”“热休克蛋白前驱体”，是超能力式的全知，连续两章重复,改为她用随身试剂或显微镜得出结论，或只给出感官判断
55,67–69,事实,中,它们之间的引力相互作用完全是不保辛,引力多体系统是哈密顿系统，本身是保辛的，说反了；“第三宇宙速度”是地球专用的概念；白道微预言太阳逃逸，结果却是三颗太阳一起到远日点，他的预言也没说中,改为“对初值极度敏感”，删掉“第三宇宙速度”
55,66,逻辑,中,他直接调用了系统的底层天体力学调试终端,玩家凭什么能调用服务器的调试终端？这等于开挂，也消解了游戏的难度,删掉，或交代为总参三部破解的结果
55,97/100/103,逻辑,中,他们千方百计向地球投射质子与倒计时,只玩了一关游戏，汪淼和常伟思就推出“质子”“半人马座真有文明”“锁死物理学”“降临派”，信息来得太早，是后文概念的泄露,保留为猜测语气，删掉“质子”“降临派”
55,5,事实,低,环境大气压八十四点二千帕，相当于地球海拔两千四百米高原,84千帕约对应海拔一千五百米，两千四百米约为76千帕,改为一千五百米
55,27–30,逻辑,低,色泽如熟牛皮般柔韧的干瘪人皮,前面说人皮柔韧，下一段脚趾却一碰就碎成粉末,统一质感
55,39,事实,低,数百万块重达数千吨的黑色玄武岩巨石,数百万块千吨巨石的总体积，远超一座几百米高金字塔的体积,改为“数万块”
55,12,逻辑,低,（涉及已出版作品，不摘录）,活人自称谥号，不合常理。原著里有这个设定，但本书可以借主角的吐槽点破,让大史吐槽一句
55,78/85,文笔,低,气温在以每秒五摄氏度的毁灭性速率疯狂暴跌,连续的“！！”和拟声词“轰——！！”“啪！啪！啪！”堆叠，全章感叹号167个,删去大部分感叹号和拟声词
56,7,照搬/错误,高,（涉及已出版作品，不摘录）,这一段与第55章块7逐字相同，是复制粘贴残留,重写本关的装束描写
56,26/20,设定,中,老夫听闻上一纪元周文王姬昌那老儿,周文王属于第137号文明，本关是第141号，中间隔了三个文明，墨子却说成“上一纪元”,改为“前几轮文明”
56,29,事实,中,当代天子庄襄王……奉天承运,秦庄襄王只是秦王，不是天子；“奉天承运”是明清诏书用语；“天下各郡”也不合战国体制,改为“秦王诏曰”或“周天子诏曰”，删掉“奉天承运”
56,44,事实,中,谱线整体向紫外波段偏移了整整四点八个纳米……每秒超过四百公里,按巴尔末线计算，4.8纳米的蓝移对应约2200–3000公里/秒，“四百公里”低估了好几倍,改数字
56,74/76,事实,中,整座青铜穹顶在三百度以上的高温炙烤下开始迅速泛红、发白、软化,青铜熔点约九百多度，三百度既不会发红，也不会流淌；块76又写成“千度”,统一为“上千度”
56,52,人物,中,老夫定将尔等四人锁入巨球底座，代万民受车裂之刑,以“兼爱非攻”立身的墨子动辄要用车裂之刑，人物自相矛盾,改为逐出，或以自身性命相赌
56,91,逻辑,中,怪不得杨冬在遗书里说‘大自然并不自然’,第51章的遗书里没有这句话,改为“杨冬生前常说”
56,全章,节奏,中,走，食堂大师傅刚蒸了一锅猪肉大葱的烫面大蒸饺,第51到56章几乎每章都以“大史骂人、打气、带大家吃东西”收尾，模式重复,保留一两次，其余换成不同的收束
56,9/15/52,设定,低,在直径达八十米的球体内壁上,高度写成“近百米”，直径又是八十米，墨子自称“百米暗室”,统一
56,28,事实,低,机械唯物主义托勒密同心球壳模型,同心球壳模型是欧多克索斯和亚里士多德体系的，托勒密用的是本轮均轮,改为“亚里士多德式同心球”
56,88,事实,低,做无规则的布朗运动式漂移,三体问题是确定性混沌，不是随机的布朗运动,改为“确定却不可预测的混沌轨道”
56,39,事实,低,濒死欣快征（Agonal Euphoria）,这不是规范的医学术语，常说的是“回光返照”（terminal lucidity），机理解释是臆造的,用“回光返照”即可
56,95,逻辑,低,已在拂晓的寒夜中悄然拉开大幕,他们上午进的游戏，章末却是“拂晓的寒夜”，时间对不上,改时间词
56,75,用词,低,发出断子绝孙般的疯癫狂笑,比喻不当,改为“嘶哑的狂笑”
57,100,事实,高,（人物对白，定位见块号）,天狗食日指日食，与彗星无关；钦天监也不在乾清宫、玉熙宫观天，明代观象台在城东南,改为“把彗星唤作扫帚星、视为兵灾之兆，把日食唤作天狗食日”，删去乾清宫、玉熙宫观测一说
57,34–37,逻辑,高,（人物对白，定位见块号）,主角在游戏里开外挂直接投射答案，解谜的智力过程被取消，也和“筛选玩家”的设定冲突（系统为何允许？）,让汪淼靠观测记录与推演说服众人，删去“底层权限”，至多让白道微在草图上演算
57,57–66,逻辑,中,（人物对白，定位见块号）,游戏内突然冒出现实装备（安全索、抗压服），虚拟与现实边界混乱；常灵珂在游戏里“按下应急脱离电钮”也同理,统一规则：游戏内只有游戏道具，脱离由舱外人员或系统完成
57,57、66,事实,中,（人物对白，定位见块号）,罗氏极限指天体被潮汐撕裂的临界距离，在这里被误用为一个“阈值”；前面写“三日同向叠加引力”，后面又说“潮汐撕扯”，物理解释前后打架,只保留一种解释，删去“罗氏极限”等术语堆砌
57,37,文笔,中,（人物对白，定位见块号）,“非保角”是不存在的物理术语，属于术语拼凑,改为“彼此牵扯、永不重复的混沌运动”
57,45–47,文笔,中,（人物对白，定位见块号）,比喻叠加外加感叹号，NPC集体下跪痛哭过于夸张,保留一两个具体反应（伽利略的望远镜落地），删去排比式哭嚎
57,0、2、60,事实/连续性,低,（人物对白，定位见块号）,同一座大殿的高度出现三种说法,统一为一个数字
57,13,逻辑,低,（人物对白，定位见块号）,贝拉明与亚里士多德同属地心派，却骂亚里士多德“放屁”，立场混乱,让贝拉明骂伽利略，或写成补充亚里士多德的神学论证
57,90,事实,低,（人物对白，定位见块号）,诺基亚功能机没有“回车键”,改为“按下确认键”
57,99,事实,低,（人物对白，定位见块号）,从西山观察平台闻不到二十多公里外城里的油条味,改为远眺城市灯火，删去嗅觉和听觉细节
57,7,人物,低,（人物对白，定位见块号）,大史的从军经历与第61章块8“朝鲜战场”冲突（见C表）,统一履历
57,22,人物,低,（人物对白，定位见块号）,流行病学医生随口给群体下人格障碍诊断，不专业，也显得说教,改为“群体恐慌下的替罪羊机制”，并压短
58,82,连续性,高,（人物对白，定位见块号）,本关大史挎的是青铜短剑（块5、43），铁戟是上一关的道具,改为“青铜短剑”
58,64,连续性,高,（人物对白，定位见块号）,戴假发的是牛顿；冯·诺依曼的设定是西装、黑框眼镜（块10）,改为“领带歪斜”
58,11,事实,中,（人物对白，定位见块号）,常用的求导符号dy/dx正是莱布尼茨的发明，牛顿用的是点记号；牛顿指控的是剽窃“方法”而非符号,改为“偷走了我的流数术”
58,30、1,逻辑,中,（人物对白，定位见块号）,块1里这把剑“直插基岩”，两丈约六米多，也不可能挂在腰间拔出,把腰间佩剑与台上礼器剑分开写
58,28、29、57、61,人物,中,白道微与常灵珂各发表一段评论,两人全程只做解说和道德总结，对局势毫无影响，只是弹幕,给其中一人一个行动选择，比如常灵珂试图救中暑士兵被阻，由此引出代价
58,113,文笔,中,（人物对白，定位见块号）,口号化，与刑警身份不太贴,改成更口语、更具体的狠话
58,16,事实,低,（人物对白，定位见块号）,张衡是东汉人，秦始皇不可能援引他,改为“如公输之木鸢”之类秦以前的典故
58,3,事实,低,（人物对白，定位见块号）,“九章”与“十二章”自相矛盾；秦代冕服制度待查证（一说秦废六冕、只用袀玄）,改为“玄衣纁裳”或“袀玄”
58,21/42,连续性,低,（人物对白，定位见块号）,位宽前后不一,统一
58,71,文笔,低,（人物对白，定位见块号）,同段刚说“数以百万计”,改为“数百万”
58,17,错字,低,（人物对白，定位见块号）,繁体字混入,改“算筹”
58,47,病句,低,（人物对白，定位见块号）,多了“身”字,改为“数千名赤裸上身……”
58,112,错字,低,（人物对白，定位见块号）,叠字错误,改为“冷笑一声”
59,35、85；第60章·块0、23,连续性,高,（人物对白，定位见块号）,周日晚潘寒说“后天”（即周二），常伟思也说“四十八小时”；但当晚常灵珂说“明晚”，第60章写“周一晚八点”“昨晚在清华”,把潘寒的话改为“明晚八点”，常伟思改为“二十四小时”
59,55–58,节奏/错位,高,（人物对白，定位见块号）,这句回应的是块55的“打扰您过意不去”，却被放在块56–57关于豆豆的对话之后，段落顺序错乱,把块58挪到块55之后
59,28–31,逻辑,高,（人物对白，定位见块号）,潘寒对初次见面的新人当场承认谋杀，还主动报出大会时间地点、发放信物，反派明显降智,让潘寒只做暗示，大会信息由其他渠道或试探后获得
59,44,照搬,中,（涉及已出版作品，不摘录）,原著标志性原句被直接引用,改为转述（“她留下那句说物理学不存在的话”），不直接引用
59,63–64,照搬,中,（涉及已出版作品，不摘录）,按原著顺序集中复述叶文洁身世（父亲之死、母亲揭发、妹妹、兵团、《寂静的春天》）,压缩为叶文洁的一两句暗示，把重心放在主角的观察上
59,10,逻辑,中,（人物对白，定位见块号）,技术神话化（白噪声伪装成石英表振荡在原理上不通），主角全能,改为贴身物品提前处理过，或让汪淼靠临场应对过关
59,74、72,连续性,中,（人物对白，定位见块号）,与第60章块40、第63章块115的“三十八年前”冲突,统一年份
59,46,设定,中,（人物对白，定位见块号）,角色在故事里用本书书名指代明幕，破坏沉浸感,改为“在嘉靖朝那个残酷的年代”
59,8,文笔/事实,低,（人物对白，定位见块号）,前说镇静剂、后说拮抗剂，概念混乱,统一为“解毒拮抗剂”
59,36,病句,低,（人物对白，定位见块号）,“拂晓”“破晓”重复,删其一
59,19,文笔,低,（人物对白，定位见块号）,室内壁炉，不是“夜空”,改为“在炉膛上方”
59,28,事实,低,（人物对白，定位见块号）,前门大街是商业街，没有别墅（待查证作者意图）,改为郊区别墅
59,3,文笔,低,（人物对白，定位见块号）,暗号过于日常，在对话中容易误触发,换一个不易误说的暗号
60,43、45,照搬,高,（涉及已出版作品，不摘录）,两段电文近乎逐字复制原著名句，属于最明显的照搬,删去原文，改为叶文洁概述“收到过一段反复叮嘱不要回应的警告，而她回了”，由主角的反应承载情绪
60,47；第63章·块109；第64章·块89,连续性,高,（人物对白，定位见块号）,叶文洁杀人的方式出现三个版本,统一为一种，建议沿用本章说法并修改另外两处
60,84、103；第61章·块85,事实（医学）,高,（涉及已出版作品，不摘录）,数倍致死剂量意味着数小时内剧烈呕吐、数天到数周内因骨髓和胃肠衰竭死亡，不可能随后远赴巴拿马、抽烟骂人；“三个月内急性粒细胞白血病”混淆了急性放射病与远期致癌；“全身换血”“重金属螯合剂”不是外照射的治疗手段；贫血用右旋糖酐加甘露醇也不对（依据：急性放射综合征的一般临床知识）,把剂量降到“中度”（约2 Gy量级），症状写成乏力、恶心、白细胞下降，治疗写成造血刺激因子、隔离防感染、必要时输血；常灵珂作为医学专家的台词要专业
60,64、74、84,逻辑,高,（人物对白，定位见块号）,核装置与脏弹是两回事；大史声称盖革计数器“连个屁都不放”，随后证实是强放射源，自相矛盾,统一为铯-137脏弹；删去大史关于计数器的谎言，或写明是诈唬
60,109；第61章·块86,事实,高,（人物对白，定位见块号）,第64章明言2007年，运-20首飞于2013年、2016年服役，属于时代错置,改为伊尔-76或包机
60,36,文笔,中,（人物对白，定位见块号）,夸张失真，近似恐怖片,改为“颈骨断裂声后，他软倒下去”
60,40–48,照搬/逻辑,中,（涉及已出版作品，不摘录）,叶文洁在警方即将突入前向两百人完整自述红岸往事，按原著信息顺序铺陈，动机不足,压缩为几句，更多信息留给审讯或后续
60,111,事实/错字,中,（人物对白，定位见块号）,明代设太医院（院使、院判），“太医令”是汉唐官名；“频死”应为“濒死”,改为“太医院的御医……濒死之人”
60,97–98,人物,中,（人物对白，定位见块号）,反派替作者点题，太刻意,删去叶文洁的“看穿”，或只留一个意味深长的停顿
60,58,事实,低,（人物对白，定位见块号）,微声冲锋枪的常见型号是05式，95式为步枪族（待查证）,改为“05式微声冲锋枪”
60,52,文笔,低,（人物对白，定位见块号）,花岗岩和红砖自相矛盾,删去“花岗岩”
60,35,连续性,低,（人物对白，定位见块号）,块36说讲台是水泥地面,统一
61,11、41、43,逻辑,高,（人物对白，定位见块号）,最低一根丝在水面以上1.5米，吃水线以下的船底、龙骨和轮机舱根本不会被切到，与后文描写矛盾,要么让丝延伸到水下（需说明布设方式），要么删去船底、轮机被切的描写
61,8,人物/事实,高,（人物对白，定位见块号）,朝鲜战争在1950–53年，2007年的现役刑警不可能参加；与第57章“对越”、第63章“南疆侦察连长”也冲突,改为对越作战
61,17,事实,中,（人物对白，定位见块号）,传说中伏羲所作的“五十弦”是瑟，不是筝；筝一般传为秦人所造（常见附会为蒙恬）,改为“筝传为秦声”，或换成瑟的典故
61,81,事实,中,（人物对白，定位见块号）,这是虚构引语，却以史实口吻呈现，读者容易误信；狼筅长度“两丈”待查证（常见记载约一丈五尺）,去掉引号，改为“戚继光的意思大约是……”，或明示是白道微的概括
61,2,事实,中,（人物对白，定位见块号）,巴拿马地峡是新生代形成的，盖拉德段以新生代火山岩和沉积岩为主，“侏罗纪”错误,改为“坚硬的火山岩层”
61,5,事实,中,（人物对白，定位见块号）,居里是放射源活度单位，不是人体受照剂量,改为“吃了这么大剂量”
61,87、105,连续性,中,块87大史在镇静中鼾睡；块105他又在机舱里吐烟、掐烟头,前后矛盾，病人在飞机上吸烟也不合理,删去块105的吸烟动作，或让他醒来后只说话
61,86、106,连续性,中,（人物对白，定位见块号）,已换乘运输机，又回到直升机；“加拉法特山脊”待查证，疑似杜撰地名,删去块106首句或调换段落顺序
61,15,事实,中,（人物对白，定位见块号）,头发丝的百分之一约为0.7微米，远大于原子尺度，前后不一,改为“比头发丝细十万倍”
61,91–96,照搬,中,（涉及已出版作品，不摘录）,与原著对应情节的构思一致（细节待查证）,若保留，改由主角推导得出，而非直接读档
61,6,逻辑,低,（人物对白，定位见块号）,医生持“拘捕令”不合理，拔枪逼退美军医生的后果也未交代,改为“拿着转院单”，并交代上级默许
61,94,错字,低,（人物对白，定位见块号）,重复,删去一个
61,77,文笔,低,（人物对白，定位见块号）,用词粗鄙，偏网络腔，与年代不符,换成大史式的老北京骂法
62,78,事实,高,（人物对白，定位见块号）,按2007年倒推“两年前”是2005年，而LHC 2008年才首次注束,改为虚构的良湘加速器，或其他当时已运行的装置（如Tevatron、RHIC）
62,10–45、58–71,照搬,高,（涉及已出版作品，不摘录）,基本按原著智子章节的顺序和构思展开，主角只负责“调出下一页”,大幅压缩，改为主角提炼要点，把篇幅留给地球方面的反应和主角的判断
62,74,事实,中,（人物对白，定位见块号）,按现代物理的“不可通信定理”，量子纠缠不能用来传递信息；物理学家丁仪把它当定论说出口不妥,改为“按三体人的技术，他们似乎绕开了我们所知的限制”
62,114–116,节奏,中,（人物对白，定位见块号）,连续三段情绪方向互相打架,保留一种情绪走向
62,4、112,人物,中,常灵珂担任密码破译报读员；常伟思任命两人为首席顾问,流行病学家干起了密码破译，两人身份越来越全能,让常灵珂负责她的专业领域（群体心理、医疗），破译交给专业人员
62,26、30–31,连续性,低,（人物对白，定位见块号）,维度数自相矛盾,统一
62,16,事实,低,（人物对白，定位见块号）,约1550年代的地球已普遍使用钢制刀剑和火器,改为“火绳枪与帆船”
62,99,事实,低,（人物对白，定位见块号）,爱因斯坦距2007年约一百年,改为“一两百年间”
62,111；第60章·块74,连续性,低,（人物对白，定位见块号）,从警年限不一,统一
62,3,连续性,低,（人物对白，定位见块号）,大史此前一直抽红梅,统一
63,63–64；第59–60章；第64章·块95,连续性,高,（人物对白，定位见块号）,第59–60章已是隆冬大雪，本章倒回深秋，第64章又写“寒冬腊月”“第一场初雪”,全段统一为冬季：麦田可以写成冬小麦越冬、覆雪
63,72–76,事实,高,（人物对白，定位见块号）,深秋乃至入冬时，华北不会有成虫大群起飞（东亚飞蝗秋蝗主要活动在夏末秋初），整场戏的季节基础不成立,若要保留蝗群，需把全段时间改到夏末；或改用其他仍在活动的虫群意象
63,81–93,照搬,高,（涉及已出版作品，不摘录）,带人去麦田、以蝗虫为例、核心结论句，都与原著名场面基本一致,保留大史破局的功能，但换一个原创的意象和论证（例如他自己办过的一桩“不可能破的案子”），并重写核心句
63,115、120,照搬,高,（涉及已出版作品，不摘录）,与原著第一部结尾的场景和最后一句近乎一致,删去重复引用的电文，改写结尾独白
63,75,事实,中,（人物对白，定位见块号）,直翅目起源很早，但东亚飞蝗这个物种没那么古老；小行星撞击造成的是“撞击冬天”，不是“核冬天”,改为“蝗虫的远祖早在恐龙之前就已出现”，并把“核冬天”改为“撞击冬天”
63,106,逻辑,中,（人物对白，定位见块号）,两三天前刚以“危害人类安全罪”被捕，此前从未交代绝症，转眼就在雷达峰上,交代时间跨度与原因，或推迟这场戏
63,137,设定,中,（人物对白，定位见块号）,与全书“第一部明幕篇、第二部星幕篇”的结构冲突,改为“星幕的第一卷与第二卷”
63,133,文笔/人物,中,（人物对白，定位见块号）,文明二分的宏大套话，说教味重，与白道微理性的人设不符,删去中西对比，只留具体的历史记忆
63,16,病句,低,（人物对白，定位见块号）,语法不通,改为“三体人得知二十八吉字节数据被缴获、智子已暴露后”
63,23,逻辑,低,（人物对白，定位见块号）,苹果树旁没有“跃下”的高度,改为“在苹果树下服药”，或换一个地点
63,7,文笔,低,（人物对白，定位见块号）,套路化描写,删去
64,94,事实/连续性,高,（人物对白，定位见块号）,水滴事件在危机纪元约两百年时，并非四个世纪后；本章块50自己也写“两百年甚至三百年后的大溃败”,改为“两个世纪后”
64,88、92,连续性,高,（人物对白，定位见块号）,同一场对话里，前一句当作已经发生，后一句又说是明天,把块88改为将来时
64,30–36,照搬/逻辑,高,（涉及已出版作品，不摘录）,把原著的核心构想挪到主角名下，主角成了先知兼总设计师，萨伊反成传声筒；块80又明写常灵珂知道“《三体》原著的既定命运”,若主角知道剧情，需正面处理“改变历史”的伦理和代价；否则让面壁构想由PDC自行提出，主角只提异议或补充
64,0,事实,中,（人物对白，定位见块号）,与第60–62章的运-20、LHC构成时代错置；“永久冻结”也言过其实,统一年代基准，改为“并行启用危机纪元”
64,48–49,事实,中,（涉及已出版作品，不摘录）,原著中“唐”号似为在建航母（待查证），这里改成驱逐舰，要确认是有意为之,核对后统一
64,59,事实,中,（人物对白，定位见块号）,冰雕连出自1950年长津湖，上甘岭是1952年，两场战役被混写成一处,二选一
64,67–68,人物,中,（人物对白，定位见块号）,身着军装磕头与章北海克制的人设不符；“刚走父亲就断气”是巧合式煽情,改为立正敬礼后离开，父亲的死讯数日后再传来
64,39、42、55,人物,低,（人物对白，定位见块号）,政委转任支队长不合常规；父亲前面是“指挥大兵团作战的开国少将”，这里又成了“老政委”,统一
64,1,事实,低,（人物对白，定位见块号）,联合国决议编号格式是A/RES/届次/序号,改为“A/RES/62/xxx”或模糊处理
64,4,事实,低,（人物对白，定位见块号）,2007年联合国有192个成员国,改为“一百九十二面”
64,76,文笔,低,（人物对白，定位见块号）,靶材前后不一,统一材质
64,81,文笔,低,（人物对白，定位见块号）,武侠术语混入科幻语境,改为“低声说”
64,13–14,人物,低,（人物对白，定位见块号）,专业身份再次漂移,交给白道微，让常灵珂侧重群体心理和伦理
65,83–84,逻辑,高,（人物对白，定位见块号）,此时面壁计划尚未提出，不应有“破壁人”；且第72章三位破壁人代号是冯·诺依曼/墨子/亚里士多德，与此处“秦始皇”冲突,改为“ETO残余成员”，删去破壁人字样
65,93、101,逻辑,高,车窗内，大史正叼着烟卷翻看着最新的反恐追缉简报,大史同时出现在后山林荫道的红旗越野车里和公墓正门的桑塔纳里，一人两处,删去块93的大史，或改成别的司机
65,55–77,照搬,高,（涉及已出版作品，不摘录）,蚂蚁开篇、两条公理、猜疑链、技术爆炸、猎人森林意象，整体按原著开篇顺序复述，块74猎人段落尤其贴近原著行文,大幅压缩为概述；把篇幅让给主角视角（他们为何在场、能否或是否应该干预）
65,28,照搬,中,（涉及已出版作品，不摘录）,近乎直接引用原著名句,改为间接转述，如“那张只有一句话的遗书”
65,5,事实,中,长达百年的核冬天灭绝了地球上所有的巨型爬行动物,撞击冬天持续数年到十余年，且“核冬天”术语误用,改为“撞击引发的漫长寒冬”
65,87–92,人物,中,（涉及已出版作品，不摘录）,主角在书中世界直接点名原著书名，像是读者在评论剧情，既破坏沉浸感，又显得全知,删去书名，改用人物自己的判断
65,1–9,节奏,中,从物种演化史的角度来看，蚂蚁家族在地球上的繁衍远比人类古老得多,蚂蚁开篇展开成科普长文（白垩纪、燕山运动），与后文无关,压缩到三四句
65,6,事实,低,数千万年前，燕山运动的剧烈造山地壳运动,燕山运动在侏罗纪至白垩纪，距今约两亿至七千万年，“数千万年前”不准；“造山地壳运动”语义重复,改为“上亿年前的燕山运动”
65,26,事实,低,丁仪在麦田里撒酒疯,麦田蝗虫一场是史强带汪淼，与丁仪无关（待与第63章核对）,核对后改人物
65,8,文笔,低,残留着一滴前夜凝结的干枯白霜,“一滴霜”“干枯白霜”搭配不当,改为“一点前夜的残霜”
66,94,逻辑,高,在巴拿马运河‘古筝行动’中，我们缴获了……格杀罗辑,古筝行动在第61章，早于第65章墓前谈话；格杀令是谈话之后才下的，不可能出现在缴获数据里,改为“ETO残余通讯被截获”或“史强抓获的刺客供述”
66,29、32,逻辑,高,自打三天前在万安公墓杨冬墓前遭遇那场莫名其妙的冷枪袭击后,第65章并无冷枪袭击，大史是在门口直接把人拉上车；而且第65章是深冬大雪，本章是“初春”，与“三天前”矛盾,统一：要么第65章补一场枪击并改季节，要么此处改为“一个多月前”
66,16、27、83,事实,中,萨伊秘书长已经亲自签署了特级调令,萨伊在同一章里先后是“轮值主席”“主席”“秘书长”,全书统一为“秘书长”
66,4,事实,中,全球超过两百座人口超千万的特大城市,现实中人口超千万的城市只有三四十座,改为“数十座特大城市”
66,45–49,事实,中,满载着四十吨粗河砂……以近乎失控的九十公里极速,满载重卡从路口起步、两百米内冲到90公里时速不可能；重型卡车用气刹，不是“刹车主油管”,降为“四五十公里”，改写为“气刹管路电磁阀”
66,54–56,逻辑,中,硬生生将失控自卸卡车的行进轨迹向左侧偏转了三米,一吨多的桑塔纳斜撞四十多吨的重卡，偏转三米违背动量常识,改为撞击转向节、导致前轮卡死而侧滑
66,48、60,文笔,中,（涉及已出版作品，不摘录）,旁白叙述被错放进引号，像台词,去掉引号，改成叙述句，删掉双感叹号
66,28–30,照搬,中,（涉及已出版作品，不摘录）,基本沿原著“女友死于车祸”的桥段，只把肇事手段改成智子,保留智子手段这一改动，缩短复述部分
66,83,事实,低,全程由六架重型歼击机实施超音速空中护航,北京到纽约跨太平洋，战斗机航程不足以全程护航，全程超音速更不可能,改为“分段接力护航”
66,46,事实,低,潜伏在地球低轨道平流层边缘的智子,低轨道和平流层是两个高度层，混为一谈,改为“悬停在城市上空的智子”
66,64,文笔,低,史强如同一头暴怒而敏捷的母豹,比喻与人物气质错位,改为“老猎犬”一类，或直接删掉比喻
67,2、37、64,人物/逻辑,高,（涉及已出版作品，不摘录）,第64章的吴岳是“舰长”，与原著一致；这里却成了被刺杀的老航天总工，同名不同人，前后冲突,给三位老专家另起名字
67,39、75,事实,高,完全符合IV A群原生镍铁陨石的全部矿物学特征,英仙座流星群来自斯威夫特-塔特尔彗星，是冰尘与石质碎屑，不可能是铁陨石；国家天文台出这种结论，等于替章北海露馅,改为“一次散发性（非流星群）铁质微流星体撞击”，英仙座只作为掩护光源
67,56,事实,高,擦过空间站左侧仅两公里的近距离空域，在地球热层大气中爆裂,流星在80–120公里高度烧蚀，420公里轨道附近几乎没有大气，不会出现火球,改为“下方数百公里处的大气层中爆燃出一团火球，照亮整个舷窗”
67,59–64,逻辑,高,三枚弹头……几乎在同一瞬时精确射入了舱内三位权威的胸膛,一次扣扳机、无膛线散射，三发各中一人要害，精度不可信,改为连射三次，或让致死原因之一是失压
67,30,事实,中,将释放出超过十万焦耳的集中穿透动能,按文中尺寸，铁弹约1.3克，初速1800米/秒，动能约2千焦，差了约50倍；真空中说“四倍音速”也没有意义,改为“约两千焦”，删去音速说法
67,20–21,事实,中,在零下两百度的真空里，以每百万年降温一度,魏德曼花纹是母体内核在约七百到四百摄氏度区间缓慢冷却形成；氖-21是稳定核素，不是放射性同位素,改为“在小行星内核的高温中以每百万年数度的速度冷却”，删去氖-21或改称“宇宙成因核素”
67,3,事实,中,推进剂质量……将达到……十的四十次方倍,按比冲900秒推算，所需质量比约为十的一百四十多次方，文中数字少算一百多个数量级，而且与“比银河系重数亿倍”自相矛盾,改为“一个远超可观测宇宙总质量的数字”
67,66–67,事实,中,在绝对零度的太空真空中……体液沸腾与急速减压,太空不是绝对零度；几毫米的小孔让大舱失压要几分钟，不是几秒,改为“气压缓慢下降”，死因写成枪伤
67,5、12、80,人物,中,深绿色的陆军常服领章严整,章北海先穿陆军常服，后戴海军大檐帽、穿海军将校常服,统一为海军常服
67,93–97,逻辑,中,（人物对白，定位见块号）,主角包庇三条人命的谋杀，处理得过于轻快，“敬畏”一词让叙事立场显得认可,保留情节，但补一段白道微的挣扎或代价，让常灵珂提出异议
67,全章,照搬,中,（涉及已出版作品，不摘录）,基本按原著核心设计改写,见D
67,28、30,事实,低,直径仅为四点二毫米、长十二毫米 / 只有米粒大小,4.2×12毫米明显比米粒大，前后不一,统一尺寸描述
67,87,事实,低,但在法医病理切片的边缘，石英晶格……,法医病理切片是组织切片，不会有石英晶格,改为“舷窗残片的断口电镜分析”
68,2–7、66、85,逻辑,高,在刚刚结束的长达两百八十个小时的深度神经潜入中,本章把星幕写成RMIT实验室里的“神经拟真舱”虚拟推演，与简介的“时空异变、同契绑定、穿越入幕”冲突；主角还在现实中向PDC提交冬眠申请，虚实界线崩了,请作者确认设定（见E1），据此统一
68,29、32,逻辑,高,白道微递过咖啡时，两人的目光在蒙蒙细雨中交汇,块29先写递咖啡，块32才写去买咖啡，顺序颠倒,删块29前半句，或把块32移到块29之前
68,39–40,事实,高,对岸八十八层的尤里卡大厦,两人坐在雅拉河南岸，尤里卡大厦和艺术中心尖塔都在南岸（Southbank），不在“对岸”；且尤里卡大厦按官方资料是91层（待查证）,改为“身后/右手边的尤里卡大厦”，对岸写Flinders St和CBD天际线
68,65,事实,高,早期的冷冻人苏醒后，有超过百分之七十的人最终死于……,现实中没有任何人体冷冻复苏的先例，这个数据是编的；常灵珂在现实中以医学口吻说出，损害她的专业可信度,删去数据，改为“没有任何先例可以参考”
68,22,事实,中,两百年前墨尔本的拓荒者把它们雕刻在商场的大门前,墨尔本1835年建城；歌革、玛各雕像1890年代才立在皇家拱廊；“高逾三米”“巨斧与盾牌”也待查证（一般资料称约两米多高）,改为“一百多年前”，尺寸和器物核实后再写
68,19–25,事实,中,路过著名的霍希尔巷……漫步穿过维多利亚皇家拱廊,沿Swanston街南行，Hosier Lane在南端Flinders St附近，皇家拱廊在北边Bourke St一带且偏西，行走顺序颠倒；而且拱廊正式名称里没有“维多利亚”,调整顺序：先经Bourke St Mall进拱廊，再南下到Hosier Lane、联邦广场
68,53、51,事实/逻辑,中,永远保持正面对着佩戴者的胸口……‘被动式三自由度引力陀螺稳定器’,自由转动的万向环不能被动保持朝向；块51说“自由旋转”，块53又说“永远正对”，自相矛盾；“五轴数控……手动抛光”也矛盾；“金刚石碳化硅钝化膜”术语混乱,删去伪技术段，保留“他亲手切磨”的情感核心
68,14–19、57–75,文笔,中,（涉及已出版作品，不摘录）,恋爱段落是言情套话，“深邃”“温柔”“十指相扣”反复出现，常灵珂被写成被照顾的对象，失去专业人格,压缩一半，让常灵珂有主动的台词和判断
68,83–88,文笔,中,前额叶的抑制性神经递质γ-氨基丁酸（GABA）分泌量就会激增三倍,伪神经科学术语堆砌，主角在现实中“接入超算”封装绝密数据包，更像系统文,精简，保留一个清晰的研究假说即可
68,26–28,事实,低,传统指针式小钟正在静默转动，滴答声被雨声掩盖,大钟下那排钟是人工拨动的发车时刻指示钟，不走时，不会滴答；现站房1910年落成，“一百五十余年”只适用于站址,改为“指示下一班车时刻的静止指针”
68,10,事实,低,三十六点四度，心率七十二，血氧饱和度百分之九十九。各项生理指标虽然偏低,这些都是正常值，不能叫“偏低”,删“虽然偏低”
68,58、0,事实,低,在初秋夜空微弱的星辉下,开头写“四月深秋”，这里又成了“初秋”；四月在墨尔本其实是仲秋,统一为“秋夜”
68,80,事实,低,常灵珂坐在高倍电子衍射显微镜前,电子衍射显微镜看不了脑电数据,改为“工作站前”
69,0、82–83,逻辑,高,危机纪元第二年的初夏……公元纪元的最后一抹余晖已经彻底沉落,已经是危机纪元第二年，再写“公元纪元最后一抹余晖”自相矛盾；章题“危机纪元前夜”也不对,改章题，删这句
69,72–73,事实,高,把整颗水星推入太阳引发超新星爆发,太阳质量远不够发生超新星；而且面壁者尚未公布，白道微就详述三人的计划，全知感过强,改为“引发太阳的剧烈失稳”；把计划细节推迟到面壁者行动之后
69,18–25,逻辑,中,【自适应海量拟态迷雾工程】,主角一人就给出了对抗智子的办法，削弱了面壁计划存在的必要；块19“高能重离子束向电磁空间发射”在物理上说不通；块18的“每秒数千亿条”与块20的“每天一万亿份”数量不一,明确这套方法的局限（例如只能迷惑低层情报），并统一数字
69,57–64,照搬/人物,中,（涉及已出版作品，不摘录）,“找到梦中情人”在原著里是罗辑自己的主意，这里改成常灵珂教给他，削弱了罗辑，也让主角成了剧情提词人,改成常灵珂只做倾听，罗辑自己说出念头
69,2–13,节奏,中,他们甚至为了一座位于赤道附近的地基深空大功率相控阵雷达……,PDC内耗写了两三千字，全是概括性叙述，没有具体场景,压缩成一个具体的争吵场面
69,81,错字,低,不可逾越的死亡界限。”,叙述段末尾多了一个后引号,删除
69,8,事实,低,美国代表要求将现有的一万枚高浓核弹头,当时美国现役核弹头约五千枚（待查证）；“高浓核弹头”说法不通,改为“数千枚核弹头”
69,31–32,事实,低,（涉及已出版作品，不摘录）,酒瓶是玻璃瓶，不是水晶；该画原作藏于慕尼黑老绘画陈列馆,改为“玻璃瓶”“一幅鲁本斯摹本”
69,55,人物,低,灵珂，我是不是早就疯了？,罗辑前一句还叫“常医生”，这里突然直呼“灵珂”，称呼过于亲昵,统一为“常医生”
70,5–7、77–79,逻辑/文笔,高,结算界面中央跳动出一行行威严璀璨的系统金色篆文：,冒号后插入一段无关叙述，块7才出现系统文字；块77同样在冒号后插入叙述，块79才开讲，疑似段落错位,删块6、块78，或移到冒号之前
70,4,逻辑,高,在东单咖啡馆外的大史飞车破局中保全了罗辑的性命、在万户号空间站的流星雨中为章北海的铁血绝杀掩盖了物理痕迹,救人的是大史，系统却记成主角的功劳；“掩盖谋杀”被当成加分项，价值导向可疑,系统评价只写主角亲自做的事，并对“掩盖”一项作中性或负面处理
70,67–87、第71章块2–24,节奏,高,【面壁计划】（The Wallfacer Project）正式启动！请四位面壁者登台——授命！！,第70章已完整写了宣布和登台，第71章又从头写一遍同一场仪式，服装、称谓、时间都对不上,第70章停在会前密室，授命仪式只保留第71章一版
70,3,事实,中,从大明嘉靖四十年的深宫风云，到公元二十一世纪末的星辰大海,故事发生在二十一世纪初（杨冬卒于2007年），不是“世纪末”,改为“二十一世纪初”
70,35,事实,中,五角大楼《2020非常规深空防御白皮书》的主笔人,如果时间线在2007年前后，2020年的白皮书属于时代错置,删年份
70,26,事实,中,由八百六十亿个神经元突触构成之颅骨黑箱,八百六十亿是神经元数量，突触数以百万亿计；第71章块10又写成“一千亿个神经元突触”，前后不一,统一为“八百多亿个神经元”
70,61–66,逻辑,中,刚才在隔壁我可全都听见了,八米铅水泥包裹的绝密会议，门外的警卫能“全都听见”，保密逻辑崩了,改为萨伊事后亲口告诉他
70,40,事实,低,而在加拉加斯以东连绵起伏的安第斯崇山峻岭深处,安第斯山在委内瑞拉西部，加拉加斯以东并无安第斯山,改为“西部安第斯山区”
70,42,事实,低,（涉及已出版作品，不摘录）,欧盟轮值主席国由国家担任，不是个人,改为“前欧盟委员会主席”（待与原著设定核对）
70,75,错字/事实,低,九声沉重如雷鸣般的巨钟,拟声只有三个“咚”；联合国大厦也没有顶层巨钟,改为会场报时，或删掉
70,13,逻辑,低,系统综合气运值暴涨三百二十万点，多维算力池扩容百分之八百,数值没有参照系，读者无从判断轻重,与前文结算数据对照统一，或删去具体数字
71,0、5、8,逻辑,高,危机纪元三年金秋九月 / 三十六个月前 / 长达两年的破译,与第69–70章“第二年初夏、次日开会”冲突；与第72章“古筝行动过去仅仅半年”冲突,列一张统一年表：古筝行动、墓前谈话、授命仪式、破壁人集结各在哪一年
71,85,逻辑,高,当他试图去捕捉那两句呓语的实质时，那团记忆却像晨雾般迅速在惊恐中消散开去,第66章块31罗辑还向大史清楚复述了两条公理；“多年前”也不对，才过去两三年,改为“他记得那两句话，却不明白它们为何致命”
71,51–61,照搬,高,（涉及已出版作品，不摘录）,这是原著的核心名场面和关键台词，此处几乎照原意复述，主角只在包厢里旁观,换一种原创方式制造“逻辑囚笼”，或只概述而不再现台词
71,76,事实,中,罗辑在大学未名湖畔散步时的远距离偷拍照片,未名湖在北京大学，罗辑任教于清华,改为“清华园荷塘”一类
71,81,逻辑,中,有杨冬等数十位理论物理学家,杨冬是服毒自尽（第65章），不在暗杀名单里,删去“杨冬”
71,36,事实,中,那个在玉熙宫深处为皇帝炼制长生丹药、自称通达神明的龙虎山真人,陶仲文是湖北黄冈人，由龙虎山的邵元节举荐，本人并非龙虎山真人,改为“由邵元节引荐入宫的方士”
71,29、99,事实,中,整整四十年不踏入紫禁城金銮殿半步,嘉靖在壬寅宫变（1542）后才移居西苑，前后约二十余年不上朝，不是四十年,改为“二十余年”
71,67,逻辑,中,这里是极少数即便智子穿透也无法将清晰相干信号反射至高空的绝对隐秘之所,如果存在防智子密室，面壁计划就没有必要，与第69章块14、第70章块18说法冲突,删去，保持“无处可藏”的设定
71,32–38,人物,中,泰勒就是内阁次辅徐阶……他是海瑞……他是陶仲文,明幕人物与面壁者的类比较牵强（雷迪亚兹≈海瑞尤其不贴），而且由主角直接宣讲结论,保留一组最贴切的类比，其余删掉；让常灵珂提出反对意见
71,15,错字,低,弗里德里克·泰勒,第70章写作“弗雷德里克”,统一
71,25,错字,低,欧联盟首席代表,应为“欧盟”,改正
71,95,事实,低,您的专属专机将在拉瓜迪亚军用机场等候起飞,拉瓜迪亚是民用机场,改为“肯尼迪机场专用停机坪”
72,101–112,节奏/逻辑,高,在北京通州与日内瓦莱蒙湖畔的特别军事法庭地下候审室内,块100已是全章收束，之后又接上审讯、神殿里冯·诺依曼和墨子的解说、智子的发言、常灵珂的分析，场景跳回已结束的神殿，明显是未合并的草稿残段,把块103–107插回神殿任务分配处（块46、50后），块101–102移到章首，块108–112与块90–92合并
72,47,事实,高,太阳系第一大行星水星,水星是太阳系最小的行星,改为“离太阳最近的行星水星”
72,106,逻辑,高,在危机纪元第一年冬天的华北高速公路上……二十吨工业甲醇的重型槽罐车,与第66章“初春东单、四十吨自卸卡车”冲突,统一为东单事件
72,0,逻辑,高,古筝行动过去仅仅半年,与第71章“两年破译”“危机纪元三年”冲突,见年表
72,5,事实,中,这里曾是二十世纪六十年代北约为了应对苏联装甲洪流而秘密凿建的纵深指挥所,瑞士是中立国，不是北约成员，圣哥达要塞属于瑞士军队,改为“瑞士军方冷战时期的要塞”
72,90,事实,中,由ETO基因工程实验室利用逆转录病毒制造的高致病性流感变种……十二小时内就会引发急性双肺纤维化,流感病毒不是逆转录病毒；肺纤维化要数周才形成，十二小时内不可能；作为流行病学家的常灵珂不该听过就算,改为“急性呼吸窘迫”，并让常灵珂当场纠正术语
72,107,逻辑,中,在阿尔卑斯雪山引发万吨级特大雪崩把整个庄园活埋,庄园在斯堪的纳维亚（第71章块95），不在阿尔卑斯,改为“斯堪的纳维亚群山”
72,99,事实,中,（涉及已出版作品，不摘录）,疑似出自电视剧台词，而非史载嘉靖原话；作为“嘉靖曾说”引用不妥，也涉及直接引用他人作品,核实出处；如出自剧作，改为原创表述
72,92–96,逻辑,中,全面激活《玉熙宫词》高维认知迷雾网！,主角一键生成“假罗辑信标”，靠系统外挂解决危机，让大史和面壁计划的张力全失,限定代价或失败率，或只让它拖延刺杀
72,全章,照搬,中,（涉及已出版作品，不摘录）,破壁人任命和“罗辑没有破壁人、只需肉体消灭”基本沿原著结构,见D
72,8,文笔/事实,低,这种黑暗仅仅持续了不到一纳秒,人眼感知不到纳秒，“陷入绝对的黑暗”与“不到一纳秒”互相矛盾,改为“片刻”
72,23,事实,低,整整两百零一个三体文明,需与星幕前文（三体游戏章节）的文明编号核对，待查证,核对统一
73,0/11,逻辑,高,"""危机纪元第五年的盛夏""→两周后""深秋的落叶……冻雨""","两周内从盛夏跳到深秋，块23还出现了""窗外的积雪""",把拜访改到数月后，或者统一季节
73,60/70/77/107,逻辑,高,"""超过两万枚""/""上百万枚亿吨级""/""第一批的一万枚""/""三万枚亿吨级""",同一章里水星核弹数量有四种说法,"定一个数字，比如""两万枚，首批一万枚已就位""，其余处照此统一"
73,105–110,节奏,高,"""在华北大山深处……丁仪曾叼着烟斗""",主场景已在块104收束，块105–110又回头补叙、复述墨子的计算、重复两人拥抱对话,删掉块107–110，丁仪的警告若要保留，挪到块4附近作为铺垫
73,3/6/20,逻辑,中,"""数以百万计""/""这十万艘""/""数十万艘'蚊子战机'""","蚊子舰队的规模前后不一，""艘""和""架""也混用",统一数量级和量词
73,73/107,事实,中,"""地球的大气层和海洋将在三天之内被太阳风暴完全剥离""","水星质量只有太阳的约六百万分之一，坠日不会引发这种量级的灾变；""数百万颗超新星爆发前兆""更是无从谈起","改由墨子承认""模型存在极大不确定""，或改写成扰乱内行星轨道之类较可信的威胁"
73,25–26,事实/逻辑,中,"""被全员推入不可逆的量子叠加态……'宏原子量子幽灵军团'""","把被宏原子杀死的人写成可以作战的""量子态幽灵舰队""，量子概念用得混乱，读者抓不住泰勒计划到底靠什么成立","收缩成""泰勒相信死于宏电子的人会以某种可探测的形式存在""，不必展开物理"
73,47,错字,中,"""不是质子的封锁有多深""","应为""智子""（第77章块45""被质子锁死""同样有误）","改成""智子"""
73,97,逻辑,中,"""无数石块在金属铠甲上撞击出令人牙酸的碎裂声""",雷迪亚兹穿的是元帅礼服，没有铠甲,"改成""撞在勋章和肩章上"""
73,103,事实,中,"""当年海瑞抬棺死谏……在江南推行一条鞭法、严查豪强隐田""","海瑞任应天巡抚、清丈退田是隆庆三年到四年的事，不在""嘉靖朝""；""乡绅半夜烧官署""没有史料依据","改为""隆庆年间海瑞巡抚应天""，删掉纵火之说"
73,81,逻辑,中,"""破解了那个所谓'摇篮手雷'的无线电中继跳频码""","前文称""生命体征联锁引信""，这里忽然换成另一个名字；""白道微主导PDC网络战部队""也显得主角全能",统一名称，破解工作交给PDC技术团队，白道微只提供判断
73,24–29/31–35,文笔,中,（涉及已出版作品，不摘录）,感叹号泛滥，冯·诺依曼的台词像舞台朗诵,把感叹号压到个位数，让破壁人的语气冷下来
73,39/74章块86,逻辑,中,"罗辑庄园在""斯堪的纳维亚半岛""，第74章写成""阿尔卑斯雪山与冰湖环抱""",地点互相矛盾,"统一为北欧，第75章块1的""阿尔卑斯式""可以保留"
74,52/93,逻辑,高,"""百分之十概率随机触发""与""千分之五的极性反转概率……每两百名有两到三名""",三处数字互相矛盾（10%、0.5%、约1–1.5%）,"统一为一个值，比如""约百分之一"""
74,64/102,事实,高,"""即将跨越四个天文单位""/""跨越四个天文单位的漆黑深空""",三体星系距离约4光年，1天文单位只是日地距离，差了约27万倍,"改成""四光年"""
74,96,事实,高,"""河面上升腾起的浓白水雾将大本钟与威斯敏斯特宫的尖顶彻底吞没""",两人刚离开牛津郊外的别墅，牛津离伦敦约90公里，看不到大本钟,改成牛津的地标，比如Magdalen塔、Radcliffe Camera
74,95,事实,高,"""大明嘉靖二十三年，严嵩为工部大修西苑仁寿宫与永寿宫……严世蕃却悄悄将……兑换成……海外商票""","永寿宫失火是嘉靖四十年，重建是四十一年，由徐阶主持；""海外商票""不合明代语境；严世蕃和江南织造局的账目是作者虚构，却写成史实","删掉，或改为""徐阶主持重建永寿宫""，史实与虚构要分开"
74,39–47/69,逻辑,高,"""利用《玉熙宫词》系统的高维算子……无损哈希碰撞所还原出的全部微代码""","主角用系统一键破解，然后又""不揭发""，其他人一概不知，主角既全知又不作为",让常灵珂从临床数据里先发现异常，白道微只做验证；不揭发要付出可见的代价
74,87–99,节奏,高,"""在理论神经生物学的最前沿，罗杰·彭罗斯……""",章尾13段把已经写过的钢印细节和雨夜离开又写一遍,保留块89（受试者拒水）和块92（少尉档案），挪进正文，其余删掉
74,51,事实,中,"""嘉靖四十五年，钦天监与礼部的方士们……为皇帝配制……金丹""",钦天监掌天文历法，不负责炼丹；炼丹的是陶仲文、王金等方士,"改为""西苑方士"""
74,8/27,错字,中,"""碳基生物湿件脑脑神经""/""PDC闭门闭门听证会""",字词重复,删去重复的字
74,12/15,事实,中,"""前额叶背外侧皮层会立刻释放高幅度的N400……代表着'绝对确信'……的极强P300""","N400是语义不一致成分，主要不在DLPFC；P300和""先验真理""扯不上关系","淡化术语，比如""负责判断真伪的脑电成分完全缺席"""
74,31,人物,中,"""由常灵珂作为特邀医学心理首席专家""",常灵珂是流行病学家，在这里忽然成了神经伦理和心理评估的首席,交代她为什么能胜任（比如群体行为流行病学），或者让她带团队而不是亲自做
74,102,逻辑,中,（涉及已出版作品，不摘录）,智子寄居在惠子视网膜里，这是新设定，和原作以及本作其他地方的智子设定可能冲突,待与作者确认（见E）
74,74–75,事实,低,"""木屐踩在羊毛地毯上""、深夜穿""墨黑色留袖和服""",室内不穿木屐；留袖是已婚女性在婚礼等场合穿的第一礼装，深夜在家奉茶穿它不合常理,改成穿足袋，衣服换成家常的小纹或浴衣
75,31–32,照搬,高,（涉及已出版作品，不摘录）,措辞与原著的名句几乎一致,概念可以保留，但改用罗辑自己的推演语言表述，避免逐字接近原著
75,57/106,逻辑,高,"""没有任何行星环绕的无害红矮星""与""周围甚至只有两颗……贫瘠死寂行星""",前后矛盾，第78章也写了两颗行星,"块57改成""没有生命迹象"""
75,55,事实,高,"""智利阿塔卡马……贵州大窝凼……澳大利亚深空测控网……对准了刚刚从地平线上升起的……太阳""",FAST（大窝凼）只能接收，不能发射；三地经度相差很大，不可能同时看到日出,"改成""具备大功率发射能力的深空测控站""，删掉""同时日出"""
75,58,事实,高,"""大明嘉靖三十五年，抗倭名将戚继光在岑港大战前夕，曾孤舟深入敌后，向大海深处射出一支鸣镝""","岑港之战在嘉靖三十六到三十七年，主将是俞大猷、戚继光等；""孤舟射鸣镝""没有史料，属于杜撰",删掉，或明确说成比喻，不要挂在史实上
75,71/101,事实,高,"""流感变种……广谱抗逆转录病毒抗体""/""逆转录裂解酶""","流感病毒不是逆转录病毒，抗逆转录病毒药对它无效；""弥漫性肺泡纤维化""一般要数天到数周，不会在12小时内出现","改为""ARDS伴弥漫性肺泡损伤""，用药改成抗流感药加激素，标注无效"
75,95/107,事实/逻辑,高,"""按下了向三体世界发送引力信标的红色按钮""与块107的""电磁波……电键""","红岸发出的是经太阳放大的电磁信号，不是""引力信标""；块107""以引力为箭""也有同样的问题","改为""电磁信号"""
75,93–110,节奏,高,块93起重写庄颜的画、萨伊带走家人、冰湖推演、咒语发射、病毒、冬眠，把前面已写过的全部场景再写一遍,同一章里冬眠写了两次（块76–92、块105/108–109）,删掉块96–110，块93的画室细节挪到块3
75,57,事实,中,"""赤经17时44分，赤纬-29度02分""",这组坐标几乎正对银心（人马座A*），一颗距地约50光年的红矮星恰好在这个方向不算不可能，但会被懂行的读者注意到,待查证，建议换一组不显眼的坐标
75,69/101,逻辑,中,"""咒语发射完成后的第三天夜里""与""就在咒语发射后的第四十八小时""；投放途径""新风管道""与""智子精密制导""",时间和感染途径都自相矛盾,统一
75,106,事实,中,"""将复仇的死光引向地球自身所在的柯伊伯带轨道""",地球不在柯伊伯带,"改为""引向太阳系"""
75,89/76章块59,事实,中,"""绝对零度的冰封长梦""",液氮温度约77K，也就是−196°C，不是绝对零度,"改为""液氮的极寒"""
75,53–54,人物/逻辑,中,（涉及已出版作品，不摘录）,罗辑刚顿悟就下令枪决将军，大史当场掏枪，与原作和本作的人物分寸都不符,改为罗辑援引面壁法案程序、萨伊拍板；大史只是站到罗辑身后
75,80/76章块31,逻辑,中,"大史说""等老子也得了白血病""，第76章却说他白血病已是""早中期""",大史的病情前后矛盾,统一：他已经确诊
75,101,错字,低,"""飙升至四十一的度""","多了一个""的""","改为""四十一度"""
76,全章 vs 第75章块76–92,节奏/逻辑,高,"第75章已经写完三人入舱和冰封；第76章从""除夕夜""再写一遍整备、告别大史、入舱，细节还不一样（舱缘握手 vs 隔着石英窗掌心相贴）",冬眠场景重复，而且两个版本互相矛盾,二选一：要么把第75章块76–92压成一两句过渡，要么把第76章改写为入舱前的长谈，结尾不再重复冰封
76,17/55,事实,高,"""三体舰队跨越了两个天文单位""/""距离地球四个天文单位之外、柯伊伯带""",单位错误；柯伊伯带在30–50AU；智子应该就在地球附近,"改为""四光年""，删掉""智子在柯伊伯带"""
76,73,逻辑,高,"""五十光年外，恒星187J3X1……丝毫不知死神的光粒已经在途中疾驰""",危机纪元8年时信号刚发出，还要约50年才到那颗恒星，此时不可能已有光粒,"删掉，或改成""那道咒语仍在途中"""
76,11–12,逻辑,高,"""那是危机纪元元年的冬天……我们在弗林德斯车站大钟下躲雨""",按全书设定，两人是在2025年墨尔本唐人街穿越进幕的；这里说危机纪元元年他们在墨尔本，还在那里买了吊坠，可能和前文冲突,待作者确认（见E）
76,49–74,节奏,高,"""时间在黑暗中一秒一秒地流逝。一年，五年……""之后又回到入舱前（块62–67）",时间线来回跳，冰封又写了三次,删掉块60–74中除章北海（块54）、萨伊（块61）之外的所有段落
76,68/73,逻辑,中,"""四光年外，三体舰队……""与""四光年外，三体第一舰队的前锋探测器……正在……切入太阳系的引力边界""",同一段里探测器既在四光年外，又已到达太阳系边界,删掉后一句
76,7,事实,中,"""为了凑齐每年数百万两的辽东军饷，在浙江强行推行'改稻为桑'""",嘉靖末年北边的压力来自俺答（宣大、蓟镇），辽东军饷成为大问题是万历以后的事；剧中改稻为桑是为了补国库亏空,"改为""为填补国库亏空与北边军费"""
76,23,事实,中,"""张居正整饬吏治……满朝文武便狂妄地自诩……甚至在萨尔浒大战前夕""",张居正死于1582年，萨尔浒之战在1619年，中间隔了37年，被写成连续的因果,拆成两个例子，或删掉萨尔浒
76,24,逻辑,中,（涉及已出版作品，不摘录）,"危机纪元8年时人类还不知道水滴，白道微的""预言""精确到原著情节，全知感太重","改成""会用某种看似无害的姿态""之类模糊说法"
76,62,事实,中,"""带有……南太平洋微咸海风""；""初秋……谈论着澳式橄榄球联赛的总决赛""",墨尔本临Bass海峡和南大洋，不是南太平洋；AFL总决赛在9月（南半球早春），初秋是3月，赛季刚开,"改为""南大洋/巴斯海峡的海风""，话题改成""新赛季揭幕"""
76,14,事实,中,"""两个世纪的超低温冷冻会彻底摧毁……海马体中百分之八十以上的微弱短时记忆突触""",数字是杜撰的，而且和后文苏醒后记忆完好相矛盾,"删掉数字，改为""醒来可能有短暂的记忆混乱"""
76,60/70/74,错字,中,段末出现孤立的右引号,格式残留,删掉
76,52,事实,低,"""朝阳洒在废弃的联合国大厦玻璃幕墙上""","联合国总部在曼哈顿，不在长岛；而且此时尚未""废弃""","改为""远处曼哈顿的楼群"""
76,64,事实,低,"""嘉靖二十一年十月……迁居西苑万寿宫""",壬寅宫变后移居的是西苑永寿宫，嘉靖四十一年重建后才改名万寿宫,"改为""永寿宫"""
77,39,事实,高,"""他们还在距离太阳系两个天文单位的外围深空""",两个天文单位大约在火星轨道附近，已经深入太阳系内部；下文又说三体舰队在两光年外,"改为""两光年""，并与第79章块56统一"
77,40/第79章块29,逻辑,高,"""巡航速度已经达到了百分之十五光速""与第79章""光速千分之十五""",人类舰队速度相差十倍,统一为一个数
77,76/第78章块5,逻辑,中,"""大史在一个月前……比我们更早醒来""与""老子刚从苏醒隔离区出来不到三天""",大史苏醒时间自相矛盾,统一
77,63/66/74,逻辑,中,"罗辑""三小时前""苏醒，""过去四十五分钟""出了三次故障，""过去两个小时内""遇到三次意外",时间线混乱,统一成一组时间
77,47/31,逻辑,中,"""脚下便是一千米深的虚无深渊""而城市""坐落在……深处一千米""、天幕""高达数百米""",空腔的高度对不上,"把落差改为""数百米"""
77,50,事实,中,"""大明崇祯十六年……六部尚书依然在秦淮河畔的画舫中通宵达旦""",秦淮河在南京；北京的六部官员不可能在秦淮画舫，南京六部只是闲职,"改为""京师""的场景"
77,43–44,人物,中,"常灵珂凭微表情和瞳孔反射当场""诊断""出""集体温室幼稚综合征""",流行病学家即兴造了一个诊断，显得全能,改为她私下起的一个戏称，不要写成诊断
77,70/80,错字,中,段末孤立的右引号,格式残留,删掉
77,56–84,节奏,中,追加段落重新描写罗辑遇险、大史登场，与块66–69有重复,"大史""单枪匹马杀进公寓""之后又在隧道里登场，衔接不上",合并成一次登场
77,58,节奏,低,"""嘉靖三十四年倭寇数十人……杀至南京城下""",史实没错，但第79章块43又讲了一遍,只留一处
77,59–60/64,逻辑,低,"纪念碑已把罗辑刻成恶魔、""反人类灭绝罪的待审判决""，通知却只说他转为普通公民并受保护",罗辑的法律地位不清楚,统一
78,28/76,事实,高,"""三千亿亿吨TNT""与""九个九的光速""、""99.999999% c""","按50千克、约8个9的光速估算，洛伦兹因子约7千（不是""数万""），动能约为10^22焦，也就是数万亿吨TNT，比文中数字低约八个数量级；两处""几个9""也不一致","统一速度，数字改成量级模糊的说法（比如""相当于人类全部核武库的上万倍""），或者按实际重新计算"
78,58,事实,高,"""嘉靖四十四年，海瑞被关进诏狱大牢""",海瑞上《治安疏》、下狱都在嘉靖四十五年（1566）,"改为""四十五年"""
78,74–75/84,节奏/逻辑,高,"块61–73罗辑已在公墓，块74大史又在""安全屋""给罗辑递烟",追加段倒回了时间,删掉，或移到块55之后
78,77,事实,中,"""恒星核心深处的碳氮氧循环热核反应堆""",M型红矮星靠质子—质子链产能，碳氮氧循环只在较重的恒星里占主导,"改为""质子—质子链"""
78,62/71–72,人物,中,"罗辑被写成""公元老头""""枯瘦""""老人""",罗辑冬眠时正值壮年，醒来后生理年龄应该不变,"删掉""老""字"
78,66,事实,中,"""平壤大捷斩首万余级……国王泛海求援""","平壤之战明军报捷的首级约一千多；朝鲜宣祖是陆路北逃义州，没有""泛海""","改为""斩获颇丰""和""国王北奔义州""，数字待查证"
78,67/83,逻辑,中,"探测器""已经越过了海王星轨道""与""已经……越过了天王星轨道""；第79章块62又说""十分钟前正式越过海王星公转轨道""",前后顺序颠倒,统一时间线
78,44,文笔/错字,中,"""三体人 transparent（思维透明），他们自己没长长嘴""","大史夹英文不像他；""没长长嘴""疑有误","改为""三体人脑子里想啥都藏不住"""
78,87,逻辑,中,"""亚洲舰队的旗舰'量子号'与'自然选择号'……舰艏探照灯""","把自然选择号写成与旗舰并列，和第79章""第七排右侧翼""的位置不符",统一
78,76–89,错字,中,九段末尾有孤立的右引号,格式残留,删掉
78,5,文笔,低,"""扫地机器人偷偷往水杯里吐重金属水银胶囊""",滑稽，削弱了危机感,删掉
79,26,错字,高,"""自公元200x年智子锁死人类物理学的那一刻起""","留着占位符""200x""","填入确切年份，或改为""自智子降临的那一年起"""
79,62,事实,高,"""越过海王星公转轨道，相对太阳航速降至每秒三十公里，预计将在四十八小时内切入木星外围轨道""",海王星到木星约25天文单位，以每秒30公里要走约4年,"改为""已抵达木星外围""，或调高速度和时间"
79,56,逻辑,高,"""三体人的一千艘战列舰还在两光年之外以百分之十光速苦苦爬行""","与第76章""百分之一光速""、第77章""是三体战舰的十五倍""矛盾；以10%光速走完两光年只要20年，不可能与400年航程相容","改为""百分之一光速"""
79,39,事实,高,"""大明建文四年……李景隆率五十万大军在白沟河迎战燕军……斩首数十万级，建文江山自此尽付焦土""",白沟河之战在建文二年（1400）；伤亡数字被夸大；战后靖难之役又打了两年,"改为""建文二年""，删掉""数十万级""和""自此"""
79,79/80章块0/81,逻辑,高,"""轻型无人拦截穿梭机'螳螂号'""却""仅有四个人""；第80章也称""无人科考穿梭机""",既说无人又载了四人,"删掉""无人"""
79,80/80章块40,逻辑,高,"丁仪""一百二十岁""，又""八十年前……六十年前在月球风暴洋""",如果他冬眠过，就不可能60年前在月球；如果没冬眠，他在危机纪元5年时已是成人，到205年早就超过两百岁,交代丁仪冬眠和苏醒的时间点，重算年龄和经历
79,39–46,节奏,中,一口气罗列白沟河、土木堡、鄱阳湖、倭寇犯南京四个典故,说教过长，还复用了第77章的例子,留一个最贴切的（土木堡），其余删掉
79,48–49,人物,中,"""被东方古老战略智库秘密派驻……特级政工指挥官""","章北海的来历说得含糊，""特工权限""一词也破坏人物质感","删掉""智库""""特工""，保留""执行舰长"""
79,10/80章块68,事实/设定,中,"""深空量子链路""/""量子超距通讯链路""","量子纠缠不能超光速传信，这和本作""只有智子能超距""的设定冲突","改为""激光中继""，并注明有数十分钟的延迟"
79,14,逻辑,低,"""横列一百列，纵列二十排""",一共2000艘，但文中反复说2015艘,"改为""一百零一列""之类，或写""外加十五艘旗舰居中"""
80,13–14,照搬,高,（涉及已出版作品，不摘录）,名句直接入文,"改为间接转述，比如""想起杨冬留下的那句否定物理学的话"""
80,15–52/57–74,照搬,高,（涉及已出版作品，不摘录）,两位主角完全缺席，只有丁仪的地质锤和绝对零度测温是新加的,如果要保留，至少让白道微或常灵珂事先给螳螂号提出一项原创的预警措施，并让它产生可见的后果
80,33–36,事实,高,"用红外激光测温仪读出""零下二百七十三点一五摄氏度""","红外测温靠接收物体辐射；一个理想全反射体会把室温辐射反射回来，读数应接近室温，不会是0K；而且""绝对零度""本身违背热力学第三定律","改为""读数异常，无法解释""，或者用接触式热电偶读出""不随环境升温"""
80,101,事实,高,"""大明崖山之后无华夏""","崖山之战是南宋灭亡（1279），与""大明""无关；这句本身也是有争议的说法",删掉
80,99/103,逻辑,高,"""护体罡气""；""我们在暗中布局运转了两百年的高维基业""","风格滑向仙侠；两人冬眠了两百年，谈不上""布局两百年""",删掉罡气；如有布局，交代由谁执行
80,16,逻辑,中,"""指尖，在真空中隐隐感受到了一股透骨而入的冰冷""",块7已加压到一个大气压，舱内不是真空,"改为""在空气中"""
80,19/16,事实,中,"用""量子隧道显微镜""放大一千倍后""钨丝倒影依然清晰""","扫描隧道显微镜不成光学像，看不到倒影；块16又叫""电子显微镜""",统一仪器，删掉倒影
80,全章,文笔,中,"""绝对""17次、""宛如""11次、""！！""16次",修饰堆砌,压缩
80,3/79章块79,逻辑,低,"""原本是……深空采样工程艇""与""轻型拦截穿梭机""",螳螂号的出身前后不一,统一
81,68,逻辑,高,（人物对白，定位见块号）,第82章块30、第83章块2都说自然选择号在战役前早已逃离、被四舰追击。这里又写它还在方阵里、刚刚启动，东方延绪还回头看火海。,删掉块68–70里自然选择号在场的描写，改成“远在柯伊伯带的自然选择号收到迟到的信号”。
81,31/74 vs 块97,逻辑,高,（人物对白，定位见块号）,块97明确写地球要几十分钟后才看到画面，此时还在播阅兵庆典。前面“全人类实时目睹”与此矛盾。,块31、74改成“在舰队残存的每一块战术屏幕前”，把“全人类目睹”留给第82章块44以后光速延迟到达的时刻。
81,72,逻辑,高,（人物对白，定位见块号）,第83章块2里“企业号”是战前就去追击自然选择号、躲过屠杀的四舰之一。同一艘舰在两处死法不同。,把这里的舰名换掉（如“独立号”），企业号只保留在追击编队里。
81,61–64、99–100,节奏/人物,高,（人物对白，定位见块号）,屠杀进行中，两人连续轮流讲萨尔浒、淝水、王阳明、崖山、于谦五段历史课。两个人的腔调一模一样，看不出区别，屠杀的紧张感也被冲散了。,最多保留一处最贴切的类比（萨尔浒那处就够了），其余删掉；让常灵珂说一句具体的、当下的话。
81,5/6,事实,中,（人物对白，定位见块号）,每秒一两百公里只有光速的万分之几，谈不上“相对论量级”。块95的“数十万倍音速”也错：每秒150公里大约是音速的四五百倍。,改成“远超人类任何航天器的速度”；块95改成“数百倍音速”。
81,33/60/101,事实（内部数字）,中,（人物对白，定位见块号）,水滴的速度前后写成150、170、300，第82章又是“数百”，第85章500，第87章800，随写随变。,定一个基准速度并统一；需要加速就明写“再度加速”。
81,82,文笔/事实,中,（人物对白，定位见块号）,同章写无限边疆号是4800万吨，这里的“万吨级”低了三个数量级。,改成“千万吨级”，或者干脆不写吨位。
81,90,事实,中,（人物对白，定位见块号）,故事时间是危机纪元205年，约23世纪，不是21世纪。,改成“危机纪元两个世纪里建立的”。
81,64,事实,中,（人物对白，定位见块号）,这句出自王阳明在南赣剿匪时写的书信（通常认为是《与杨仕德薛尚谦书》，正德十三年），时间早于宁王之乱，出处也不是《传习录》（待查证具体书信名，但不是平宁王时所写）。,改成“王阳明在南赣剿匪时致友人信中说”。
81,58,事实/人物,中,（人物对白，定位见块号）,恐惧不会大规模直接导致脑毛细血管破裂。常灵珂作为流行病学家张口就是一套神经科学数据，专业身份也对不上。,改成她从舰队生理监测网上看到大量心律失常、晕厥报警，用她懂的“群体性”视角去描述。
81,全章,文笔,中,（人物对白，定位见块号）,全章“彻底”29次、“绝对”16次、感叹号104个，“死神”“神级”“毁天灭地”一类词接连堆砌。,删掉约三分之二的感叹号和程度副词，让数据和画面自己说话。
81,22 vs 块95 vs 第82章块4,事实,低,（人物对白，定位见块号）,同一种聚变炉的温度在这几处分别写成数千万度、数万度、数亿度。,统一成“上亿度”。
81,76,事实,低,（人物对白，定位见块号）,大红斑位于南纬约22度，不在赤道；现代观测的长度约1.6万公里（19世纪曾达4万公里左右）。况且此时战场在背阳面。,改成“南半球的大红斑”，删去具体长度。
81,103,事实,低,（人物对白，定位见块号）,柯伊伯带距太阳30–50天文单位，离木星有二三十天文单位以上，不是“数个”。,改成“数十个天文单位之外”。
82,64–76 vs 块85–88,逻辑,高,（人物对白，定位见块号）,同一章里，两人先在地球公墓和罗辑喝酒，到块85–88又坐在量子号副座上向外太阳系狂奔，块97起再回到公墓。从木星到地球也不可能几小时就到。第83章块71、101又说他们在量子号上待到十天后才走。,定下一条路线：要么在量子号上待到第83章再乘穿梭机回来（这样删掉第82章块63–76、97–108，移到第84章以后），要么明写系统传送并说明代价。
82,59/107 vs 第84章块28–30,逻辑,高,（人物对白，定位见块号）,这里的公墓在地下城里，有“地下城天幕”；第84章却写罗辑被货梯送上一千米外的地表，公墓在地表雪原。,统一成地表公墓，删掉“地下城天幕”“人造松柏”。
82,97–107 vs 第84章块35–48,逻辑,高,（人物对白，定位见块号）,第82章战役当天坑已挖近一米、甚至“刚好能够容纳一个成年人”；第84章罗辑被放逐后“第一天清晨”才开挖，第七天挖到1.6米。,把第82章的挖坑戏删掉或改成“罗辑说要去挖坑”的预告。
82,31/78 vs 第81章块14,事实（内部数字）,高,（人物对白，定位见块号）,第81章说每舰约四千人，2013艘舰就是约800万人；这里写“数万”，第83章写“数十万”，第84章“几十万”。,统一口径，例如“数百万人”，全书一致。
82,70,事实,高,（人物对白，定位见块号）,张居正1582年死，1584年抄家，相隔约两年。当时有人提议剖棺戮尸，但并未执行。抄家时有家属饿死，长子张敬修自缢。,改成“死后两年即遭抄家，险被剖棺，家人饿毙、自缢”。
82,105–106,照搬/人物,高,（涉及已出版作品，不摘录）,雪地工程的构想和核弹数目直接沿用原著，却被写成主角事先在“海王星基地”验算好的方案，罗辑的原创智谋被主角拿走了。第84章包裹物又变成“八万吨”。,让方案由罗辑提出，主角只补一个具体环节（比如引信的冗余设计）；数字统一。
82,102 vs 块86,逻辑/事实,中,（人物对白，定位见块号）,块86写水滴恒定加速度每秒平方200公里，木星到L1约6–9亿公里，这样一小时左右就到了。按每秒三百公里巡航又要一个月左右。第83章块79还写十多天后仍差24小时。,选定一个到达时间，删掉具体加速度数值。
82,101,人物/事实,中,（人物对白，定位见块号）,流行病学家给人开神经活化剂、预言三年清醒期，专业不对口，“二次物理穿刺”也不是医学用语。,改成常灵珂找来医生，或者只写她做基础体征监测。
82,108 vs 第84章块100,人物/连续性,中,（人物对白，定位见块号）,第84章写照片里只有庄颜和一个女婴，第87章也只有一个女儿。这里和第85章块115都写“孩子们”。,统一成“孩子”或“女儿”。
82,75,文笔,低,（人物对白，定位见块号）,“大衍之数五十，其用四十有九”出自《系辞》，“遁去其一”是后世的说法，拼在一起用没问题；但和“暗度陈仓”一起出现是意象堆砌。,保留一个典故即可。
82,94,文笔,低,（人物对白，定位见块号）,手里拿着霰弹枪却说“横刀立马”，意象打架；“跨坐在铁门前”画面也不成立。,改成“拎着霰弹枪，堵在锈铁门口”。
82,56,逻辑,低,（人物对白，定位见块号）,地下总部集体开枪自杀的写法过于漫画化，也缺交代。,改成一两名具体人物的反应。
83,0–1、8、10–11,事实,高,（人物对白，定位见块号）,奥尔特云内缘一般认为在约2000天文单位，80天文单位只是柯伊伯带外侧。以光速1.5%飞16光年约需1070年，不是两千年。块11又写“一千六百年后”，块10说第800–1000年还在“奥尔特星云中央”（按这个速度约70年就飞出去了）。,改成“柯伊伯带外侧”；航程统一为“一千多年”；删掉“奥尔特星云中央”。
83,3/27/32/57/92,事实（内部数字）,高,（人物对白，定位见块号）,两万人；块27说另四舰“四千名”；蓝色空间号1200人，加上四舰死难15000人等于16200人。三处互相对不上。,统一人数，例如每舰约四千、总计两万，蓝色空间号四千人。
83,13,事实（内部时间线）,高,（人物对白，定位见块号）,叶文洁在杨冬墓前对罗辑讲话是危机纪元之前的事，距此两百多年。第84章块7“半个多世纪前…红岸”同样错了（红岸发射约在240年前）。,改成“两个多世纪前”。
83,14–15、36、52、92,照搬,高,（涉及已出版作品，不摘录）,两条公理几乎是原著原句逐字搬来；章北海的遗言、蓝色空间号抽空舱内空气防御、终极规律号先开火，也都按原著顺序复述。主角在这一段不在场。,公理改成人物用自己的话转述，遗言换一种表达；增加主角能介入的原创环节，或者干脆把这段压缩成一段转述。
83,70–71 vs 块98–101,节奏/逻辑,高,（人物对白，定位见块号）,青铜时代号偷袭量子号这件事写了两遍，一处说提前两小时，一处说提前三小时。块94主角又在同一章里从80天文单位外飞过了火星轨道。,合并成一段，统一时间，交代穿梭机的航程和用时。
83,67–68,逻辑,中,（人物对白，定位见块号）,如果是真空，摘头盔就会死；如果自然选择号舱内还有空气，就不该写“真空”。“无声地回响”本身也矛盾。,明确自然选择号舱内仍有空气，删掉“真空中无声地回响”。
83,79 vs 块94–95,逻辑,中,（人物对白，定位见块号）,黑暗战役发生在木星战役两周以后，这时水滴早该到了（第82章说四天）；第84章开头又把封锁太阳重写一遍。,把水滴到达L1放在第82章末或第84章开头，只写一次。
83,88,逻辑,中,（人物对白，定位见块号）,同章写次声波只杀了三艘舰的人（蓝色空间号幸存，终极规律号是被炮击炸毁的）。,改成“三艘”。
83,44/87,事实,中,（人物对白，定位见块号）,7赫兹次声波的一个周期约0.14秒，共振致死不可能在毫秒内完成；“一纳秒”更离谱。,改成“几秒之内”。
83,74,事实,中,（人物对白，定位见块号）,史料记载土木堡明军缺水，掘井两丈不得水，但“为抢水井自相残杀”缺乏记载（待查证）。,改成史载的“掘井不得水、人马饥渴”。
83,105,事实,中,（人物对白，定位见块号）,1642年开封黄河决口究竟是谁掘的，史学界有争议，明军一方、义军一方的说法都有，不宜直接写成“李自成水灌”。顾炎武“亡国/亡天下”之辨出自《日知录·正始》，这一处没错。,改成“崇祯十五年开封围城，黄河决口”。
83,91,用词,低,（人物对白，定位见块号）,飞船上没有“地下”，聚变燃料也不是“油”。,改成“主燃料储罐”。
84,19–26,逻辑,高,（人物对白，定位见块号）,政府刚恢复他至高无上的权力，紧接着就由治安队把他押上货梯放逐到地表。没有解释，前后逻辑断裂。块53又说核武权限早已拿到，块96联络专员才送来批准书。,二选一：要么官方仍在观望、民众驱逐，恢复身份放到对峙之后；要么写清楚罗辑是自己要求去地表。
84,58–63,逻辑,高,（人物对白，定位见块号）,块42–43刚写两颗智子24小时贴身监视罗辑，四人却在屋里把真实意图全讲了出来，只靠一句“系统高维盲区”遮过去，这是万能挡箭牌。,让关键意图不说出口，读者也到对峙时才明白，这样悬念也有了。
84,103,事实,高,（涉及已出版作品，不摘录）,《大统历》是洪武年间在元《授时历》基础上颁行的，不是嘉靖御制。“日行一度，月行十三度有奇”是历代天文志的通用说法，“天运无常，唯正气存焉”没有出处，疑似编造。,删除这处引文，或改用可考的原文。
84,31,事实,中,（人物对白，定位见块号）,大低谷发生在危机纪元，不在公元时代。,改成“危机纪元大低谷时期”。
84,55,病句,中,（人物对白，定位见块号）,两个“最怕”互相打架，前一个应该是“最不怕”。另外大史是警察出身，说“在部队搞刑侦”值得再核对。,改成“最不怕…；最怕…”，“在部队”改成“在局里”。
84,59,事实,中,（人物对白，定位见块号）,银河系恒星数量一般估计在一千亿到四千亿之间。第85章块116重复了这个数字，第88章块14又写成“太阳系两千亿颗恒星”。,改成“数千亿颗恒星”。
84,63 vs 第85章块36,设定,中,（人物对白，定位见块号）,这里是3秒、会受电磁干扰断开；第85–86章变成5秒、中微子通道不受干扰。何况水滴正在L1做全频段电磁干扰，按这里的设定引信随时会被误触发。,统一成第85章的中微子方案，删掉块63的电磁描述。
84,65,事实,中,（人物对白，定位见块号）,崇祯殉国在1644年，离危机纪元205年约570年，离主角出发的2025年约380年，都不是两百年。,改成“数百年”。
84,85,事实,中,（人物对白，定位见块号）,壬寅宫变后嘉靖移居的是西苑永寿宫，1561年焚毁重建后才改名万寿宫。后半句“借丹烟把锦衣卫、东厂密探布满两京十三省”缺乏史据（待查证）。,改成“移居西苑永寿宫”，删掉无据的推论。
84,102,照搬,中,（涉及已出版作品，不摘录）,这句是《三体》第三部里的名句，放在危机纪元的新人类口中属于提前挪用。,换成作者自拟的一句口号。
84,70,事实,低,（人物对白，定位见块号）,水滴的“铅幕”是微波干扰，挡不住可见光；块60自己也说“封不住可见光”。,删掉“铅幕”二字。
84,29,用词,低,（人物对白，定位见块号）,地表照到的是真正的阳光。,删掉“人造”。
85,62–75 vs 块86–99 vs 第86章块0–41,节奏/逻辑,高,原文：（罗辑举枪、智子打出血字、三体接受条件）,同一场对峙在第85章写了两遍，第86章从开场白起又完整写了第三遍，条件从三条变成四条，罗辑握枪的手从右手变成左手。这是本段最严重的结构问题。,只保留一版（建议用第86章的倒计时版，节奏最好），第85章块62以后改成布置和等待，第86章块4之前的重复内容删掉。
85,74 / 第86章块50,事实,高,（人物对白，定位见块号）,台州大捷在嘉靖四十年（1561）。第86章写“嘉靖三十六年成戚家军”，而义乌募兵在嘉靖三十八年（1559）。“嘉靖三十四年南倭围南京”实际是几十名倭寇流窜到南京城外，谈不上围城。,改成“嘉靖四十年台州九战九捷”“嘉靖三十八年募义乌兵”“三十四年倭寇流窜至南京城下”。
85,82,事实,高,（人物对白，定位见块号）,平壤之战在万历二十一年正月（1593），是明军以火炮攻城，小西行长连夜弃城撤走。“诈退露旗、谷道合围”的情节于史无据。,改成攻城的实际经过，或者换一个真有诱敌记载的战例。
85,119,事实,高,（人物对白，定位见块号）,万寿山是清乾隆时才改的名，明代叫瓮山，这首题诗也查不到出处，疑似编造。,删除。
85,26,事实,中,（人物对白，定位见块号）,捕鱼儿海之战在洪武二十一年（1388）。,改年份。
85,51,事实,中,（人物对白，定位见块号）,九二式9毫米手枪弹匣是15发（5.8毫米型号更多），不是7发；而且手枪上膛拉的是套筒，不叫“拉栓”。,改成“十五发压满”，或换一把七发弹匣的老式手枪（如五四式是8发）。
85,29/42 & 第84章块67,事实,中,（人物对白，定位见块号）,戴在手腕上的手环读不到颈动脉；腕部常用来测脉搏的是桡动脉，不是尺动脉。,改成“桡动脉”，删掉颈动脉。
85,42 / 第86章块69,事实/逻辑,中,（人物对白，定位见块号）,核弹部署在水星到金星轨道之间，离地球约0.3–1.7天文单位，单程光速延迟就要几到十几分钟，不是三十万公里；第86章块69写“5秒内双向握手”在物理上做不到。,改成“单向心跳广播，飞船端设超时窗口（例如按距离设十几分钟）”。
85,1/4,事实（内部）,中,（人物对白，定位见块号）,核弹本身几百吨，外面却包着八万吨，比例荒唐；第82章又写“十万吨级”。,删掉具体吨数，或写“数千吨”。
85,0 vs 块27,设定,中,（人物对白，定位见块号）,同一章开头说核弹部署在水星和金星轨道之间，这里又变成火星轨道。,统一部署位置。
85,16–19,事实,中,（人物对白，定位见块号）,尘埃云只分布在黄道面上，就只有位于黄道面附近的观察者能看到它遮挡太阳，无法向所有方向广播。,加一句说明：核弹分布在不同倾角的轨道上，让各个方向都能看到遮挡。
85,84 / 第86章块80,人物/事实,中,（人物对白，定位见块号）,活人体内这些激素不可能归零；“神圣解离”也是伪术语；而且常灵珂的专业不是神经科学。,改成“应激指标低得反常”，一句话带过。
85,全章,文笔,中,（涉及已出版作品，不摘录）,全章感叹号122个；“龙气”“太古龙吟”“金色祥云”把科幻场景写成了修仙场景，冲淡了罗辑一个人面对三体的分量。,对峙场面里删掉主角的特效和台词，只保留罗辑、大史和风雪。
86,12 vs 块3,逻辑,高,（人物对白，定位见块号）,块3和第85章都写右手持枪顶着右太阳穴，这里变成了左手。,改成“右手食指”。
86,82,事实,高,（人物对白，定位见块号）,这是唐代李翱的《赠药山高僧惟俨》，不是嘉靖的话。,改成“唐人李翱有诗”，或者删掉。
86,99,事实,高,（人物对白，定位见块号）,查不到这首诗，疑似编造（待查证）。,删除，或换成可考的嘉靖诗作（如第85章块61的《送毛伯温》，那首是真的）。
86,39–40,逻辑,高,（人物对白，定位见块号）,三体居然主动帮人类造一个能随时广播自己坐标的扳机，动机说不通。这也会影响后面威慑纪元的设定（第87章块63–66照此建了三座天线）。,删掉第四条，引力波天线由人类自己造（可以借助解封后的物理学）。
86,11,事实,中,（人物对白，定位见块号）,L1距地球150万公里，水滴以高速俯冲只需几秒到几十秒；八分钟是日地之间的光程，搬错了地方。智子通信是超距的，也不存在“光速延迟”。,改成“即便只需十几秒，也快不过扣扳机的零点一秒”。
86,72–74,事实,中,（人物对白，定位见块号）,北京正负电子对撞机在海淀区玉泉路的高能所，不在怀柔（怀柔有高能同步辐射光源），能量是GeV量级。“散射截面坍缩成高斯正态分布”“杨-米尔斯质量缺口呈现拓扑相变”都是术语堆砌，没有物理意义。第87章块10又改成“数千亿电子伏特”。,地点改成“玉泉路”或泛称；只写“数据终于重复出来了”这种朴素而可信的细节。
86,87–89,逻辑,中,（人物对白，定位见块号）,按第83章，蓝色空间号只是自卫击毁了终极规律号，另外三艘是终极规律号杀的。另外，它已经离开一个多月，不可能还在80天文单位处；以光速1.5%飞行也不算“相对论速度”。,改成“洗劫了友舰的遗骸”，距离写“一百多天文单位”，删掉“相对论速度”。
86,58,事实,中,（人物对白，定位见块号）,黄河决口发生在第三次围城期间（崇祯十五年九月），不是“解围后次年”。当时城内人口一般估计三十多万，“百万”夸大了。,按实际时序改写。
86,63–64,人物/逻辑,中,（人物对白，定位见块号）,在罗辑最闪光的时刻发法宝，还让罗辑说“若无你们我早成冰湖白骨”，把罗辑写成了靠主角成事的配角。,删掉玉印和这句感谢。
86,0 vs 第85章块57,连续性,低,（人物对白，定位见块号）,第85章对峙的位置是罗辑自己挖的墓坑边。,统一地点。
86,2,事实,低,（人物对白，定位见块号）,地幔厚约2900公里；而且信号本来也不必穿过地核。,删掉具体数字。
87,62/79/83,事实（墨尔本）,高,（人物对白，定位见块号）,墨尔本机场（Tullamarine）在市中心西北约20多公里，不在亚拉河边，不可能沿河走进城。块62又说穿梭机降落在弗林德斯车站大钟下方，和块79“降落在国际空港”矛盾。,改成穿梭机降落在南岸（Southbank）一带，两人沿亚拉河走到王子桥。
87,62/80 vs 第84–86章,事实（季节）,高,（人物对白，定位见块号）,北京这时是隆冬暴雪（第84–86章），块58说离开还“不到一个月”。北半球隆冬时墨尔本正是夏天，不可能“初冬”。,要么写成墨尔本夏夜雷雨，要么交代中间过了半年。
87,97/101 & 第88章块9,事实（墨尔本）,高,（人物对白，定位见块号）,卡尔顿花园是公共公园，园内是皇家展览馆和墨尔本博物馆，没有私人住宅。,改成“卡尔顿花园对面、拉思唐街（Rathdowne St）上的一栋维多利亚式联排屋”。
87,87,设定,高,（人物对白，定位见块号）,按全书设定，同契是2025年墨尔本冬夜在唐人街剧本杀中绑定的，不是某个深秋在车站发的誓，也不在危机纪元。,改成“在幕中某个时刻重游此地”，或者删掉“同契誓言”。
87,49–57 vs 第88章,节奏/逻辑,高,（人物对白，定位见块号）,喊了“出幕”，接着却是坐穿梭机飞去23世纪的墨尔本，在那里深吻、吊坠共鸣；第88章又回到2025年的墨尔本，再吻一次、再共鸣一次。高潮写了两遍，“出幕”的含义也乱了。,第87章在罗辑入井后结束（块50以后删掉），墨尔本部分只放在第88章写一次。
87,45,事实,高,（人物对白，定位见块号）,《皇明祖训》里没有这句，这是后世的概括性说法。“不封王、不和亲、不赔款、不割地”是网络口号，其中“不封王”就不成立：隆庆五年明朝封俺答为顺义王。“永乐迁都北京，镇守辽东”在地理上也不对。,删掉出处和“四不”，改成“后人称明朝‘天子守国门’”。
87,59–60,事实,高,（人物对白，定位见块号）,菜市口是清代的刑场；《明史》记载于谦被杀后“天下冤之”，并没有百姓拍手称快。《石灰吟》传统上认为是于谦少年时所作，不是临刑之作（第81章块100的暗示也要一起改）。矿税始于万历二十四年，不是二十七年。,按史实改写。
87,86,事实（墨尔本）,中,（人物对白，定位见块号）,弗林德斯街车站主体是红砖加浅黄色灰泥饰面，不是砂岩。入口上方那排著名的钟是显示各线路下一班车发车时间的指示钟，不报当前时间（待查证是否会“敲响”）。,改成“红砖黄饰的车站”，写那排钟时点明它们是指示发车时刻的。
87,102,事实,中,（人物对白，定位见块号）,册封在万历二十四年（1596）。秀吉不接受和约条件，并没有开放互市，第二年（1597）就再次出兵。,改成“册封使抵日，秀吉怒而不受，次年再兴兵十四万”。
87,0 vs 第84章块26,连续性,中,（人物对白，定位见块号）,第84章放逐发生在205年冬天，挖坑一个月后对峙，按文意是在205或206年，这里却成了208年，中间三年没有交代。,要么在文中补一句“三年后”，要么改年份。
87,29 vs 第84章块100,连续性,中,（人物对白，定位见块号）,第84章的“最后合影”里女儿还是襁褓中的婴儿。冬眠复苏后立刻“光着小脚丫跑过来”也不现实。,统一女儿冬眠时的年龄；复苏后先写需要休养。
87,23–25,病句/节奏,中,（人物对白，定位见块号）,手搭在扶手上就没法边走边进屋；块24已写大门封死，块25又回到“封死之前”的会面，时序倒错。,按时间顺序重排：先见妻女，再入井。
87,33,人物,低,（人物对白，定位见块号）,这是对妻子庄颜说的话，却自称“爸爸”。,改成“我做到了”，把“爸爸”留给对女儿说的那句。
88,全章,人物/连续性,高,（人物对白，定位见块号）,全章主角名一律写成“常令可/白道伟”（48次和54次），没有一处用“常灵珂/白道微”。全书检索下来，这对名字还出现在第89–90章和第99–120章，看来是另一版稿子混了进来。,全局统一姓名，并通读这些章节的人设。
88,5/32/43,人物,高,（人物对白，定位见块号）,女主在简介里是流行病学专家，这里成了剑桥的神经科学家；“解剖图谱”用词也不对。,改回流行病学背景（比如她习惯用群体、概率、传播模型来思考）。
88,11/46,事实,高,（涉及已出版作品，不摘录）,三体星系离地球约4光年；块46“以三体母星的覆灭起誓”也不对，按原著时间线三体母星在后面才被毁。,改成“四光年外”，誓词里删掉“覆灭”。
88,13/36/76/89,连续性,高,（人物对白，定位见块号）,卢浮宫地宫、雪峰发射井在前文都没有出现；罗辑也没有“按下开关”，而是持枪对峙。块36“罗辑在冥王星”是后来才发生的事；块89“万历朝的观星台”和明幕设定的嘉靖朝不符。,按第81–87章实际发生的事件重写这些回忆。
88,14,事实/逻辑,高,（人物对白，定位见块号）,“以某个速度悬停”自相矛盾；水滴是在L1点，不是同步轨道；“太阳系两千亿颗恒星”也不对，太阳系只有一颗恒星。,改成“悬在日地L1点”“银河系数千亿颗恒星”。
88,30–37、61–67,文笔/节奏,高,（人物对白，定位见块号）,表白前后两人各讲一大段熵增、耗散结构、博弈论和嘉靖孤寂，像论文腔，一点不像恋人说话；接吻又铺了15个块，“霸道”“娇躯”“雄性荷尔蒙”一类套话很多。,把这一章压到现在的一半；表白用一两句只有他们俩才懂的具体往事（比如九堰、木星观察舱里的某个瞬间）。
88,1,事实（墨尔本）,中,（人物对白，定位见块号）,35路City Circle用的是W型古董电车，常见涂装是酒红（栗色）配金色，不是墨绿（待查证当前涂装）。冬季这趟车大约傍晚6点收班。,改成“酒红色的35路环城老电车”，时间放在收班前。
88,22,事实,中,（人物对白，定位见块号）,海瑞死后获赠太子太保，谥号忠介，送葬时百姓夹道，并没有遭到“死后清算”。,删去海瑞，只留张居正。
88,6,连续性,中,（人物对白，定位见块号）,对峙发生在京华雪松公墓，不是红岸遗址。,改成“雪松公墓”。
88,55–68,设定,中,（人物对白，定位见块号）,按设定，同契从一开始就绑定了生命体征，这里又冒出“精神同契度”百分比和新技能“反熵心印”，与已有的同契规则怎么衔接没有交代。系统称女主为“核心协作者”，也和“同契双方”的地位不一致。,说明这是同契的一个新层级，或者删掉数值条。
88,100,照搬/节奏,中,（涉及已出版作品，不摘录）,直接把原著第三部的剧情剧透给读者，也提前泄掉了后面各章的悬念。,删除，或者模糊成“更深的黑暗”。
88,70,病句,低,（人物对白，定位见块号）,多了一个“的”。,改成“她仰起头”。
89,17,人物,高,（人物对白，定位见块号）,主角名写成“白道伟/常令可”，与第91章起（及全书简介）的“白道微/常灵珂”不一致。整章设定（住在墨尔本、系统修真）也和后文冲突，像是旧稿残留,统一人名；确认第89–90章是否作废或重写，与第91–96章合并成一条时间线
89,56,逻辑,高,（人物对白，定位见块号）,块56、块61写执剑三十年，块91–92又写威慑六十一年、两万天，同一章内自相矛盾；第93章又是五十四年,全书定一个执剑年限，全段统一
89,33,事实,高,（人物对白，定位见块号）,三体星系距地球约4光年，本段其他地方也写“四光年”；210光年与设定矛盾（第90章块84同样有这个错）,改为“四光年”
89,83,逻辑,高,（涉及已出版作品，不摘录）,主角直接预言原著后续情节，等于把全知搬到台面上，悬念全失，也暴露出主角明知结局却不作为,改成基于模型的概率判断，并让主角为阻止它付出实际行动
89,25/块37,逻辑,中,（人物对白，定位见块号）,前面说智子是全息投影，后面又分析她的“伺服关节”“机械传动轴”，第95章则写成实体机器人,统一成实体仿生机器人
89,9,错字,中,（人物对白，定位见块号）,“枝权”应为“枝杈”,改“枝杈”
89,43,事实,中,（人物对白，定位见块号）,萨尔浒明军号称二十万、实际约十万，四路中李如柏一路撤回，并非全军覆没（阵亡约四万余，待查证具体数）,改为“四路大军三路覆没”
89,0–16,节奏/文笔,中,（人物对白，定位见块号）,前17块是百科式盛世罗列，每块都是宏大名词堆叠，没有人物视角,压到三四块，挑一两个具体细节，由主角的眼睛看出去
89,84/块97,文笔,中,（人物对白，定位见块号）,主角对大众带着蔑视（“温室婴儿”“想找死”），和主角惯有的悲悯形象打架，也削弱了读者共情,保留判断，减少轻蔑用语
89,63,事实,低,（人物对白，定位见块号）,通常说法是约三十年（万历十七/十八年起）；“二十八年”需注明依据,改“近三十年”
89,21–22,事实,低,（人物对白，定位见块号）,庚戌之变在嘉靖二十九年，与成化、弘治相隔数十年，因果链写得像接连发生,改为“正德、嘉靖之际”，或点明时间跨度
89,95,事实,低（待查证）,（人物对白，定位见块号）,弗林德斯街车站的钟以挂钟排著称，是否整点报时待查；墨尔本整点报时一般说的是市政厅或邮政总局钟楼,核实后改成会报时的钟楼
89,94,事实,低,（人物对白，定位见块号）,卡尔顿在内陆，离菲利普港湾也有数公里，“南大洋的风”牵强,改“从海湾吹来的南风”
90,89–93,节奏,高,（人物对白，定位见块号）,系统播报作品字数，第四面墙被打破，接下来几块全是作者自我庆祝，严重出戏,整段删去，作者感言放到章节外
90,8,错字,高,（人物对白，定位见块号）,正文里混进拼音“jie”,改“叶文洁”
90,16–44,文笔/逻辑,高,（人物对白，定位见块号）,修真式结算（功德、真水、筹码、九旒冠、历代帝王显灵、全宇宙全知）和前文硬科幻基调断裂；“无视光速延迟全知洞察”“寿元无量”让之后所有危机失去张力,大幅削减，奖励限定在不破坏后续悬念的范围；删掉“全知”“不朽”
90,3–15,照搬,高,（涉及已出版作品，不摘录）,用“画卷”形式把面壁者、黑暗森林、末日战役、雪地对决逐条复述一遍，其中还直接借用原著名台词，主角只挂名“剖析”“庇护”,删到两三句回顾，只写主角在这些事件里真正做了什么
90,69,逻辑,高,（人物对白，定位见块号）,用词错误：威慑纪元持续了几十年，十五分钟是交接后到崩溃的时间,改为“自交接到崩溃，不到十五分钟”
90,84,事实,高,（人物对白，定位见块号）,三体星系约四光年远，同章块61也写“四光年外”；另外块85的“四亿三体人”和第95章的“一千亿公民”冲突,改“四光年”，统一三体人口
90,78–86,逻辑,高,（人物对白，定位见块号）,主角刚获得全知和逆天道器，威慑崩溃时却只在旁观、报告；况且这些情节第91–96章还要再写一遍,与第91–96章合并，只保留一次交接；让主角的行动真正改变局面
90,77/块98,事实,中,（涉及已出版作品，不摘录）,同一句名言，块77归给章北海，块98又归给维德，本章内自相矛盾,统一出处，并避免直接套用原著台词
90,50/块73,逻辑,中,（人物对白，定位见块号）,块50是两百亿人，块73是四十亿人被迁往澳洲；第91、94章都是四十亿,统一人口数
90,71,错字,中,（人物对白，定位见块号）,多了“成”字；另外“一周内全部迁徙”和“一年内抵达”的节奏也值得再斟酌,改为“抵达地球轨道”
90,79,文笔,中,（人物对白，定位见块号）,量词错误，“名”不能用于战舰；而且蓝色空间号只有一艘,改为“幸存的蓝色空间号”
90,全章,文笔,中,（人物对白，定位见块号）,全章46个感叹号，拟声“轰”反复出现，句句拔高,感叹号删到个位数
91,43/块55,人物,高,（人物对白，定位见块号）,本章起主角名改为“白道微”，但罗辑仍叫他“道伟”（第92–96章也有），应是同音误植,全段检索“道伟”并替换
91,14/块18,逻辑,高,（人物对白，定位见块号）,按第93章，罗辑威慑元年约30岁（第40年七十多、第50年80岁）；按第90章则是40岁。无论哪种，都不该写成满手老年斑的风烛老人,按确定的年龄重写外貌，可以写疲惫早衰，但不要写老年斑
91,62–68,逻辑,高,（人物对白，定位见块号）,块62刚写“扎下第一根钢铁之根”，块68当天深夜两公里竖井就已完工，还发出了测试脉冲,块68前加上时间跨度（如“一年后”），或把测试脉冲挪到第92章
91,6,事实,中,（人物对白，定位见块号）,切伦科夫辐射要在介质中、粒子速度超过该介质中的光速才会出现，真空里不会产生；第93章块22又写成“切伦科夫”，译名也不统一,换成“电离辉光”之类的虚构现象，统一译名
91,5,事实,中,（人物对白，定位见块号）,真空中没有“马赫”；而且水滴此刻还在海王星与天王星之间，“俯冲华北平原”的说法不合,改用“每秒××公里”，并去掉“华北平原”
91,3/块16,文笔,中,（人物对白，定位见块号）,用“吨”来计量生灵不通；块3的“四百亿吨物质”同样意义不明,改为“两个世界的数十亿生灵”
91,31/块41,事实,中,（人物对白，定位见块号）,块31写四百光年、块41写两百光年，同段又说“四光年外”,统一为四光年
91,68 vs 第92章·块1,事实,中,（人物对白，定位见块号）,第92章块1写的是“太古宙花岗岩地盾”，块63又是“中生代岩层”；井深在2000、2100、2200米之间变动,统一为太古宙基底，深度统一
91,42,文笔,低,（人物对白，定位见块号）,喝的是小米粥，却写“麦香”；块41“从温室里挖出来的土小米”，小米也不是挖出来的,改“米香”“新收的小米”
91,71,事实,低,（人物对白，定位见块号）,地月之间单程约1.3秒光行时，“无延迟”不对,改“两秒多后折返”
91,23/块73,事实,低,（人物对白，定位见块号）,规范名称是“奥尔特云”，它不是星云（本段反复出现）,全段改“奥尔特云”
92,0/块20/块61,逻辑,高,（人物对白，定位见块号）,早春动工，三月十五日交接，几周内完成三座两公里深井和一根120万吨的钨天线，不可信；而且第91章说核弹可靠性还有五到八年，并不急,把工期拉长到三到五年，交接日期相应后移
92,19,事实,高,（人物对白，定位见块号）,三个点构不成四面体；华北、阿尔卑斯、南极三点也不是等边,改为“三处呈大三角分布，保证任何时刻至少一处可以发射”
92,30–31/块38,逻辑,高,（人物对白，定位见块号）,块30说把触发逻辑藏在软件常数里，块31又说“没有一行软件代码”，两者矛盾；况且条约允许智子监督，块38智子已经看穿并称赞了这个硬件，前面的“瞒过”也就不成立,只留物理熔丝方案，删掉“伪装成热噪声”
92,31,事实,中,（人物对白，定位见块号）,《大统历》是历法；天元术出自宋元（李冶），大衍求一术出自秦九韶《数书九章》，都不在《大统历》里，而且明代中叶天元术已近失传,改为“借宋元算书中的大衍求一术”
92,45–46,逻辑,中,（人物对白，定位见块号）,前一句少盐，后一句浓油赤酱，前后打架,改“浇上清淡的香菇肉末卤”
92,55,事实,中,（人物对白，定位见块号）,龙井是散装扁形绿茶，不压砖；“老树茶”也是普洱的说法,改“一小罐明前狮峰龙井”
92,49 vs 第89章·块61,逻辑,中,（人物对白，定位见块号）,这里说庄颜母女在冬眠，第89章却说她们“带着孩子离开了他，隐入凡尘再无音讯”,统一为冬眠
92,72 vs 第90章·块61/第93章·块46,逻辑,低,（人物对白，定位见块号）,罗辑的威慑度在几章里分别是99.98%、90%、“从未低于91%”,统一为一套指标
92,9,事实,低,（人物对白，定位见块号）,震级没有到12级的，有记录的最大约9.5级,改为“能承受强震及近距核爆”
92,6,文笔,低,（人物对白，定位见块号）,比喻层层叠加，工程描写被修辞淹没（天线质量的计算倒是自洽，值得肯定）,去掉一层比喻
93,41/块52/块67 vs 第90章·块53,逻辑,高,（人物对白，定位见块号）,本章罗辑威慑五十四年时84岁，第90章是威慑六十一年时101岁；标题“五十四年”也与第89–90章的61年冲突,定一套年龄和年限
93,31,事实,中,（人物对白，定位见块号）,末日之战发生在威慑元年之前数年，威慑第12年说“两百年前”是错的,改“十几年前”
93,29,事实,中,（人物对白，定位见块号）,宇宙年龄约138亿年，三体文明不可能有“百亿年”历史；第95章块13、块28又重复出现,改为“两百余轮文明兴灭”
93,44,事实,中,（人物对白，定位见块号）,经锁骨下静脉给的药要先经右心、肺循环才能到冠脉，谈不上“直接”；冠脉痉挛的常规处置也不是“诱导昏迷加紧急手术”,改为“经静脉泵入硝酸酯类药物”，删掉“诱导昏迷”这个伪两难
93,44,人物,中,（人物对白，定位见块号）,常灵珂的设定是流行病学专家，这里却成了心内科加中医急救专家，本段还兼神经科、营养科，全能化,让她负责决策与协调，具体操作交给在场医师
93,13 vs 第91章·块24,逻辑,中,（人物对白，定位见块号）,第91章是“八百四十一艘主力战舰”,统一舰队数
93,57–65,节奏,中,（人物对白，定位见块号）,这里已经写到程心当选的前奏，第94章又从第五十四年重讲一遍社会变化和程心苏醒，内容重复,把温室社会的描写集中到第94章
93,51,逻辑,低,（人物对白，定位见块号）,生理上做不到，而且与块7“六小时睡眠”、第92章“单人床”冲突,删去
93,72,事实,低,（人物对白，定位见块号）,引力波以光速传播，到太阳系外围要数小时,改为“在五毫秒内完成激发”
94,43,事实,高,（人物对白，定位见块号）,威慑元年约在危机纪元208年（第91章块21），威慑五十四年约相当于危机纪元262年，不是227年,删掉括号，或改正换算
94,2/块60,事实,高,（人物对白，定位见块号）,天城在三千米高空，“两万里”约一万公里；三千米也不属于平流层,改“三千米下”，删“平流层”
94,6–13/块21–26/块53,人物,高,（人物对白，定位见块号）,温室社会被写成一群漫画式的丑角（晕血、昏厥、讲解员哭诉、秘书长整理蕾丝领口）。主角用“粉头”（旧指妓女）这类侮辱性词语鄙薄性别气质，反派工具化，也可能冒犯读者,保留一两个有说服力的新人类（有自己的逻辑和尊严），删去性别嘲讽词语
94,27,事实,中（待查证）,（人物对白，定位见块号）,杨继盛死于嘉靖三十四年，沈炼死于三十六年，都早于改稻为桑（约嘉靖三十九年后）；主角若是在明幕篇时间段才到达，不可能亲见,对照第1–40章主角到达的年份，必要时改为“他读过……”
94,51–58,逻辑,中,（人物对白，定位见块号）,主角已算准程心会失败，却只递了一份报告、囤了物资，没有争取任何替代方案（比如推举其他候选人、公开数据）,加一次失败的正式尝试，并写清失败原因
94,55,人物,中,（人物对白，定位见块号）,主角等于在盼望灾难屠戮平民，和他守护人类的动机相冲突,改成绝望之后的自责或反省
94,28,事实,低,（人物对白，定位见块号）,艮岳初名万岁山，是同一处园林，不应并列为两件事,改“修艮岳，搜花石纲”
94,37,事实,低,（人物对白，定位见块号）,家蚕蛾仍有翅膀，只是飞不起来；而且会飞的是蛾，不是蚕,改“家蚕蛾翅膀退化，已经飞不起来”
94,56,逻辑,低,（人物对白，定位见块号）,总人口四十亿，得票三十九亿四千万，等于连婴幼儿都投了票，而且“98.4%”的分母不明,改为“有投票权者的98.4%”
95,43/块66,事实,中,（人物对白，定位见块号）,嘉靖三十四年是1555年，威慑五十四年已在23世纪后期，相隔约七百年，不是四百年,改“七百年前”
95,41,事实,中,（人物对白，定位见块号）,汪直、徐海都是中国人，嘉靖倭寇大多为中国海商和海盗；“俳句”这一形式是在江户以后才定型的，此处时代错置,改为泛指倭寇中的日本浪人头目，去掉俳句，或点明这是讥讽的夸张
95,7,文笔,中,（人物对白，定位见块号）,“极道”在日语里指黑道，用词不当,改“岛田髻”或“垂髻”
95,25 vs 第90章·块85,逻辑,中,（人物对白，定位见块号）,第90章写的是四亿三体人,统一人口
95,57/块71,事实,中,（人物对白，定位见块号）,行星环和小行星带质量太小，做不成引力弹弓，而且都在水滴位置以内；块57写“海王星轨道外侧二十个天文单位”，块71又写“距离地球二十个天文单位”，还有“两万里下”“绝对零度的镜面”等说法，前后不一,统一为“距太阳约50天文单位”，删去弹弓一句
95,44,逻辑,中,（人物对白，定位见块号）,手臂不可能每秒摆440次；智子能把皮肤、体温都仿得天衣无缝，却在手臂频率上露出这么大的破绽，是降智,改成更隐蔽的破绽，比如节律误差完全为零
95,3,错字,低,（人物对白，定位见块号）,词语重复,删一个“履带”
95,22,事实,低（待查证）,（人物对白，定位见块号）,未见茶道里有这个礼名,改用“真之礼”一类实有的礼法，或明说是智子自创
95,52,事实,低,（人物对白，定位见块号）,明朝亡于李自成攻破北京（1644），当时国号已改为清；“后金”用法不准确,改为“大明之亡，外有清兵、内有流寇”
96,18,事实,高,（人物对白，定位见块号）,危机纪元初期三体舰队刚从三体星系出发，离地球四光年，不可能已到柯伊伯带,改“刚离开三体星系”
96,30,逻辑,高,（人物对白，定位见块号）,本书里人类早已掌握冬眠（程心、罗辑都冬眠过），这句话与设定直接冲突,改为“飞船载荷装不下冬眠维生系统”
96,60 vs 第90章·块98,逻辑,高,（人物对白，定位见块号）,第90章把维德的光速飞船之争放在将来，这里却说他早已受审，时间线冲突,删去，或改成别的历史人物
96,15,逻辑,中,（人物对白，定位见块号）,阶梯计划在危机纪元头几年，那时面壁者的方案还是秘密，要多年后才被破壁；维德不可能提前知道,改为泛泛讥讽面壁计划本身
96,24/块26,事实,中,（人物对白，定位见块号）,光帆靠外部核爆推动，不消耗自带工质，不适用火箭方程；载荷在同一场会议里从100公斤突降到18.5公斤，缺少过渡；块20的“一千枚”与块21、36的“一千零四枚”也不一致,改为“动量传递与帆面强度极限”，统一数字
96,10,事实,中,（人物对白，定位见块号）,来俊臣、周兴是武周时期的酷吏，不是明朝人,改“史上酷吏，远有来俊臣、周兴，近有明初毛骧”
96,56,事实,中,（人物对白，定位见块号）,严嵩罢官在嘉靖四十一年；胡宗宪当年被逮后获释，嘉靖四十四年再次下狱，死在狱中,改为“严党倒后三年，胡宗宪再度下狱，自尽狱中”
96,64,事实,中,（人物对白，定位见块号）,李自成进北京时并不要求剃发，剃发令是清军入关后颁布的,改“争先恐后投名状迎闯”
96,9/块28/块31,照搬,中,（涉及已出版作品，不摘录）,维德的口号、“只送大脑”的决定、“出卖母亲”的比喻都几乎照原著人物台词复用,改写成本书自己的表述
96,50,文笔,低,（人物对白，定位见块号）,靶向药用来抗癌，不是止痛药,改“镇痛药”
97,64,错字,高,（人物对白，定位见块号）,本章叙述用“白道微”，对白却写“道伟”，是旧名残留（第98章块59同）,全书统一为“道微”
97,62,事实/逻辑,高,（人物对白，定位见块号）,危机纪元三年，人类还不知道“水滴”，这是时代错置,改为“死在三体舰队抵达那天的孩子”
97,23–24,逻辑,高,（人物对白，定位见块号）,胡文已经走了又坐回来，段落顺序错乱,把块24–27移到块23之前，或删去重复的回忆段
97,2/13,设定,中,（人物对白，定位见块号）,同一时间点混用两种纪年，而且“公元世纪”不是规范称呼,统一用“危机纪元第3年”，删去“公元世纪”
97,5,逻辑,中,（人物对白，定位见块号）,文明灭亡在四百年后，“两个月”没有依据,改为“他等不到那一天”
97,39/47/49,事实,中,（人物对白，定位见块号）,K5V主序星在约88秒差距处，视星等估算约12等（待查证）；块47寿命“三百亿年”偏保守，K5V理论寿命通常估在五百亿年以上（待查证）,核对星表参数，或干脆不给精确数值
97,41/49 vs 第101章块23,设定,中,（人物对白，定位见块号）,第101章又说类地行星到威慑纪元才被发现、这才让资产暴涨，两处矛盾,二选一，建议保留“当时未知”
97,49,视角,中,（人物对白，定位见块号）,云天明的内心不可能知道大明和水滴，叙述人越界,删去这半句
97,65,人物,中,（人物对白，定位见块号）,白道微在交接前就断言结局，而且对程心动机的判断失真，削弱悬念,改为有保留的担忧，不下定论
97,48/50,连续性,低,（人物对白，定位见块号）,同一份证书两个签发机构,统一为行星防御理事会
97,54,文笔,低,（人物对白，定位见块号）,真人医师不会发出“合成音”,改为“注射仪的合成语音”
97,12/15,文笔,低,（人物对白，定位见块号）,夸饰失真，病人不可能感知到这些,删去，或改为可感的疼痛描写
98,2/52/55 vs 块56,逻辑,高,（人物对白，定位见块号）,常灵珂在危机纪元三年亲临手术、护送程心冬眠，同章又“两百年后在档案馆读卷宗”。她怎么跨越两百年，全无交代,要么删去她亲历的段落，只保留读档；要么明确她也冬眠过
98,7,事实,高,（人物对白，定位见块号）,77K是液氮沸点，液氦约4.2K；“纳秒级注入”也不合物理,改为“液氮灌注，数分钟内降至77K”
98,41,事实,高,（人物对白，定位见块号）,光走三千万公里只需约100秒；同块“光信号已前行三十分钟”也对不上,改为约五亿公里、光行时约半小时，或重算数字
98,16 vs 块25/60,连续性,高,（人物对白，定位见块号）,工期前后矛盾；块60发射日期又和开头“立冬手术”对不上,统一时间表
98,30/31/40/43,连续性,中,（人物对白，定位见块号）,速度数值来回变（千分之五光速约1500km/s）,定一个终速，全章统一
98,4/13,事实,中,（人物对白，定位见块号）,全氟萘烷是携氧液，不是冷冻保护剂；特氟龙是固体塑料，不能当冲洗液（第97章块63同）,改为“甘油/二甲亚砜类冷冻保护剂”“生理冲洗液”
98,6,事实,中,（人物对白，定位见块号）,解剖混乱，迷走神经是周围神经，取脑应离断脑干与脊髓,改为“离断延髓与颈髓交界”
98,7/10,逻辑,中,（人物对白，定位见块号）,质量预算精确到克，称重之后再加载荷不合逻辑,把种子挪到称重之前，并写明挤掉了什么
98,24/57,照搬,中,（涉及已出版作品，不摘录）,直接挪用原著维德的标志性台词,另写符合人物的原创台词
98,58,事实,中,（人物对白，定位见块号）,张骞、霍去病、班超都是汉代人，不是“大明”,改为“汉家儿郎”
98,57,逻辑,中,（人物对白，定位见块号）,交接前人类不可能知道这些，主角的信息来源不明,删除，或改为猜测
98,13 vs 块5,逻辑,低,（人物对白，定位见块号）,前文写的是整块掀开颅骨瓣，不是微创,删去“微创”
98,59/61,连续性,低,（人物对白，定位见块号）,时间表述冲突,统一
98,16,事实,低,（人物对白，定位见块号）,危机纪元三年还没有可控聚变推进,改为“重型化学运载火箭”
99,全章,连续性/结构,高,第98章停在交接前28小时，本章直接跳到二向箔,跳过交接、广播纪元、掩体纪元约百年剧情；标题“程心的苏醒”与正文完全不符,按新大纲重写，或把本章移到正确位置
99,40/43/57,人物/文笔,高,（人物对白，定位见块号）,数据科学家变成玄门金仙，与前98章人设断裂；“道伟”“令可”也是旧名,删除全部仙侠元素，恢复“白道微/常灵珂”的现代人设
99,70 vs 块58/96,逻辑,高,（人物对白，定位见块号）,船上实际有白、常、程、艾四人,删去容量限制，或改写
99,36–43/70–74/84–86,节奏,高,罗辑拒绝登船、诀别的场景写了三遍,大段重复,合并为一场
99,41–52/61–64/75–78/88–90,节奏/照搬,高,（涉及已出版作品，不摘录）,既重复，又基本按原著歌者一章的结构复述,大幅删减，改从主角视角侧写
99,3/31,照搬,中,（涉及已出版作品，不摘录）,歌词疑似贴近原著歌者之歌的内容（待作者自查）,另写原创歌词，或只描述不写词
99,86,照搬,中,（涉及已出版作品，不摘录）,挪用原著名句，而且在原著里不是罗辑说的,改为罗辑自己的话
99,15,事实,中,（人物对白，定位见块号）,太阳质量的主序星不会被打成“氦闪”，用词错误,改为“引发恒星失稳爆发”
99,53,数字,中,（人物对白，定位见块号）,千分之五光速约1500km/s，与“数百公里”矛盾,统一数字
99,38 vs 第98章块62,连续性,中,（人物对白，定位见块号）,第98章写交接前罗辑八十四岁，这里又两百岁，第100章是两百零五岁,定下罗辑的生理年龄与日历年龄，全书统一
99,60 vs 第100章块2,连续性,中,（人物对白，定位见块号）,第100章说最先二维化的是太阳,统一坍缩顺序
99,85,人物,低,（人物对白，定位见块号）,罗辑不是军人,改为鞠躬或挥手
100,18/34/88,结构,高,（人物对白，定位见块号）,破第四面墙的系统播报，与全书调性冲突，字数也和现稿（200章约206万字）对不上,整段删除
100,45–47,连续性,高,（人物对白，定位见块号）,与现行结构（明幕1–40章）不符；又把“程心弃剑、星环城”算进91–100章，与第97–98章的实际内容矛盾,删除这段回顾
100,8/41,逻辑,高,（人物对白，定位见块号）,罗辑无防护站在冥王星真空里，本该当场死亡,让他待在博物馆的加压厅里
100,6,事实,高,（人物对白，定位见块号）,太阳系质量约2×10^27吨，差了十几个数量级,删去数字，或改为“约两千亿亿亿吨”
100,8–14/39–46,节奏,高,罗辑被二维化写了两遍,重复,合并
100,36,事实,中,（人物对白，定位见块号）,成人约206块骨,改为“二百零六块”
100,25/78,事实,中,（人物对白，定位见块号）,郑和第七次下西洋在宣德年间；明朝国祚276年,改为“永乐、宣德年间七下西洋”“近三百年国祚”
100,52,照搬,中,（涉及已出版作品，不摘录）,又一次挪用原著维德台词，还安到白道伟嘴里,删除
100,12,连续性,中,（人物对白，定位见块号）,第101章块6说是“星环城”，第131章后又出现“星环号”，可能重复,统一曲率飞船的来源与名称
100,14 vs 第97章块66,数字,低,（人物对白，定位见块号）,别处是“四十亿”,统一
101,全章,结构,高,（人物对白，定位见块号）,正文是蓝星着陆，没有一处写墨尔本,按标题重写，或改标题
101,15/26/27,事实/设定,高,（人物对白，定位见块号）,与第97章“单颗K5V橙矮星、0.7太阳质量”矛盾；按0.8太阳质量、1.37AU算，周期约650天，不是422天,统一恒星参数，并重算轨道
101,50/51,事实,高,（涉及已出版作品，不摘录）,章北海早在末日之战时期就已牺牲，与逃亡舰后来的广播无关（按原著设定）,删去章北海
101,63–68,文笔,高,（人物对白，定位见块号）,仙侠堆砌，与异星探索的氛围冲突,删除
101,28 vs 第102章块5,事实/连续性,中,（人物对白，定位见块号）,CO2稍高就不宜直接呼吸；第102章又说含氧量“比地球高三个百分点”，与21%矛盾,定为“氩约1%，CO2微量”，删去“高三个百分点”
101,34/43 vs 第100章块29,逻辑,中,（人物对白，定位见块号）,上一章已经叫它“蓝星”；“天明大陆”又是谁在着陆前命名的,统一命名时点
101,18,数字,中,（人物对白，定位见块号）,应为286光年,改正
101,54,事实,中,（人物对白，定位见块号）,焚毁郑和档案的传说一般归于成化年间的刘大夏，与嘉靖无关（待查证细节）,删除，或改正
101,82,事实/逻辑,中,（人物对白，定位见块号）,1420MHz是氢线（L波段），不是超短波；28AU的光行时就要约3.9小时,改频段表述，重算返航时间
101,24,逻辑,中,（人物对白，定位见块号）,维德不是执剑人；因果链是硬凑的,删改
101,27,错字,低,（人物对白，定位见块号）,数字写错,改为“一点一五倍”
101,9,事实,低,（人物对白，定位见块号）,这是民间俗语，说成嘉靖的话属于杜撰,改为“道家俗谚云”
102,全章,结构,高,（人物对白，定位见块号）,正文是蓝星越野、刻经、关一帆来访，罗辑已经死了,按标题重写，或改标题
102,44–53,逻辑/人物,高,（人物对白，定位见块号）,主角用神通布“护山大阵”，与“同契”等硬设定毫无关系，硬科幻全面失效,删除
102,49,错字,中,（人物对白，定位见块号）,《阴符经》通行本作“万化定基”,改为“万化定基”
102,82,逻辑,中,（人物对白，定位见块号）,白道伟与关一帆此前没有见过面；“内子常令可”也与前文两人的关系未必一致,删去“久违”，核对婚姻状态
102,91,照搬,中,（涉及已出版作品，不摘录）,原著名句原样挪用,改写为关一帆自己的评价
102,85/88,数字,中,（人物对白，定位见块号）,应是约286年以上；石碑数与第100章“数万座”不一致,统一
102,8/27–31,人物,中,（人物对白，定位见块号）,流行病学专家说出违背演化常识的论断，人物失真（资源丰裕并不消除捕食）,改为有保留的推测，交给艾AA去质疑
102,5,事实,低,（人物对白，定位见块号）,程心此行并未冬眠,删去“冬眠舱”
102,69,用词,低,（人物对白，定位见块号）,中间层与电离层是两个概念，混为一谈,改为“穿过中间层”
103,全章,结构,高,（人物对白，定位见块号）,正文是关一帆讲田园时代和死线,同上
103,21–33,照搬,高,（涉及已出版作品，不摘录）,基本按原著关一帆的讲述复述,压缩为转述，加入主角原创的质疑或推论
103,85 vs 块78/90,事实/逻辑,高,（人物对白，定位见块号）,28AU走4小时需要约0.96倍光速，与“第一宇宙速度8.5km/s”矛盾；“两千多万公里之外的蓝星”又与28AU（约42亿公里）不符,把死线挪到约0.2AU以内，或改为多日航程
103,70/75,逻辑,高,（人物对白，定位见块号）,主角预知灾难却不阻止，全知与被动互相矛盾；灵符又是机械降神,删除预知，改为主角理性上的担忧，但被程心坚持说服
103,8,事实,中,（人物对白，定位见块号）,开普勒-452距地球约1400光年，与“距此100–150光年”矛盾,换一个虚构星名
103,94,连续性,中,（人物对白，定位见块号）,星形吊坠此前属于白、常二人,核对道具归属
103,65 vs 第104章块39,逻辑,中,（人物对白，定位见块号）,下一章又说离子微冲在这个距离“不敢轻易施展”,统一安全规则
103,50,文笔,低,（人物对白，定位见块号）,正文里夹着LaTeX,删去公式
104,全章,结构,高,（人物对白，定位见块号）,正文是死线爆发、黑域、时间差,同上
104,82,数字,高,（人物对白，定位见块号）,18×2.6亿小时约合53万年；全章又混用“十六万年”（块67/68/76）、“十九万年”和“十万年”（块91）,定一个倍率，重算后全章统一
104,48,逻辑,高,（人物对白，定位见块号）,光速扩散数秒只有约百万公里，数十AU要几个小时,改为“数小时”，或取消“以光速”
104,81,逻辑,高,（人物对白，定位见块号）,按25km/s，28AU要约5年；黑域内光速18km/s时飞船已超光速，也无法常规航行,重设距离与速度
104,57–68,逻辑,高,（人物对白，定位见块号）,双重机械降神，毫无代价,删除，改由物理手段（例如猎犬号的屏障失败）承担
104,82,事实,中,（人物对白，定位见块号）,两者都需要数百万年以上,改为“足以让大湖干涸改道”之类尺度相符的比喻
104,11/3/10,事实,中,（人物对白，定位见块号）,张力单位错用成压强；舒曼共振是地球电离层的电磁谐振，不能套用到这里,改为“N（线张力）”，删去舒曼一词
104,24–35,逻辑,中,云天明恰好在程心离开的那三分钟抵达,巧合过多，又是悲剧的直接诱因,改为提前收到信号，程心违规加速
104,86–91,照搬,中,（涉及已出版作品，不摘录）,按原著走向改编，主角只是旁观和护持,让白、常的抉择（留下还是随程心）成为情节动力
104,全章,文笔,中,（人物对白，定位见块号）,情绪全靠标点堆砌,感叹号删到三成以下
104,26/35,错字/用词,低,（人物对白，定位见块号）,多了一个“年”；“麦秆”与“纸船”搭配矛盾,改为“三百多年前”“小纸船”
105,96,节奏/错字,高,《玉熙宫词》Batch 21（第 101 至 105 章 · 航向DX3906、蓝星漫游、死线爆发与十六万年沧海绝唱）至此以极境大圆满正式收官,生成流程的元信息残留在正文里（批次号、字数统计），“十六万年”也与正文的十九万年不一致,整段删除
105,标题,逻辑,高,智子的微笑 · 隐藏在优雅和服下的毁灭倒计时,章题与内容（蓝星废墟、石刻遗言、进入小宇宙）只沾一点边，“毁灭倒计时”没有对应的情节,按实际内容重拟，例如“石壁上的信”
105,44–46,逻辑,高,我和道伟在十九万年前入定之前，曾亲眼看着天明和AA建起这座小院。他们在这座院子里相扶相持生活了近五十年,两人在小院刚建起时就入定了，却能转述云天明、艾AA临终的原话，自相矛盾,改为两人在二人去世后才入定；或者删去转述，只留石刻与手稿
105,84–90,节奏,高,必须从大宇宙中剥离走整整上千万吨的原始物质与质量,本章已由白道伟、智子讲完质量偷窃、热寂与归零者，第106、107章又当作新发现讲一遍，人物也再次“震撼”,本章只留伏笔（比如智子欲言又止），揭示集中放到一处
105,36–42,人物/逻辑,高,白道伟头戴【九天混元造化紫金冠】……步履从容地自十九万年的太虚大定中迈步而出,主角入定十九万年，出场就是神仙降临；情感高潮被仙术“化解心血剧痛”打断，程心的悲伤被外力抹平,让程心的悲伤自然走完；主角的出场放低调门，并给出与设定（同契、结算）相关的代价
105,28,逻辑,中,我们生儿育女，我们的孩子们也在这里健康长大,有子孙，但十九万年后的遗迹、手稿、智子都不提后代的去向，是一条悬空的线索,删去“生儿育女”，或交代后代的结局（迁入小宇宙、自然消亡等）
105,6,事实,中,关一帆低头看着手腕上那只依然在顽强走动的机械发条怀表,“手腕上”戴的是手表，不是怀表；同一段又改称“手表”,统一为“腕表”
105,95,事实,中,从大明嘉靖元年的紫禁城玉熙宫丹炉,玉熙宫在西苑，不属紫禁城；主角穿越进的是嘉靖后期（1566前后，对应改稻为桑、海瑞等情节），不是嘉靖元年（1522）,改为“嘉靖末年西苑玉熙宫”
105,59/62/70–71,逻辑,中,足以稳定维持整整八百五十万年,本章说储备能用850万年、面积1.2平方公里、23℃、穹顶1.5公里；第106章变成“数十万年”、1平方公里、22℃、“数百米高的人造天幕”,统一为一套参数
105,2–12,文笔,中,她的整个灵魂被眼前那不可思议的沧桑巨变彻底抽空！没有了！,废墟描写每句都叠加“彻底/整整/十九万年”，感叹号密集，信息却很少,压缩为三四个有具体物象的句子，例如石笋、盐壳、地基坑
105,33,文笔,中,哭声……震碎了天边的残云，打湿了坚硬的玄武岩石,夸张失控，并且与块32的“撕心裂肺、撼动天地”重复,删去这类夸张，留一个具体动作，例如额头抵在名字上
105,50,逻辑,低,轻轻按在了铅盒正面的指纹感应锁上,十九万年后的铅盒指纹锁仍然通电可用，又没有交代云天明何时采过程心的指纹,改为机械锁，或由智子远程开启
105,62,事实,低,空气成分模拟旧时代西太平洋海岛气候,空气成分和气候是两回事,改为“温湿度模拟……海岛气候”
106,标题,逻辑,高,地下执剑室的交接大典 · 白发老人将引力波开关移交程心,正文与执剑人交接毫无关系,重拟章题，并核对第88–120章的整体顺序（见E）
106,0–19,节奏,高,（涉及已出版作品，不摘录）,第105章块57–68已写过进门、智子迎接、喝茶，这里又从头写一遍；智子的和服从红白相间变成青灰色，称呼、台词也都不同,删掉重复的进门段，从“安顿下来的最初数月”接写
106,10/19,人物,高,道伟真君，令可先生,第105章里常令可穿白裙、被叫“常姐姐”，这里成了“令可先生”，之后又是“常博士”“常道兄”，并用“他”指代（108·10、110·13、111·8/66/67）,确定性别和称谓，全书统一
106,50,人物,高,贫道在嘉靖朝修道甲子，冷眼旁观严嵩、徐阶内阁党争,主角原本是2025年墨尔本的数据科学家，在明幕只待了一段时间，这里自称在嘉靖朝修道六十年，身份被改写,回到现代人的视角和口吻，可以保留他在明幕的见闻，但不要自居国师
106,64/65,逻辑,中,宇宙微波背景辐射的平均温度，已经从原本的2.73K，一路跌破到了不可思议的0.85K,第110章成了0.38K，第111章又说“原本跌落至零点八五”；到热寂的时间本章说“不到五百亿年”，第110章说“不到四百亿年”,统一数值
106,29/30,逻辑,中,让她仿佛重回到了四个世纪前那个阳光明媚的杭州午后,第105章块68说是“三个世纪前”；以外部时间计已过了十九万年，这里却按主观时间算，两种算法混用,统一采用程心的主观时间，并保持一致
106,43–48,逻辑,中,第一舰队残部……全军覆没,三体两支舰队的结局由智子一口气讲完，信息密度很高，却没有叙事上的作用，后文也不再照应,大幅压缩，或删去，只保留与云天明有关的一两句
106,33/36,人物,中,人类文明末期则偏于孤阴，妇人之仁泛滥,白道伟每次开口都是“道经+嘉靖”的套路；常令可每次都是“从神经科学来看”，两人没有区分度，说话也不像真人,每场只给一人发言，删掉互相吹捧，给两人不同的关注点和语气
106,78–86,节奏,中,有神级文明在呼唤全宇宙的偷生者！大宇宙的审判日……到了！,本章末广播已经降临，第107章开头却回到“通报会”讲课，到结尾广播才再次降临,把本章结尾改为“捕捉到异常脉动”，广播只写一次
106,82,文笔,低,如同一百五十万个世界的怒吼,“一百五十万”这个数字在广播正式揭晓之前就用掉了，削弱了第108章,删去
107,标题,逻辑,高,剑柄脱手五秒钟 · 威慑平衡的瞬间崩塌,与正文（宇宙学讲座+归零者）无关,重拟
107,21,错字/人物,高,（涉及已出版作品，不摘录）,这是关一帆自己的台词，却用第三人称称呼自己,改为“魔戒当年对我和褚岩说过”
107,48–52,节奏,高,（人物对白，定位见块号）,第105章块88–89两人已经听过“归零者”这个名字，这里的惊讶是假的,删去惊呼，改为“智子终于讲完了那个名字背后的故事”
107,37/42,逻辑,高,已经无可挽回地跌破了坍缩临界线整整百分之零点几,缺口若是百分之零点几，第109章“会不会就差这五公斤”的悬念就不成立,改为“缺口已被压缩到极小的量级”，给5公斤的悬念留下余地
107,21,照搬,中,（涉及已出版作品，不摘录）,这一句近乎逐字搬用了原著魔戒的名句；第112章块30、块45又重复出现,用自己的话概括大意，或只写“那句关于鱼和海的话”
107,62,事实,中,九世封王之福王，被烹作‘福禄酒’,福王朱常洵是万历之子、第一代福王，不是“九世”；“福禄酒”出自野史，待查证,改为“万历之子福王”，并注明是传闻
107,27,逻辑,中,光速更是被直接削减为了——零！,第105章说黑域光速每秒十八公里，这里说为零；光速为零则时间停止，不存在“十九万年”的动钟差,改为“低至每秒十余公里”
107,57–66,文笔/人物,中,大明若是一艘沉船，尔等在舱底私藏再多锦衣玉食,白道伟的长篇史论配上众人“振聋发聩”的反应，是主角全知与众人捧场的套路,砍掉三分之二，让关一帆或程心提出反驳，形成真正的讨论
107,60,事实,低,国库岁入不过四百万两,嘉靖时太仓银库的岁入常见说法在二百万两上下，待查证,改为模糊表述，例如“太仓入不敷出”
107,39–44,事实,低,如果大宇宙的总质量大于临界质量……万有引力的强大拉力最终会战胜暗能量的斥力,存在宇宙学常数（暗能量）时，Ω>1并不一定导致再坍缩，还取决于暗能量的性质,加一句“在暗能量随之衰减的前提下”，或在设定里说明本宇宙暗能量可变
107,69,文笔,低,如同一叶在十二级海啸中颠簸的孤舟,整章感叹号和“！！”密集，比喻陈旧（“海啸”这个说法也不规范，应称巨浪），夸饰过度,全章感叹号控制在十个以内，删掉陈旧比喻
108,标题,逻辑,高,六颗水滴饱和突袭 · 全球引力波天线瞬间湮灭,与正文无关,重拟
108,85–86,逻辑,高,（人物对白，定位见块号）,白道伟称赞“我们回家”在块85，程心说出这句话却在块86，顺序颠倒,对调两块
108,60/9(109),逻辑,高,猎犬号穿梭机及附属聚变堆三万吨……合计两千二百二十三万吨,猎犬号随后开走了，却被算进“归还”的总质量；一架穿梭机重三万吨也不合常理,从清册中剔除猎犬号，质量改为百吨级，总数相应调整
108,20,事实/逻辑,高,四个半世纪前，三体母星第1379号监听员,外部已过去十九万年以上，“四个半世纪前”只对应程心的主观时间；智子站在外部视角说话，应按外部时间计,改为“十九万年前”，或写“对程心而言是四个半世纪前”
108,20,照搬,中,（涉及已出版作品，不摘录）,直接引用了原著的名句,改为转述（“那三次重复的警告”）
108,10,人物,中,常令可盘膝坐于草坪之上……他闭着双眼,性别代词与第105章矛盾,统一
108,53,文笔,中,被全人类唾骂为‘圣母婊’,当代网络粗口出现在三体世界的叙述中，语域不合,改为“被斥为软弱误国的罪人”
108,15–19,文笔,中,八维硅基晶体生命的磁场啸鸣接踵而至,把各维生命的“声音”逐一罗列，是典型的排比式宏大空转,挑一两种写深，其余一笔带过
108,59–72,逻辑,中,（涉及已出版作品，不摘录）,白道伟替程心把两难说尽，程心几乎不经挣扎就选了；与原著程心的困境相比，抉择戏剧性消失,让程心先犹豫，由她自己说出代价，白道伟少说话
108,83,人物,低,程心总指挥,关一帆突然称程心“总指挥”、行“中国航天员军礼”，身份依据不足,改为平常称呼
108,75,事实,低,我们只送出了天明的一颗大脑，重量不过区区一千克,成人脑重约1.3–1.4千克，待查证作者本意,改为“一千多克”，或不写具体数字
109,标题,逻辑,高,太阳系防线全面崩溃 · 智子武士刀出鞘,与正文无关,重拟
109,37/40/44,逻辑,高,总净重：5.000000 千克,称重之后又往里嵌了两张晶片、加了钛合金底座、刻了字，质量还是“五公斤”，与“差五公斤”的主题直接冲突,把附加物安排在称重之前，或称重放到最后
109,47–51/54,逻辑,高,纵使外部大宇宙坍缩至极限奇点……此符亦能护持这一抔泥土,仙法先把生态球保护得万劫不磨，然后才提出“会不会就差这五公斤”，悬念的根基被自己拆掉,把五公斤之问提到施法之前；或者让白道伟拒绝施法，说明这是凡人的选择
109,40,逻辑,中,那是从蓝星农舍铅盒中起获的、封存着云天明与艾AA漫长一生全部记忆与文字的手稿原件,第105章写铅盒里只有钥匙晶体，手稿是小宇宙书房里的线装本,改为“书房里的手稿扫描件”
109,41,逻辑,中,天明先生和艾AA女士在蓝星度过了六十余年,第105章说“四十七年”“近五十年”“半个世纪”,统一为四十七年
109,57,事实,中,如果大宇宙的总密度比等于一加上十的负四十次方,宇宙质量约在10^53千克的量级，五公斤对Ω的贡献约为10^-53，远小于10^-40，数学上说不通,改为定性表述：“理论上任何一点质量都可能是临界的那一份”
109,64/72,逻辑,中,其容差阈值并非绝对的零误差，而是预留了普朗克常数数量级的微观扰动容差,智子先是用“不配被拯救”作答，随后又拿出“容差”技术解释，把前面的伦理抉择消解了,二选一，建议保留伦理答案，删去容差说明
109,26,事实,低,上面的数值正在从庞大的千亿牛顿，一路归零,“重力传感器”显示千亿牛顿，这个物理量用错了,改为“局域引力加速度读数”
109,6,错字,低,华夏江南特有的荷花与桂花胞子,应为“孢子”；荷花、桂花是种子植物，也不产孢子,改为“种子”
109,41,文笔,低,写下了数以亿字计的见闻与诗歌,两人四十七年写上亿字，夸张到不可信,改为“数百万字”
109,66–68,文笔,低（亮点）,天井一角放置着一只盛满雨水的青花瓷大缸,本段写得最好，童年记忆具体而克制,保留，但删去块68“时空的闭环在这一刻达成”这类总结句
109,13,事实,低,三大舰队为了争夺在木星轨道的生存权而互相猜忌,危机纪元的舰队设定与此不符，待查证,改为泛指“太空军内部的猜忌”
110,标题,逻辑,高,第二阶段大通关结算 · 人类文明至暗时刻降临,标题提到“结算”，正文却没有任何结算内容，也不是“至暗时刻”,若确有结算，应补写同契/结算的数据；否则重拟
110,24–25,事实/逻辑,高,正好是大宇宙时间两百八十六年前——也就是威慑纪元末期从太阳系散逸而出的古老信号,外部已过去十九万年，此刻收到的是十九万年后发出的信号；那时太阳系早已二维化，不会有联合国播音,删去这段，或改为“什么也收不到”，用寂静来写
110,66/76–82,节奏,高,本舰已平稳切入奇点视界最内层，时间流速锁死于永恒主观瞬时,本章结尾已抵达奇点，第111章却从“挣脱DX3906引力”重新走一遍坍缩全过程,本章在“点火出发”处收尾，把旅程全部交给第111章
110,60–61,节奏,中,（涉及已出版作品，不摘录）,连续两块宣布同一件事（炼成方舟），台词大段重复,合并为一块
110,10,逻辑,中,在危机纪元，这里曾经被规划为深空核试验靶场,危机纪元人类无法抵达DX3906，这个说法凭空而来,删去
110,51–52,逻辑,中,前一百亿年……接下来的两百亿年……而在最后的数十亿年里,这里给出三百多亿年，下一块说“五百亿年内”，第111章又在一百多亿年内完成坍缩,统一时间表
110,13,人物,中,常令可……他的神识透过飞船外壳向外蔓延了数光年之遥,性别代词问题；“数光年”的神识也属机械降神,统一代词，削减神通
110,29/58–62,人物,中,当年嘉靖帝闭关修玄二十年……今日这整座大千世界的归元大丹,白道伟每段都要拿嘉靖作比，一章里出现四五次，比喻被用俗了,全章最多保留一次
110,9,事实,低,目光穿透数千万公里的虚空,前文说距蓝星22.8天文单位，约34亿公里,改为“数十亿公里”
110,49,事实,低,在这一刻，望远镜中所有星系的氢光谱吸收线，首次掉头向着高能的蓝端移动,远方星系的光要走数十亿年才能到达，全天“同时”蓝移不可能即时被观测到,改为“附近星系开始蓝移”，远方的蓝移逐步显现
111,标题,逻辑,高,三体占领军澳洲大移民法令 · 全球一年内驱逐出境,与正文无关,重拟
111,39,人物/事实,高,即便是蓝星上关一帆与艾AA刻在玄武岩石壁上的千万年石刻,刻石的是云天明和艾AA（第105章），不是关一帆,改为“云天明与艾AA”
111,22,事实,中,已经收缩至原先体积的四分之一，千亿星系之间的平均距离被压缩到了原先的三分之一以内,体积缩为1/4，线尺度只缩到约0.63倍，不会到1/3,改为“体积收缩到原先的数十分之一”，或把距离改为“约六成”
111,1,逻辑,中,数以亿计的小宇宙归还两千两百多万亿吨物质,数字照抄了647号的2223万吨再加上“亿”字，数量级随意,改为定性表述
111,19,逻辑,中,原本跌落至零点八五开尔文的背景辐射温度,第110章块23说的是0.38K,统一
111,30,事实,中,两颗恒星的致密核心融为一体，瞬间突破了钱德拉塞卡极限……Ia型超新星,Ia型超新星通常由白矮星引发，红巨星核心并合不是典型机制；抛射物速度约为光速的百分之几，不是“近光速”,改为“两颗白矮星”，删去“近光速”
111,49,事实,中,每一大劫历时百三十四亿四千万年,佛经常见算法是一小劫约1680万年，一大劫八十小劫，约13.44亿年，这里多了十倍（待查证）；所引“大道无形……”出自《清静经》，不是《黄庭内景经》,改为“十三亿四千万年”，并删去“正好合了”的附会
111,62,事实,中,三体母星经历了百余次文明毁灭与重生，两百多颗巨日一次次将母星撕碎,三体星系只有三颗太阳，“两百多颗巨日”是错误,改为“三颗太阳”
111,53–58,逻辑,中,先帝当年曾于深夜召贫道独坐万寿宫,嘉靖被写成洞悉宇宙的圣君，与明幕篇中对嘉靖的刻画（若是批判性的）恐怕冲突，作者的史观也由此暴露,核对与明幕篇是否一致（见E），建议删去这段虚构对话
111,84–85,节奏,中,关一帆凝视着那不断收缩的宇宙天幕,章末又补了两段总结式感悟，与前文重复,删去
111,4,事实,低,相对论时间膨胀因数突破十的十六次方！……舱内一秒钟，外界千万年,10^16倍对应一秒约三亿年，不是千万年,改数字，或不写具体因数
111,47,事实,低,这个一千开尔文、充满中子与伽马射线的宇宙微波背景,1000K的辐射以红外为主，不会“充满中子与伽马射线”,删去“中子与伽马射线”
112,标题,逻辑,高,四十一亿人的大流亡浩劫 · 太平洋海陆航线崩溃,与正文无关,重拟
112,72,事实,高,已经缩减到了惊人的**一千光秒**！……比太阳到火星轨道还要微小,1000光秒约3亿公里，合2个天文单位，比火星轨道半径（约1.5个天文单位）还大；另外Markdown加粗符号残留在正文里,改为“不足百光秒”之类，并删去星号
112,72–73,逻辑,高,物质密度突破十的九十五次方克每立方厘米,上一章已写到撞上“普朗克极限之墙”，这里半径却还有上亿公里；宇宙总质量装进这个体积，密度只有约10^15 g/cm³，与10^95相差八十个数量级,重排：先写维度逐级展开，最后才到普朗克密度
112,11,逻辑,中,神级文明使用二向箔将十维、九维、八维一路降至三维,二向箔只能把三维降为二维；高维降阶按第107章的设定，是另一类坍塌场,改为“降维武器”
112,23,事实,中,（涉及已出版作品，不摘录）,人名的写法与原著是否一致待查证；把关一帆列为“他们”之一，由智子来讲，视角也别扭,核对人名，改由关一帆本人回忆
112,30/45,照搬,中,（涉及已出版作品，不摘录）,第三次逐字复现原著名句,改为转述，例如“那句关于鱼离开海的老话”
112,38,逻辑,中,（涉及已出版作品，不摘录）,魔戒在原著情节中已随碎块蒸发消亡，这里“复苏”后还保留着记忆，缺少解释,加一句机制说明（例如信息印在高维褶皱里），或承认只是回声
112,56–62,事实/人物,中,先帝命工部名匠暗合九宫八卦之数……‘四维帝王之眼’,把嘉靖西苑的布局附会成四维视角，与主题无关，又是一段白道伟独白,删去或压到两句
112,6,事实,低,（涉及已出版作品，不摘录）,四维碎块的位置与原著设定是否一致待查证,改为“深空中的四维碎块”
112,68,事实,低,按周天三百六十五度铸造‘万寿九转纯阳金鼎’,这件器物是虚构的，却用“后世史家皆以为”这种口吻当作史实来写，容易误导读者,标明是白道伟的一面之词，或删去
112,3–4,文笔,低,她看到了自己胸膛中那颗鲜红有力的心脏,四维视角写得有画面感，可惜被感叹句淹没,保留意象，删去“这就是神明的视角！”一类的感叹
112,64,人物,低,（涉及已出版作品，不摘录）,智子对程心的吹捧式台词，人物成了捧场工具,删去
113,标题,逻辑,高,荒凉的澳大利亚大陆 · 悉尼与内陆难民营的极限拥挤,标题与正文（归零者神殿）毫无关系；第114–120章的标题也全部与正文不符,核对大纲，决定保留哪一版：要么按标题重写正文，要么按正文重拟标题并调整全书目录
113,43,人物,高,贫道乃大明嘉靖朝太上玄天大罗金仙白道伟是也,白道微在简介里是2025年的数据科学家，这里却成了嘉靖朝仙人，姓名的写法也不同（伟/微）,统一人物设定和姓名；如果这是剧本杀里的“角色身份”，需要在文中交代
113,16–32与35–40,节奏,高,降维战争……由此拉开了毁灭的序幕。,归零者把十维→三维的降维史完整讲了两遍，第二遍只补充了“九百八十亿年前”等细节,合并成一段，删去约40%
113,46–50与52–54,节奏,中,大明嘉靖先帝深居西苑玉熙宫二十余载,白道伟把“嘉靖清丈田亩＝归零者回收质量”的类比连讲两轮，第二轮又加上《阴符经》，说教过量,只保留一轮，并把类比压缩成一两句机锋
113,52,事实,中,《阴符经》，开篇第一句便震铄古今：‘天发杀机…’,“天发杀机”一句不是《阴符经》的开篇（开篇讲“观天之道”）。依据：通行本《黄帝阴符经》,改为“经中有言”
113,54,事实,中,阅尽《道藏》五千四十八卷,5048卷是《开元释教录》所录佛经的卷数；明《正统道藏》为5305卷,改为“五千三百余卷”，或者删掉具体数字
113,54、第114章·块63,事实,中,先帝见之冷笑，斥其‘器满则倾’；而徐阶进献素麻道袍,嘉靖与严嵩、徐阶之间的这些“金屏风/素麻袍”轶事和语录于史无据，却以史实口吻写出，容易误导读者,明确标成白道伟的“私人回忆”，或者删去；嘉靖语录不要仿写成史料
113,49,逻辑,中,竟然在四百年前便洞悉了宇宙大尺度拓扑的热力学真理,归零者被写成仰慕地球道家哲学的工具人，“神级文明向主角礼敬”的套路反复出现（块48、55、65）,保留归零者的异质性和疑问，让白道伟的观点受到质疑
113,73、76,照搬,中,（涉及已出版作品，不摘录）,直接引用了原著中歌者的歌词,删掉引文，改为描述，或者自创旋律意象
113,61、66,文笔,中,沉重如太山,错字：应为“泰山”；另外“数十万年的阴霾”与其他处的“数个世纪”“一千八百八十万年”不一致,改为“泰山”，时间尺度统一
113,6–10,文笔,低,嗡————！光芒在神殿的中央凝聚、折叠、舒展。,拟声词加感叹号开头，形容词叠加（“宏伟共鸣”“庄严神圣的七彩涟漪”）；本章约105个感叹号,删掉拟声，每段最多一个感叹号
114,10、14与16–20,逻辑,高,质量亏缺：5.000000 公斤,前文刚说亿万个文明都留下了纪念品（小提琴450克、电池8克……），后面却把缺口完全归到程心的5公斤上，而且“不多一微克”，自相矛盾,要么删掉“众文明都留了纪念品”，要么说明其他遗留物已被回收、只剩647号
114,3、5,事实,中,欧米伽 = 0.999…95 / 差了十的负五十次方,5公斤对应可观测宇宙质量（约10^53千克量级）的比例在10^-53左右，数量级与文中不符；读数写到五十位也显得刻意,改成模糊表述，比如“一个小到仪器几乎无法分辨的缺口”
114,46,事实,中,李政道与杨振宁的宇称不守恒……南部阳一郎与希格斯机制,宇称不守恒属于弱相互作用对宇称的明显破坏，不是“自发对称性破缺”，二者被混为一谈,只提南部、希格斯的自发破缺，或者分开说明
114,26,照搬,中,（涉及已出版作品，不摘录）,这里在复述原著中云天明买星的情节，数字是否与原著一致待查证,压缩为一句背景，数字核对原著或者删去
114,27,照搬,中,（涉及已出版作品，不摘录）,疑似直接引用原著结尾的留言,改为转述
114,70,逻辑,中,脑海中猛然浮现出了两百年前水滴降临太阳系时的历史画面,在本书时间线上，两人已经在蓝星经历了“一千八百八十万年”，“两百年前”不对,改为“很久以前”
114,51–52与65–66、56–57与74–76,节奏,中,那只五公斤的生态球，是全宇宙唯一保留了生命呼吸,常令可的解说和“气泡破裂引爆奇点”各写了两次,各保留一次
114,22–26,人物,中,我是全宇宙最大的罪人！我该万死以谢天下！,程心和关一帆的崩溃太过戏剧化（关一帆自扇耳光），与两人的原本性格不符；本章约172个感叹号,情绪收着写，用动作和沉默代替呼号
115,36,错字,高,一个横躺着的符号——**$\infty$（无穷大）**,LaTeX代码残留，网页上会显示成源码,改为“∞”或文字“无穷大”
115,59、64、76、79、81,节奏,高,从容远航 / 乘风破浪，从容远航 / 勇敢地驶向了未来,同一章收尾“远航”了五次，每次都用宏大抒情句收束，是典型的空转,只保留一个结尾
115,72,逻辑,高,其心神深处皆会天生自具‘仁义礼智信’之本善,白道伟把儒家五常写进物理常数，此后宇宙不再存在冲突，后续各章因此失去张力（第117章块47、68和第120章块24又重复了一遍）,删掉，或者保留一个有代价、有缺口的版本
115,25,事实,中,精细结构常数稳定在一百三十七分之一,精细结构常数与光速成反比，光速无限时它趋近于零，与“光速无限”的设定冲突,删掉这句，或说明新宇宙采用不同的物理常数体系
115,65–66,照搬,中,（涉及已出版作品，不摘录）,直接引用了原著维德、章北海的名台词,改为间接描述，不要引原句
115,13,事实,低,牛顿在苹果树下写出微积分与万有引力,苹果树是传说，微积分也不是在树下写出的,改为“牛顿从落地的苹果想到引力”，或者删去
115,50,文笔,低,换上了一身洁白胜雪、绣着精美云纹的东方和服,和服是日本服饰，“东方和服”这个说法别扭；块69还有“机械和服”,改为“一袭素白和服”
116,28、37,事实,中,从黄河流域的仰韶文化…/公元纪元黄河流域那些金黄的麦田,小麦最早在西亚新月沃地驯化，仰韶文化以粟黍为主，小麦大约四五千年前才传入中国,改为“从新月沃地到黄河两岸”，并删去“第一种农作物”
116,18、25、30,事实,中,富含超对称微量元素的轻氢重水,“轻氢重水”自相矛盾；而且高浓度重水不宜长期饮用，文中却说“增强端粒酶”,统一成“清水”，删掉伪医学功效
116,22、27,逻辑,中,取出了那个被她用天鹅绒严密包裹的小小金属匣子 / 那是一个长约半尺的红木匣,同一个匣子，前面是金属，后面成了红木,统一材质
116,39–40,事实,中,每年春分时节，必亲率文武百官前往北京先农坛,籍田礼在仲春亥日举行，不固定在春分；皇帝穿礼服，不穿“素麻道袍”；嘉靖中后期常年深居西苑，“每年必亲耕”不实（待查证具体年份）。“大明立国近三百年”对嘉靖朝的人来说也不对（当时约两百年）,改为“嘉靖初年曾行耕籍礼”，“近三百年”改为“二百年”
116,34–36,文笔,中,如同一束自天外射下的圣洁聚光灯,比喻混乱（仙气配聚光灯）；块36又把麦苗叫作“一株青草”，前后称谓不一,统一称“麦苗”，删掉聚光灯比喻
116,56–62,节奏,中,关一帆站在飞船的高精度光学全息仪前,营地已经建成、夜幕都降临了，又倒回去写刚降落时的光影和看行星，时序混乱,移到降落段，或者删掉
117,35–39,人物,高,推举程心、关一帆、智子、常令可与白道伟作为古纪元的最高先驱元老,新生文明集体跪拜、立誓、封圣，主角被神化，没有任何异议或代价,至少安排一个文明提出质疑，让“和平”需要论证
117,14,逻辑,中,创世大爆炸的一万年后，第一批原生十维智慧生命……集体苏醒,一万年远不够恒星形成和生命演化，主角在这期间做了什么也没交代；第115章结尾还是“第一代恒星点燃”,改成“数十亿年后”，并交代主角怎样度过这段时间（休眠？）
117,1–3,逻辑,中,向七百亿光年外……发射标准脉冲光标 / Δt = 0.000…秒,测往返延迟需要远端有反射体，一个“一万年”的宇宙里哪来七百亿光年外的反射体,改用其他方式呈现“光速无限”
117,30,事实,中,（涉及已出版作品，不摘录）,与第119章块11的“两亿澳洲难民”、第117章标题的“四十一亿人”互相矛盾；原著里移民规模是数十亿（待查证）,统一数字
117,36、第117章·块64,事实,中,（涉及已出版作品，不摘录）,“三位”与“独自”自相矛盾，“数百年”也与原著时间线不符（待查证）,统一，并核对原著
117,40–47,文笔,中,头顶庆云三万丈，垂落万道璎珞金芒,仙侠套话堆砌（庆云、璎珞、金莲），和科幻语汇混搭，失去质感,大幅删减
118,10、31,照搬,高,（涉及已出版作品，不摘录）,以引号形式“引用”童话原文，要么照搬原著，要么是冒充原文的自拟文字（饕餮鱼互咬尾巴、白色巨塔、旋转黑伞等细节是否在原著中待查证）；本章基本是在逐篇复述、重新诠释原著童话,删掉引号，改为概述；自创的“新解读”要标明是角色的推测
118,35,事实,高,命翰林院与内阁词臣编撰《西游释厄传》与《封神演义》,《封神演义》是明代文人小说（通常归于许仲琳或陆西星），并非嘉靖敕命编撰；《西游释厄传》也不是官修，而且说嘉靖用它们“寓朝局”毫无依据,删掉，或者改成白道伟的戏言
118,9与15,逻辑,中,（涉及已出版作品，不摘录）,同一个人物，一会儿说在第二篇、一会儿说在第一篇；块4的篇名“国王的新画师”也需核对原著（待查证）,核对原著篇目后统一
118,5–8,事实,中,回到了掩体纪元人类最高智囊团汇聚的那个地下绝密堡垒,童话解读发生在更早的纪元，关一帆当时不在场（待查证），他说“你还记得”不成立,改由程心回忆
118,46–51,逻辑,中,编号为‘智者七号’的物理哲学家……但他没有向元首汇报,前面刚说三体人“思维透明”，一个学者却能私藏发现并写私人日记，与设定冲突,删掉，或者解释他是怎么隐瞒的
119,标题,逻辑,高,（涉及已出版作品，不摘录）,标题对应原著中段的情节，正文却是智子“升华”，而且按时间线这段情节已经不可能发生,同第113章处理
119,26–40与57–60,节奏,高,两颗原初质子在真火与纯能的交汇点上，轰然展开,“升华仪式”完整写了两遍，拥抱写了两遍（块43、50），告别茶道又倒叙放在后面,按时间顺序重排：茶道→仪式→重逢，各写一次
119,6、8,逻辑,中,核心温度，已经突破了三千摄氏度的红线,三千度的“手”被程心紧握却没受伤，智子还能照常浇水,降低温度，或写出程心被烫伤
119,11、53,逻辑,中,跨越四个世纪的记忆 / 陪伴了程心数百个世纪的纳米机械身躯,智子的“年龄”前后不一（第116章块66是“数百个世纪”）,统一
119,28、34,文笔,中,哪吒三太子割肉还母、剔骨还父，太乙真人以九品翠荷为骨,封神典故和葛洪《抱朴子》叠在一起，外加“三昧真火分君臣民”等自创说法，仙侠腔压过了科幻,只留一个典故
120,29、51、54、67、71,错字,高,全书总字数正式跨越一百三十万字大关，完成进度历史性推进至百分之六十,写作进度说明混进了正文（五处），而且与实际的200章、约206万字不符,全部删除
120,50,逻辑,高,从第一章大明嘉靖二十一年西苑玉熙宫深处……白道伟…第一次感应到四光年外三体舰队,这段“全书回顾”与简介（第一章是2025年墨尔本剧本杀）不符，也没提明幕篇的沈一石、海瑞等情节,删掉，或者按真实的全书结构重写
120,53–58,事实,高,由大明内阁大学士徐阶亲笔楷书……‘大明天子之宝’,虚构的嘉靖密诏里出现“十维复苏”“建玄天太极金阙”，荒诞到破坏了明幕篇的历史质感；御宝名称也需核对（明代宝玺有“天子之宝”“皇帝之宝”等，是否有“大明天子之宝”待查证）,删去密诏，或者让它保持含糊的谶语性质
120,11、57,人物,高,（人物对白，定位见块号）,全宇宙跪拜一个地球道士，“万国来朝”的叙事有强烈的自我神化色彩，前面“平等、透明”的宪章主题被推翻,重新考虑这一卷的收束方式
120,4、7–8,事实,中,身着大明亲王与正一品诰命夫人……头戴七梁冠，身着赤罗衮服,衮服是皇帝和亲王的礼服，七梁冠配的是一品朝服，两者混搭；翟衣一般限于后妃、王妃（待查证）,统一为一品朝服梁冠，程心改穿命妇的冠服霞帔
120,43–44,错字,中,极目俯瞰……胸中豪情万丈，引吭高歌：,冒号后面没有歌词，下一块直接开始封诰，这里断裂了,补上歌词或删掉冒号句
120,20–24,节奏,中,第六品：崇礼尚法，修己度人！,九品经文和第二、三品重复；“敕封一百零八星宿”在块21和块24写了两次,精简，合并
120,5,事实,低,仿照大明紫禁城保和殿铜鹤与铜龟,铜龟铜鹤陈设在太和殿（明称奉天殿/皇极殿）丹陛，不在保和殿,改为“奉天殿”
121,3/24–35,逻辑,高,"""那是白道微与常灵珂通过澳洲地下微电网与南极烛龙台废墟暗中发射的急促摩斯电码""","问题有两层。其一，智子全域监控下，秘密摩斯电报无法成立。其二，更严重的是，两舰在深空（块4称""四光年外的母星""），引力波要以光速走多年才到地球，地球却当场就""越过火星轨道""、狂欢。块28又写""已越过火星轨道""。距离与时序整体失真","明确两舰到太阳系的距离。地球得知广播，应经由智子/三体方的即时通报，而不是看到波前。删去""越过火星轨道""一类说法。"
121,47–58,事实/逻辑,高,"""时间在压抑到令人发疯的窒息中流逝了一年零三个月""","三体星距地球约4.2光年，地球看到的三体星爆发，至少是4年多以前发生的。广播一年多后就在地球""毫秒级""看到毁灭，物理上不可能",把观测时间推到广播后数年以上，并交代光行时。
121,52,事实,中,"""以0.99999倍光速狂飙……相对论质量放大效应达到两万倍""",0.99999c 对应的洛伦兹因子约为224，达不到两万倍（两万倍约需 0.9999999987c）,"把倍数改为""两百余倍""，或把速度写得更接近光速。"
121,54–56,事实,中,"""数十亿吨上百亿度""/""千万度的恒星碎屑火墙""/""千亿度的高温""","同一场爆发，前后给出上百亿度、千万度、千亿度三种温度。""数十亿吨""相对恒星抛射物质也小得离谱。""固态大气层""是错词","统一成一个量级，删去""固态""。"
121,24/35,逻辑,中,"""数百万身着破烂衣衫……"" → ""四十亿原本已经在绝望中等待灭顶之灾的难民""","同一处乌鲁鲁现场，先写数百万，后写四十亿。块3又说""四十一亿""，全章""四十亿/四十一亿""混用",统一人数，现场只写目力所及的人群。
121,62,事实,中,"""九大行星依然在井然有序地沿着椭圆轨道巡游""","2006年冥王星已被降级，未来纪元的科学家不会再说""九大行星""","改为""八大行星""。"
121,25,照搬,中,（涉及已出版作品，不摘录）,块3、块25两次几乎原样使用原著中智子的名台词,改写为作者自己的表达，或只做间接转述。
121,41,人物/文笔,中,"""那双曾经握惯了柳叶刀的手上布满了老茧与冻疮""",常灵珂是流行病学专家而非外科医生。在沙漠酷暑中长冻疮不合常理（块12工程师长冻疮也是同样问题）,"改为""握惯了移液枪/采样拭子的手""，把冻疮改成晒伤、皲裂。"
121,10–13,照搬/逻辑,中,（涉及已出版作品，不摘录）,"广播决定这场戏套在原著事件上，主角不在场。千人公投反倒削弱了原著中""少数人替全人类决定""的伦理张力",可以保留公投，但让结果与主角此前的某个行动产生因果。
121,全章,文笔,中,"""轰——！！""/""！！""","全章87个感叹号，""彻底""出现19次","删去大部分感叹号与""彻底""，让场面自己说话。"
121,33,文笔/逻辑,低,"""那个公元男人的旧大衣在滚烫的干热季风中猎猎作响""","正午沙漠里穿呢大衣。""旧大衣""已成标志性道具，但场景不配",此处改为别的衣物，或写他把大衣搭在臂上。
121,48/66,逻辑,低,"""拉格朗日L2点深空射电望远镜基地与紫金山天文台地下超算中心""",两人同时身处L2和南京。凌晨3:42出事，18分钟后纽约就开安理会扩大会议,"只保留一个地点，会议时间写作""次日""。"
121,69,文笔,低,"""迎接着属于人类文明最后的落日黄昏""","前文刚写旭日从紫金山升起，结尾却是""落日黄昏""，意象自相矛盾","改为""迎接一个不知还能有多少次的清晨""。"
122,11,事实,高,"""在大明嘉靖三十二年，俺答汗退兵之后，京郊数十万流民""",俺答兵临北京（庚戌之变）发生在嘉靖二十九年（1550）,"改为""嘉靖二十九年""。"
122,0/18,事实,高,"""广播纪元元年的秋风……席卷了南半球"" / 上海""寒冬将至""","南半球入秋时北半球正是春天，船队抵达上海时不会""寒冬将至""","统一季节：要么南半球写春末，要么上海写""盛夏的湿热""。"
122,27/34/42,逻辑,高,"""整座建筑由厚达五米的高强度铅硼钢筋混凝土浇筑"" / ""她拉开窗帘，让柔和的夕阳洒在病房""","地下防空大楼里有窗、有夕阳、有""铁皮百叶窗""外的夜雨",改为地面医院，或把窗景换成模拟光屏。
122,45–57,照搬/人物,高,（涉及已出版作品，不摘录）,"掩体方案原是原著中的集体提案，这里整段移到白道微个人名下，他在万国宫演讲、众人哗然，属于""抢功""",让白道微做原著没有的事，比如指出掩体方案的具体漏洞或社会代价，而不是宣布方案本身。
122,58,事实,中,"""在几个月内就会因骨髓造血干细胞被电离辐射摧毁而大面积罹患急性白血病""",高剂量辐射在数周内导致的是急性放射病（骨髓衰竭），白血病是数年后的迟发效应,"改为""急性放射病、骨髓衰竭""。"
122,21,逻辑,中,"""人类社会在短短两年的浩劫中""",按第121章，澳洲大移民到广播约一年,"改为""一年""，或统一全书时间轴。"
122,26,照搬,中,（涉及已出版作品，不摘录）,戏仿原著最著名的一句口号，读者会立刻对应,换成原创口号。
122,37,错字/用词,低,"""在充满苏打水气味的诊室里""","应为""消毒水""",改正。
122,59,错字,低,"""重核聚变聚变挖掘机""","""聚变""重复",删一个。
122,54,事实,低,"""木星大气中富含数以亿亿吨计的重水与氦三"" / 小行星""碳纤维母液原料""","木星大气中没有""重水""，只有氘，碳纤维也不是矿产","改为""氘与氦-3""，删去""碳纤维母液""。"
122,14,节奏,低,"""原来在生存的绞肉机面前，文明这件衣裳，薄得连一张草纸都不如""","白道微每章都要用一段""大明往事""做类比，模式化明显",每两三章用一次即可，并确保史实准确。
122,47/第121章·块57,连续性,低,"""三体母星也有深达数百公里的重核避难地下城""","第121章写的是""数百米地壳下""",统一。
123,2/13,逻辑,高,"""五十四天了，自从在地下执剑室交出开关"" / ""五十四年前，在PIA的地下办公室里""",此时是广播纪元三年深冬，距交权已三年以上，远不止54天。PIA时代距今两百余年，也不是54年,"改为""三年多了""，维德改为""两百多年前""。"
123,4/8/23,连续性,高,"""公元世纪危机纪元初期……在日内瓦街头对她连开三枪"" / ""在威慑纪元初期因企图谋杀程心"" / ""在你们沉睡的这两百年里，我暗中联络……""",枪击时间在同一章内说法不一。维德既被冷冻半个世纪，又说自己两百年里暗中联络旧部,"统一枪击时间，删去""两百年里暗中联络""。"
123,22,照搬,高,（涉及已出版作品，不摘录）,几乎原样照录原著中维德最著名的那句人性/兽性台词。块65、第126章块56、第127章块49、第128章块58又反复使用原著中他的标志性口头禅,这句名言原样使用最多一次，最好完全换成原创表达，其余几处删掉。
123,41–51,逻辑/人物,高,"""不，是一条无法愈合的宇宙伤疤——'死线'！""","云天明的情报尚未到达，白道微就已讲透曲率驱动、航迹、死线和黑域原理。第125–126章的""童话破译""因此失去意义，主角等于在用读者的先知先觉",删去或弱化这里的预判，让白道微只提出疑问，把揭示留给破译段落。
123,41,逻辑,高,"""白道微坐在控制台前，手里摆弄着那副黑白相间的大衍算筹""","两人上一章还在联合国掩体委员会，这里突然出现在维德的冥王星秘密基地，没有任何过渡。块51他反对星环，却把""核心动力算法""交给维德，自相矛盾",补上为什么在此、以什么身份来的。算法要么不给，要么写清他为何还是给了。
123,52,逻辑,中,"""你在澳洲大移民时冷眼旁观""",大移民期间维德在冷冻中，谈不上冷眼旁观,删去此句。
123,47,事实,中,"""但在仁宗、宣宗之后，文官集团上书焚毁了所有海图……三百年后，西方列强""",焚毁郑和档案的传说一般归于成化年间刘大夏，不在仁宣之后。从宣德到鸦片战争约四百年，而且列强来时已是清朝,"改为""成化年间，相传兵部官员藏毁下西洋档案""，并改写""大明万世基业—列强""一句的因果。"
123,57,事实,中,"""舱内装有三点五克高纯度磁化反质子……让方圆五千公里内的两艘战舰同时变成宇宙火球""",3.5克反物质湮灭约合150千吨TNT，真空中不可能摧毁5000公里外的战舰,"改为""几公里内""，或加大数量。"
123,63,照搬,中,（涉及已出版作品，不摘录）,直接嵌入原著名句的前半,另拟誓词。
123,53,逻辑,中,"""希望你手里的止血纱布，能止得住二维画卷的血。""","此时人类尚不知有降维打击，维德不可能说出""二维画卷""","改为泛指""比光粒更可怕的东西""。"
123,41,错字,低,"""工人们严惩的造血衰竭与神经衰弱""","""严惩""应为""严重""",改正。
123,50,连续性,低,"""从黑板槽里捡起一枚古铜色的算筹……折成了两截""","算筹此前写作黑白相间，第127章又变成紫檀木。基地里还有""零下二百度的冷凝气雾""",统一材质，删去不合理的温度。
123,2/10/33,连续性,低,"""没有壁炉火光的阴冷卧室"" / ""抓起壁炉旁的一把铁火钳"" / ""壁炉里的残火""",壁炉忽有忽无,统一。
124,2,连续性,高,"""挪威峡湾的冰原避难所内……程心正裹着毛毯坐在窗前""","第123章块35程心已进入冬眠，约定五十年后再醒，这里是广播纪元七年却仍醒着。块4又说""我的命两年前就该丢""","删去第123章的冬眠情节，或说明她提前被唤醒。统一""两年前""的说法。"
124,31/63,事实,高,"""地球与月球之间的第二拉格朗日点"" / ""位于月球背面……后方一百五十万公里处""",地月L2在月球外侧约6.5万公里处，不在地月之间。150万公里是日地L2到地球的距离。第125章块61又重复这个数,"改为""月球背面外侧约六万余公里""。"
124,54–58,逻辑,高,（涉及已出版作品，不摘录）,"白道微、常灵珂事先准确预言""会讲童话""，程心带着答案入场，悬念清零。这同样依赖读者对原著的先知","改为提醒程心""记住每一个字，不要试图当场理解""，不点明童话形式。"
124,19/第125章·块10,事实/逻辑,高,"""提取了他骨髓细胞中的全部DNA端粒，为他克隆……""","阶梯计划只发射了大脑，没有骨髓。端粒只是染色体末端，也无法据此克隆。""中子层面的信息""说法也不通","改为""从脑组织细胞中提取完整基因组""。"
124,0/34,连续性,中,"""太阳系外围柯伊伯带深处……切开奥尔特星云"" / ""身在四光年外母舰上的云天明""",舰队位置一会儿在柯伊伯带，一会儿在奥尔特云，一会儿在四光年外,统一舰队位置。
124,10,逻辑,中,"""三分钟后，我将启动这具机体的反物质微核心自毁程序""",此后对话远超三分钟,"改为""这场茶会结束后""。"
124,53,事实,中,"""商朝的甲骨文残片、罗马军团的凯撒密码、二战时期的恩尼格玛机""","甲骨文是文字，不是密码。""没有一种挺过半个世纪""的说法也过于绝对","删去甲骨文，改为""大多数""。"
124,46,人物,中,"""教她用拇指轻轻按揉掌心的内关穴与合谷穴，通过刺激深层自主神经元""","流行病学专家用伪神经学解释穴位，与她循证医学的职业底色不符。""掌心的内关穴""定位也不对，内关在腕横纹上方","改为呼吸训练、给予确定感等循证手段，或让她自嘲""老法子""。"
124,47–52,人物,中,"""一群自作聪明的蠢猪！……光着屁股在雪地里跳脱衣舞的傻子""",将军们为一张光盘拔枪相向，白道微用粗口式比喻，让主角显得傲慢而非睿智,保留撕毁光盘的决断，把对白改成冷静、有技术依据的两三句。
124,5,事实,低,"""程心乘坐的专机飞越了太平洋上空""",从挪威飞日本走北极或西伯利亚航线，不经过太平洋,"改为""掠过北冰洋与西伯利亚""。"
124,62,文笔,低,"""那一轮清冷孤寂的月球正悬挂在地平线的边缘""",已在太空中，没有地平线,"改为""地球边缘的弧光旁""。"
124,50,文笔,低,"""根据香农第二定理与柯尔莫哥洛夫复杂性算法……相对熵散度""","术语堆砌，柯氏复杂性不是""算法""",精简为一句通俗表述。
124,41,用词,低,"""一份厚达三百页的加密光盘""",光盘不论页,"改为""一张存有三百页方案的光盘""。"
125,17–50,照搬,高,（涉及已出版作品，不摘录）,三个童话的人物、地名、道具、情节顺序、关键奇观（画人成画、无风海与嗜血鱼、肥皂船、透视不变的王子）几乎逐段复述原著，只做了局部改名和扩写。主角完全不在场,这是全段最需要重写的部分。建议另创一套寓言，意象和结构都要原创，服务于本书自己的情报；或者只用一两句概括原著式情节，把篇幅留给主角视角。
125,23/36/43,逻辑/节奏,高,"""这不仅是一张纸，这是一片被人工压缩到宏观二维极限的微观力场容器！""","叙述者在童话内部插入物理学注解（强相互作用力、氢键、""曲率引擎在流体力学层面的终极投射""），既打破童话语体，也和""智子监控下只能讲纯故事""的设定冲突",删去所有插入童话的科学注解，只保留云天明口中的故事。
125,24/29/37/44,逻辑,高,"""这不正是在绝对真空、没有工质喷射的情况下……终极难题吗？！""","程心在监控下当场逐条破译，心跳、表情必然剧变。这与白道微""一有异常就会切断""的警告相悖，三体监控却显示""纯粹情感共振""",让程心当场只感到莫名不安，破译留到后面。
125,61,逻辑,中,"""一道无形的纯模拟高密度脉冲信号，早已跨越微波信道……冲入了……日内瓦""",第124章规则明令禁止录音与第三方设备，人类却实时转录全程，三体方没有任何反应,改为程心事后凭记忆复述，这也更有张力。
125,62–63,节奏,中,"""数百名原本屏息凝神的情报专家……完全不知所措"" / 块63几乎重写一遍",两段内容重复,合并为一段。
125,64–71,人物,中,"""闭上你们的臭嘴！一群瞎了眼的蠢材！""",白道微再次暴怒、狂笑、流泪、腿软，情绪曲线与第124、126章重复,换一种反应，比如沉默良久后只说一句关键话。
125,65,连续性,中,"""这位活了近五个世纪的智者""",白道微的主观年龄需与全书设定核对,见E问题2。
125,全章,文笔,中,"""！""100个，""绝对""12次","童话讲述本应轻柔，却处处是感叹号和""狂暴""",童话段落改用平静叙述语调。
125,58,照搬,低,（涉及已出版作品，不摘录）,"行星名""蓝星""出自原著设定，此前本书未交代，程心也无从得知","删去""蓝星""，或前文先埋设。"
126,53–60,连续性,高,"""托马斯·维德那高大消瘦如墓碑般的身影，从阴影深处一步踏出""",第123章广播纪元五年后，维德已在柯伊伯带星环城冬眠半个世纪，这里却出现在日内瓦,删去此场，或改为全息留言。
126,57/第123章·块60/第122章·块61,连续性,高,"""正式将'空间曲率驱动飞船'的研发列为最高级别的非法军事活动……'掩体工程'，正式拉开了……大幕""","禁曲率法案、掩体工程启动都已在前文写过，这里又""最终通过""一次","改成对既有政策的""再确认/升级""，或删去。"
126,10–38,照搬/人物,高,（涉及已出版作品，不摘录）,破译委员会的名称、各组误读的讽刺、三项结论都与原著对应，破译功劳全归白道微和常灵珂，其余四百名专家成了陪衬,让破译的原创点落在原著没有的层面，比如主角因明幕经历读出的某个本书独有的线索。
126,48,事实,高,"""在大明朝，他见过无数满口仁义道德……的东林党人""",东林党兴于万历后期至天启年间，远在嘉靖之后。白道微只经历过嘉靖朝的幕,"改为""严党与清流""或""嘉靖朝那些以直谏博名的言官""。"
126,8,事实/逻辑,中,"""对程心女士在听故事时的海马体突触放电进行了完整逆向解析""","fMRI不能回溯""听故事时""的脑活动。""右脑艺术区/左脑逻辑区""也是通俗误解",改为让程心重述时做记录，删去左右脑之说。
126,3/13,逻辑,中,"""现代的无线电波和量子信号在这里被彻底死寂化"" / ""经过上千台量子服务器长达七十二小时的暴力穷举""",前面说只用纸笔和计算尺，后面又用上千台量子服务器,统一。
126,2,事实,中,"""专精古苏美尔泥板与玛雅楔形文字""",玛雅文字是象形兼音节文字，不是楔形文字,"改为""玛雅象形文字""。"
126,36/第123章·块45,连续性,中,"""整个太阳系的光速将被压制在每秒十几公里以内"" / 前文""每秒十几米、甚至零""",黑域光速数值前后不一,统一。
126,35/第125章·块43,事实/人物,中,"""水面的表面张力，源于水分子之间的范德华引力网络""",水的表面张力主要来自氢键，第125章自己也写的是氢键。由流行病学家讲流体物理，显得人物职能混同,"改为""氢键""，这段交给物理学家。"
126,50,逻辑,中,"""掩体工程只能防得住光粒，防不住二向箔""","""二向箔""这个名称此时人类不可能知道","改为""防不住那张纸""。"
126,全章,文笔,中,"""！""114个",全段感叹号密度最高，几乎每句对白都是咆哮,大幅削减。
126,0/第125章·块61,连续性,低,"""日内瓦万国宫地下八百米深处"" / 前章""深埋地下五百米""",深度不一,统一。
126,20,事实,低,"""在每秒百万亿次模拟的高维监视下""",每秒百万亿次（10^14）低于当今地球顶级超算，用来形容三体算力反而显弱,删去具体数字。
127,32,逻辑,高,"""跌落的速度恒定为真空光速！……将周围数千万公里内的太空城以千万倍的光速拉向二维中心""","同一段先说光速，后说千万倍光速，自相矛盾，而且和后文""跌落是光速""再次冲突","删去""千万倍光速""，统一为光速。"
127,9,事实,中,"""在持续维持零点二倍重力加速度的恒星聚变推力下……航行七到八个月""",以0.2g持续加减速，走6亿公里只需约两周，七八个月对应的加速度要低得多,"改为""数周""，或降低加速度。"
127,4/9,连续性,中,"""死在三亿公里外"" / ""六亿公里漫长航线""",地木距离两处数字不一，实际最近约6亿公里,"统一为""六亿公里""。"
127,11/19,事实/逻辑,中,"""锚固在木卫五的坚硬岩石骨架上""",木卫五约12小时绕木星一周，会周期性进入阳面，不可能始终躲在阴影锥内。环绕木星运行的太空城都有同样问题，只有日木L2附近能长期背阳,说明太空城位于日木L2一带，或采用悬停。
127,28,逻辑/事实,中,"""他们的脊椎骨节间隙在弱重力环境下平均拉长了四到六厘米""","星之城设定为标准1g，谈不上""弱重力""。这些是发育性变化，不是""表观遗传变异""","限定为低重力城的居民，改用""发育适应""。"
127,36,事实,中,"""大明嘉靖二十一年，宫变大火前夕""","嘉靖二十一年的壬寅宫变是宫女谋勒皇帝，不是大火。""大内密探""是影视用语","改为""壬寅宫变前夕""，删去""大火""和""大内密探""。"
127,48/第128章·块7,连续性,中,"""我耗尽了一百吨反物质"" / ""整整八十公斤宏观反物质""",耗掉一百吨却只存八十公斤。维德在哪里度过这半个世纪（冥王星？柯伊伯带？水星？）三处说法冲突,统一维德的行踪与反物质数量。
127,3,事实,低,"""深埋入喜马拉雅山脉地下三千米的花岗岩永冻层""",地下三千米因地热远高于冰点，不存在永冻层,"改为""深层恒温岩洞""。"
127,29,节奏,低,"""古中国修筑的长城、法兰西在二战前构筑的马其诺防线""",与第123章白道微的长城类比重复,删一处。
127,27,医学,低,"""超过百分之七十的青少年瞬间出现了严重的恐慌发作、过度换气与眩晕休克""","看视频引起""休克""不合医学实际，70%也过高","改为""明显焦虑反应""，比例下调。"
128,11–12,逻辑,高,"块11维德已开口长谈 → 块12""一个沙哑……声音从阴影深处缓缓传来。托马斯·维德……走到了程心面前""",同一人物登场两次，块序疑似错乱,把块12放到块11之前，并删去重复的登场描写。
128,全章,照搬,高,（涉及已出版作品，不摘录）,秘密研发曲率→联邦围剿→程心以否决权令其放下武器→维德守诺→被判死刑处决，整体沿原著骨架推进。白道微、常灵珂完全缺席,至少让主角以某种方式在场并造成可见差异，否则建议把这段压缩成概述。
128,30–31,事实,中,"""四十五公斤反物质……相当于数亿吨当量"" / 块7""八十公斤……近两千兆吨""",45公斤湮灭约合19亿吨（1900兆吨），80公斤约合34亿吨，两处都算低了,"改为""近二十亿吨""与""三十多亿吨""。"
128,1,事实,中,"""正前方那颗巨型恒星已经膨胀成了一团占据了半面天穹的狂暴火海""",从水星看，太阳视直径约1.4°，远不到半个天空,"改为""约为地球上所见的三倍大""。"
128,4,事实,中,"""黑褐色的玄武岩地表被熔化为一滩滩散发着硫磺恶臭的黏稠流体""",430℃熔不化玄武岩（约需1000℃以上），真空中也闻不到气味,删去熔化与气味。
128,2/4,事实,中,"""水星赤道地表……卡洛里斯盆地"" / ""水星北极卡洛里斯盆地""","卡洛里斯盆地约在北纬30°，既非赤道也非北极。块2""近千度""与块4""四百三十度""也冲突","改为""北半球中纬度""，温度统一为约430℃。"
128,33,事实,中,"""三十八亿年前……当蓝藻开始向大气中释放剧毒的游离氧时，百分之九十九的物种被活活毒死""","大氧化事件约在24亿年前。""99%""缺乏依据","改为""二十多亿年前……大批厌氧生物消亡""。"
128,39/37,连续性,中,"""五十年前在日内瓦，我给过你誓言"" / ""星环集团自危机纪元成立以来""",托付发生在挪威木屋，星环成立于广播纪元,改正。
128,55,逻辑,中,"""狂暴的深空极寒将他的呼吸在一瞬间凝固成细碎的冰晶""","在冥王星地表露天呼吸不可能，无防护瞬间死亡。块54又把刑场写成""冥王星卡戎峡谷""，卡戎其实是冥王星的卫星","改为在舱内或透明罩内行刑，地名改为""卡戎上的峡谷""或冥王星真实地貌。"
128,5/11/第127章·块48,连续性,低,"""水星地下四千米"" / ""五千米"" / ""三千米""",基地深度三处不一,统一。
128,15/26/32,连续性,低,"""两千余名拓荒者与科学家"" / ""两千余名全副武装的星环防卫军"" / ""数万名科研人员和工人家属""",人员规模前后不一,统一。
128,35,连续性,低,"""维德缓缓松开了抓着程心衣领的手""",前文并无维德抓衣领的动作,补上动作或删去。
129,57,事实/逻辑,高,（人物对白，定位见块号）,前文（块14、25）写歌者距太阳系约23光年，这里又写成3光年，自相矛盾。更严重的是，按1%光速飞3光年要约300年，飞23光年要约2300年，“几年后”不可能成立,统一距离，并改为：二向箔由母舰或跃迁投送到太阳系外缘后才以低速漂入；或者删掉具体速度和年数。
129,33–34 对照第130章·块3,连续性,中,（人物对白，定位见块号）,下一章写“六十七座”，两处数字不一,统一为一个数字。
129,3 与 块7,设定,中,（人物对白，定位见块号）,同一章内维度数不一致，第134章块50与块52又出现“十维”和“十一维”并存,全书统一“十维”或“十一维”，并注明谁在说、依据是什么。
129,16,事实,中,（人物对白，定位见块号）,氦闪是红巨星核心的一种点火现象，与超新星是两回事，“超新星级氦闪”是概念混用（第133章块36、第136章块23还在重复）,改为“恒星失稳后的剧烈爆发”，或只写“恒星被引爆”。
129,0–12,节奏/文笔,中,（人物对白，定位见块号）,开篇十几段全是形容词叠加（绝对零度、死寂、幽暗深渊、宇宙之泪……），进入正事前已经消耗了读者耐心,压缩到三四段，保留“清理员”身份、“哼歌”、“大核膜”三个意象即可。
129,54–55,照搬,中,（涉及已出版作品，不摘录）,原著名句被直接挪用，还被改成“银河系清理舰队的古老格言”。这句话此后在第131、133、134、136章反复出现，已经成为口头禅,全书只保留一次，并换成本书自己的格言。
129,5,用词,低,（人物对白，定位见块号）,前文刚说他是“无定形透明胶质”生命，这里又出现“核苷酸突触”，生物学概念杂糅，属于无意义的术语堆砌,改为“排解意识深处的孤寂”。
129,1,用词,低,（人物对白，定位见块号）,歌者视角下使用人类的命名（“三体”“水滴”），视角串位,歌者视角改用他自己的称谓，或直接描述外观。
129,39,文笔,低,（人物对白，定位见块号）,比喻本身有趣，但“公元世纪”这种人类纪年出现在歌者视角里又是串位；同一章还有“公元世纪地球上的经验老猎人”,去掉“公元世纪”，或者改用歌者世界自己的类比。
130,1 对照 块11、第134章·块59,连续性,高,（人物对白，定位见块号）,维德被捕的地点前后不一：同章块1说星环城，块11说火星轨道；第134章又出现“反物质湮灭刑场”“联邦审判席”,统一被捕地点和处刑方式。
130,15 对照 块53,逻辑,高,（人物对白，定位见块号）,块15说童话指向三条路（曲率、黑域、降维预警），块53却把“伞”和“肥皂船”都解读为曲率驱动，黑域的对应没有着落，两处解码互相打架,重新梳理三个隐喻各自对应什么，保证前后一致（另需与本书早先解读童话的章节核对）。
130,62,事实,中,（人物对白，定位见块号）,嘉靖属于明中期，不是“明末”，与第133章块44的“明代嘉靖古铜钱”也矛盾,改为“嘉靖年间”或“明中叶”。
130,11,人物/逻辑,中,（人物对白，定位见块号）,主角在最关键的35年里选择隐退，然后只做一次预警，主动性不足。第131章块51又说他们“曾在联合国辩论席上为维德据理力争”，与“隐退”矛盾,补上他们隐退期间的具体作为（比如私下保存曲率资料、监测深空），或者删掉“隐退”的说法。
130,52–57,照搬,中,（涉及已出版作品，不摘录）,靠童话识破二向箔是原著名场面，这里由白道微代替原著人物完成顿悟，节奏和结构与原著高度相似,让顿悟来自主角自己的专业路径（例如白道微用数据异常反推），童话只作印证。
130,18,事实,中,（人物对白，定位见块号）,“远日点第二拉格朗日点”是不成立的术语拼接。拉格朗日点属于日–海系统，与远日点无关；海王星轨道半径约30天文单位，38天文单位也与“穿过海王星公转平面”对不上,改为“海王星L2点附近”，距离统一为约30天文单位。
130,全章,文笔,中,（人物对白，定位见块号）,双感叹号和嘶吼密集，白道微“浑身发抖、一拳砸桌、抓头发、濒死野兽般呜咽”连着出现，情绪表演过度，反而显得失真,感叹号至少删掉三分之二，只留一个最有力的肢体动作。
130,20 对照 第131章·块38,连续性,低,（人物对白，定位见块号）,第131章说重巡洋舰极限只有5%光速，第135章块22又说常规飞船顶多15%光速，数据来回摇摆,统一一套航速数据。
130,28–30,人物,低,（人物对白，定位见块号）,舰队高层集体降智，被写成纯粹的反面陪衬，反派明显工具化,给高层一个有道理的误判理由（例如质量为零确实不可能是动能武器），让误判更可信。
131,30–32 对照 块46–49,逻辑/事实,高,（人物对白，定位见块号）,波前以光速推进，海王星毁灭的光信号与波前本身几乎同时到达。“警报到达后还有十小时”在物理上不可能。而且海王星到太阳约30天文单位，光行时间约4.2小时，表中写“16小时10分”也是错的,核心设定二选一：要么把跌落速度写成远低于光速（这样才有逃生窗口），要么删掉倒计时表，改写“警报与毁灭几乎同时到来”。
131,64 对照 第132章·块49,逻辑,高,（人物对白，定位见块号）,下一章说她们“两个小时前已抵达冥王星上空”。木星到冥王星约35–40天文单位，几小时内飞完要求远超光速,改为她们早已在冥王星，或者提前数月出发。
131,13–14,节奏/文笔,中,（人物对白，定位见块号）,连续两段伪物理讲解（“维度辐射”“超对称破缺涟漪”），没有叙事功能，术语用法也不准确,删去，或者压缩成一句感官描写。
131,21,事实,中,（人物对白，定位见块号）,海王星大暗斑是1989年旅行者2号观测到的短期风暴，到1994年已经消失，不存在“数万年”,改为“时生时灭的暗斑风暴”。
131,56–57,情节,中,（人物对白，定位见块号）,典型的“话音刚落救星就到”，巧合太强。星环号的存在由主角“猜中”后立刻被确认，削弱了悬念,提前埋伏笔（比如维德或罗辑多年前留给主角的中继器），让这次联络是主角主动发起的。
131,58–59,设定,中,（人物对白，定位见块号）,现实物理中量子纠缠不能用来超光速传递信息。第134章块62维德也用“量子纠缠信道”留言,如果本书设定允许，需要前文交代；否则改为普通通信，并计入光行时延。
131,24,事实,低,（人物对白，定位见块号）,海卫一表面的氮冰只是薄层，冰壳主体是水冰；“深达数万米的热液对流腔”也缺乏依据,改为“薄薄的氮霜覆盖在水冰地壳上”（待查证具体厚度）。
131,3 与 第130章·块46,逻辑,低,（人物对白，定位见块号）,力场“每分钟衰减百分之一”，恰好在捕获前一秒耗尽，巧合太多,把衰变写成由启示号的探测照射加速，让人类的轻率与后果形成因果。
131,42,节奏,低,（人物对白，定位见块号）,群体崩溃段落（块36–42）篇幅过长，而且与第132章块31的土星暴乱高度同构,两处合并压缩，只保留一两个具体人物细节。
132,44–52,逻辑,高,（人物对白，定位见块号）,距冥王星约35天文单位，以0.15c飞行约需32小时，而光速波前必然先追上他们。飞向冥王星往往还是迎着波前方向。维德“恰好”在正前方0.5天文单位布了曲率浮标，是典型的机械降神,大幅修改：要么主角早就身在冥王星，要么跌落速度远低于光速。浮标一类的设施需要前文埋设。
132,28,逻辑,高,（人物对白，定位见块号）,波前以光速推进时，任何位置的预警时间都接近零，“少两小时”这种说法不成立,与第131章的核心设定一并修正。
132,13,事实,中,（人物对白，定位见块号）,太阳系年龄约46亿年，“六十亿年”不可能；而且主流观点认为土星环可能相当年轻（待查证）,改为“亿万年来”或“也许并不古老的光环”。
132,1,事实,中,（人物对白，定位见块号）,前文说是同心球形波前，这里又说沿法线方向，几何描述混乱,统一为“球面向外扩张”。
132,5–25,节奏,中,天王星、天卫五、天卫三、天卫四、土星环、六边形、土卫二、土卫六、土卫一、土卫八逐一罗列,行星百科式铺陈占了整章约三分之二，句式高度重复（“在跌入二维的瞬间……被平摊成……宛如……”）,每颗行星选一个最有情感落点的细节，其余删去，篇幅至少压缩一半。
132,43,人物,中,（涉及已出版作品，不摘录）,白道微的台词是在给读者讲道理，不是人在危机中会说的话，而且“多看了一眼”与前文的因果（广播坐标、曲率痕迹）不符,改成短句或沉默，把议论交给情节。
132,3、块7,事实,低,（人物对白，定位见块号）,数字对应较旧的统计。截至2024年，天王星已确认28颗卫星，海王星16颗；第133章块10木星写“七十九颗”，也偏旧（待查证最新数字）,改为“数十颗卫星”等模糊说法，避免过时。
133,35–41 对照 第136章·块4–17,连续性/节奏,高,（人物对白，定位见块号）,太阳的压平本章已经完整写过（白、常还没到冥王星），第136章又从“波前正从四面八方合围太阳”重写一遍，并写太阳熄灭，时间线矛盾，内容也重复,只保留一处：本章写压平，第136章只写远观熄灭的余光。或者反过来安排。
133,27,事实,中,（人物对白，定位见块号）,火星轨道半径约1.52天文单位，地球在火星轨道内侧约0.5天文单位处，不是1.5,改为“火星轨道内侧、距太阳一个天文单位处”。
133,3,事实,中,（人物对白，定位见块号）,木星磁层尺度可达数百万公里，足以装下太阳本身，但远远装不下整个太阳系,改为“大到能装下太阳”。
133,11–12,节奏,中,（人物对白，定位见块号）,相邻两段重复同一个事实,删去其中一段。
133,14、块21 对照 第129章·块33、第134章·块6,连续性,中,（人物对白，定位见块号）,人口数字来回变化：总人口“四十多亿”（第129章）、“四十亿”（第131章），木星三十亿加土星三亿加地球五千万，约33.5亿；天王星、海王星的太空城（第130章块3说四颗巨行星都有）的毁灭从未写到；第134、135章又变成“三十多亿”“三十亿”,列出一张总表并统一口径，补写或删除天王星、海王星的城市。
133,43 对照 块42,连续性,中,（人物对白，定位见块号）,上一段刚说二人为地球奋斗了“整整半个千年”，这里又变成“半个世纪”,按全书时间线统一。
133,46,事实,中,（人物对白，定位见块号）,冥王星地壳以水冰为主，不太可能有花岗岩基岩。“卡戎”是冥卫一的名字，拿它给冥王星的平原命名容易混淆；第135章块40又改用真实地名“斯普特尼克平原”,改用冥王星真实地名，基岩写成水冰；石碑材料可说明是从外部运来的。
133,46 对照 第134章·块23、块27,连续性,中,（人物对白，定位见块号）,这里石碑在地表，数以百计，高二十米；第134章变成地下大厅里“数以万计、十余米”；第135章又回到“悬崖边的石碑群”,统一石碑的位置、数量和尺寸。
133,30–37,节奏/文笔,中,（人物对白，定位见块号）,地球和月球的段落堆满了名胜清单，阿姆斯特朗的脚印写了两次（块30、块34），块34还重复了块32的长城,挑一两个具体的人和物来写，删去清单。
133,8,事实,低,（人物对白，定位见块号）,阿基米德螺线、双曲螺线、对数螺线是三种不同的曲线，这里把它们混成了一个词,选一种，比如“对数螺线”。
134,60 对照 块61,逻辑,高,（人物对白，定位见块号）,下一段又说飞船是经三条幽灵货运航道“悄悄转移到了这里”，相邻两段自相矛盾,二选一。
134,24,事实,高,（人物对白，定位见块号）,《蒙娜丽莎》收藏在巴黎卢浮宫，不在乌菲兹（第133章块18也把它放在“新巴黎卢浮宫复刻中心”）,改为“卢浮宫”。
134,67 对照 第135章·块6,设定,中,（人物对白，定位见块号）,下一章罗辑说是“云天明在那里给人类留下了一颗星星”，赠星者前后不一（需与本书早先章节核对）,统一为云天明。
134,19,错字/事实,中,（人物对白，定位见块号）,“抵达成”应为“抵达”。木星到冥王星约50–60亿公里，不是“数千万公里”,改为“抵达柯伊伯带”“数十亿公里”。
134,46,事实,中,（人物对白，定位见块号）,奥尔特云远在柯伊伯带之外（数千到十万天文单位），不可能在“柯伊伯带内侧”,删去“奥尔特”。
134,49–50,逻辑,中,（人物对白，定位见块号）,白道微和罗辑怎么会知道歌者母世界正在进行二维化改造、宇宙原本是十维？这些信息只在歌者视角里出现过，属于全知叙述泄漏,删去，或者交代信息来源（例如某个外星信号），或改成推测语气。
134,19–21、块73,人物,中,（人物对白，定位见块号）,白、常二人已经鬓发斑白、跨越数百年，罗辑却把他们当晚辈新人夸奖，关系定位失真。第135章块70还称四人为“四个年轻人”,按二人与罗辑的实际资历和交往重写称呼。
134,29–37,照搬/节奏,中,（涉及已出版作品，不摘录）,罗辑讲解信息载体寿命、主张刻石，是原著中的名段落；这里的论证顺序（纸张、磁介质、芯片、石头）与原著相近，而且篇幅冗长,压缩为一段，并加入本书独有的视角（例如常灵珂从病原体、DNA保存的角度补充一句）。
134,8,人物/照搬,中,（涉及已出版作品，不摘录）,程心的忏悔和罗辑的宽慰（块11–15）用大段独白复述原著人物的心路，程心、罗辑都成了宣讲者,缩短，并让主角在这场戏里起一点作用。
134,59,照搬,中,（涉及已出版作品，不摘录）,原著名句直接移植,换成本书自己的表述。
134,74,错字,低,（人物对白，定位见块号）,“双手法”多了一个“法”字,改为“用双手抚摸”。
134,0、块1,事实,低,（人物对白，定位见块号）,冥王星表面重力约为地球的0.063倍，即约十六分之一；从冥王星看太阳也远没有“指甲盖大小”,改为“约十六分之一”，太阳写成“一颗格外亮的星”。
134,64,文笔,低,（人物对白，定位见块号）,光速约为第三宇宙速度的18000倍，“千百倍”不准确，而且这句话由数据科学家说出来显得像课本,删去。
135,37–38,逻辑/事实,高,（人物对白，定位见块号）,冥王星表面近乎真空、约零下230度，不穿防护服的人几秒内就会失去意识，不可能长时间安坐、微笑、挥手,改为罗辑留在透明穹顶内，或穿着旧防护服、面罩后露出微笑。
135,53–57、块62,逻辑,高,（人物对白，定位见块号）,光速下300公里只有千分之一秒，中间插不进对白和读秒。飞船从0.2c加速到0.99c的过程中必然被光速波前追上；“以微秒级张力优势一点一点甩开”在恰好等于光速时也不成立,让曲率泡在波前到达前数分钟就已建立，紧张感改由“能不能按时完成自检”来提供；或者采用跌落低于光速的设定。
135,40,事实,中,（人物对白，定位见块号）,卡戎直径约为冥王星的一半，体积只有约八分之一,改为“直径约为冥王星一半”。
135,67、块70,人物,中,（人物对白，定位见块号）,前文刚写常灵珂“鬓角已染上白霜”，这里又称她“年轻的姑娘”,统一年龄描写。
135,6,照搬,中,（涉及已出版作品，不摘录）,原著台词直接挪用,删去，或者换成本书自己的话。
135,22–28,节奏,中,艾AA、白道微、常灵珂接力讲解齐奥尔科夫斯基方程、阿库别瑞曲率泡、普罗米修斯导航,倒计时只剩几十分钟，人物却在做科普对谈，节奏完全泄气,压缩成两三句专业短句，让危机推动场面。
135,10,文笔,低,（人物对白，定位见块号）,人物已经站在机库地面上，“千米之下的仰视”说不通,改为“从导轨平台仰视”。
135,22 对照 第132章·块52,连续性,低,（人物对白，定位见块号）,这恰好是天琴一号借曲率浮标达到的速度，与第131章“极限5%”冲突,统一数据。
135,60,文笔,低,（人物对白，定位见块号）,六个感叹号的拟声词，网文腔过重,改为一句短描写。
136,27,事实,中,（人物对白，定位见块号）,如果跌落以光速推进，扩到数光年只需要数年，不是“几千万年”,改为“数年之内便会吞没邻近的星际空间”。
136,39,事实,中,（人物对白，定位见块号）,液氦沸点约零下269度，零下200度的温区对应的是液氮之类，不是液氦,改为“液氮冷冻舱”。
136,39 对照 第135章·块15,连续性,中,（人物对白，定位见块号）,上一章说基因库有“数百万种”动植物胚胎，数量级不一,统一。
136,47,事实/人物,中,（人物对白，定位见块号）,《千字文》成书于南朝梁（6世纪），距小说此时已逾千年，不是“几百年”。程心问“你们还记得在玉熙宫丹房里读过的古卷吗”，口气像她在场，程心如何得知二人的明代经历也需交代,改为“一千多年前”，改由白道微或常灵珂自己回忆。
136,25,照搬/事实,中,（涉及已出版作品，不摘录）,这句话在第129章块54已由歌者使用；原著中究竟是谁说的，待查证。归属可能有误，而且属于原著名句挪用,删去引述和归属。
136,29,逻辑,中,（涉及已出版作品，不摘录）,关一帆（原著中“万有引力号”一线的人物）的假说此时是否已被人类知晓？这与本书的时间线有关，需要核对，有提前透露后续信息之嫌,核对前文；如果没有交代，改成主角自己的推测。
136,36–42,节奏,中,反物质磁阱、机械蛛、基因库、导航AI、水凝胶逐项巡检,大段设备说明书式的描写，没有冲突,保留一个细节（常灵珂擦拭试管上的霜）即可，其余删去。
136,4,事实,低,（人物对白，定位见块号）,第133章块1已写“八大行星”，前后不一,统一为“八大行星”。
136,15,事实,低,（人物对白，定位见块号）,冷却的热辐射体颜色应该是由白到橙、红、暗，最后不可见，不会变紫,改为“最终暗得看不见”。
136,52–57,结构,低,（人物对白，定位见块号）,场景顺序颠倒，收束不利落,把块56移到块52之前。
137,23,事实,高,（人物对白，定位见块号）,286光年约合2.7×10^15公里，也就是两千七百万亿公里左右；三千亿公里只有约0.03光年，差了约一万倍,改为“近三千万亿公里”，或直接写“两百八十六光年之外”
137,68,逻辑,高,（人物对白，定位见块号）,主角刚睡了286年，威慑崩溃距今应在三百五十年以上。下一章块37又写“三十五年前”，第139章写“五十年”,统一时间线；如果银河人类另有时间尺度（冬眠、相对论效应），需要明确交代
137,72–76,节奏,高,（人物对白，定位见块号）,块72已经写到两船“驶向地表”，块73又倒回登舰桥之前，块76再写一遍再入大气，时序错乱,把块73–75移到块29之前，或者删掉
137,14/16/21,逻辑,中,（人物对白，定位见块号）,285年350天加72小时的减速，到不了286年4个月12天，日志和主时钟对不上,统一成一个数字，比如都用“286年又若干天”
137,3,事实,中,（人物对白，定位见块号）,星座变形是因为观测位置移动产生的视差（空间视差），与引力无关,改为“在视差中逐渐变形”
137,35,事实,中,（人物对白，定位见块号）,按开普勒第三定律，1.3倍太阳质量、1.35AU对应的周期约500天,周期改为约500天，或把半长轴改为约1.2AU
137,45,事实,中,（人物对白，定位见块号）,按16.7km/s计算，一万年约走0.56光年，数万年能走一两光年，“绝不可能”不成立,改为“数万年也不过跨出一两光年”
137,49–52,逻辑,中,（人物对白，定位见块号）,两段相隔几行，常灵珂和艾AA各起一个名字，“七十二小时”“三天”也重复；块49和块50连着两段都是常灵珂发言,合并成一次命名讨论，让白道微或程心拍板
137,40/55,文笔,中,（人物对白，定位见块号）,同一章里植物色素的解释讲了两遍，而且两次说法不同,保留一处，统一色素设定
137,38,文笔,中,（人物对白，定位见块号）,本章感叹号超过四十处，双感叹号频繁，数据播报也用感叹号，读起来很累,数据句一律改成句号，只在真正的情绪顶点保留感叹号
137,12,事实,低,（人物对白，定位见块号）,宇宙背景就有2.7K，暗分子云的典型温度在10–20K,改为“十余开尔文”
137,11,逻辑,低,（人物对白，定位见块号）,以光速航行时，四光年外的目标意味着提前约四年，不是七天,改成“提前四年规划绕行”，或把距离改为“七光日”
137,54,事实,低,（人物对白，定位见块号）,平流层高度只有十几到五十公里，六百公里轨道和平流层无关,删去“平流层边缘”
137,37,错字,低,（人物对白，定位见块号）,“的的”重复,删掉一个“的”
138,8,逻辑,高,（人物对白，定位见块号）,万有引力号在威慑崩溃后就离开了太阳系，不可能拥有掩体纪元的档案；块7他还知道维德、星环号,改为关一帆“听说过”或“并不知道”，由主角告诉他
138,29,逻辑,高,（人物对白，定位见块号）,亚光速的旧战舰不可能在二十多年里航行一百二十光年；块34关一帆也没有曲率飞船，却在几个月内到达DX3906,把距离改成一二十光年，或者交代他们从三体人那里获得了曲率技术
138,15–16,人物,高,（人物对白，定位见块号）,身边就站着流行病学专家，一个陌生生物圈的水被直接喝下，常灵珂却一言不发，削弱了她的专业身份,让常灵珂拦住艾AA，讲清异星微生物和过敏原的风险，这正好是她的戏份
138,10/44,逻辑,中,（人物对白，定位见块号）,同一章里先说三个月，后说两个月,统一
138,20,人物,中,（人物对白，定位见块号）,一个人三个月的考察，不足以下这样的结论，常灵珂应当质疑,加一句常灵珂的保留意见
138,18/29,逻辑,中,（人物对白，定位见块号）,第139章块18写“几千名官兵”；两百人在五十余年里繁衍到近五千人，增长也过快,统一舰员人数，调低人口
138,52,事实,中,（人物对白，定位见块号）,内行星只会在黄昏时出现在恒星落下的西方低空附近，不可能入夜后高悬在东北方,改为“西方低空，余晖未尽处”
138,53,逻辑,中,（人物对白，定位见块号）,块12刚说这些植物“完全没有坚硬木质纤维素”“富含水溶性葡萄糖”，这样的植物烧不出木炭,改用携带的燃料块，或给某类植物加上木质化设定
138,61,逻辑,中,（人物对白，定位见块号）,前文关一帆从没说过这句话,删去这个引子，或在块7补上
138,64–65,节奏,中,（人物对白，定位见块号）,块64读起来已经是收尾，块65又接着讲航图，结构松散,把块65移到块63之前
138,5,文笔,中,（人物对白，定位见块号）,同一章里“灵魂”被砸碎、灼烧、刻进，这类夸张反复出现,换成具体的动作，比如他半天没说出话
138,6,事实,低,（人物对白，定位见块号）,从地球看，DX3906在天鹅座方向；反过来从DX3906看，太阳应在相反的方向,删去“天鹅座”
138,19,事实,低,（人物对白，定位见块号）,极光发生在一百公里以上的电离层，白天也难以看见,改为“入夜后，高空电离层中”
139,25–27,照搬,高,（涉及已出版作品，不摘录）,四维碎块、魔戒自称墓碑，以及以“海与鱼”为喻的问答，基本按原著名场面复述,大幅压缩为主角转述的一两句，或者换成作者自创的意象
139,34–61,照搬,高,（涉及已出版作品，不摘录）,田园时代、十维跌落、降维武器、降光速形成黑域、神级文明自我低维化，整段宇宙史按原著中关一帆的讲述顺序展开，主角只是听众,删到原来的三分之一，把篇幅留给主角基于自身经历（明幕、同契）的质疑或补充
139,65–66/67,人物,高,（人物对白，定位见块号）,第137章刚写常灵珂是“年轻女医生”“年轻如初的双手”；“明清”也有误，明幕只到嘉靖,统一两人的生理年龄；删去“清”；常灵珂是流行病学专家，“行医”应改为“做公共卫生”
139,75–81,节奏,高,（人物对白，定位见块号）,第138章块45–49已经用引力波探测到云天明的飞船，程心也已痛哭，这里再“突然发现”一次，重复了同一个情节节点,改成一次状态更新，比如“进入四十八小时窗口，并收到语音”，程心的反应要写出和前一次的区别
139,29,事实,中,（涉及已出版作品，不摘录）,在原著中这个名字属于万有引力号的指挥官，身份不是学者（待查证）,核对后改名，或改成自创人物
139,47,事实,中,（人物对白，定位见块号）,按原设定光粒是接近光速的抛射体，并不超光速,改为“近光速光粒”
139,12,人物,中,（人物对白，定位见块号）,流行病学家用便携显微镜看一块碎屑，就测出衰变率偏差，专业和设备都说不通,把这个发现交给关一帆的仪器，常灵珂可以从生物样本的角度提问
139,68,照搬,中,（涉及已出版作品，不摘录）,直接引用原著名句，出处归属待查证；第141章块16常灵珂又用了一次,最多保留一次，并注明是转述；或者改用主角自己的话（比如第142章块87诏狱那句就很好）
139,31/45/48,文笔,中,（人物对白，定位见块号）,“终极”一词在本章出现十余次，关一帆几乎每句都在嘶吼,让讲述者冷静下来，内容越骇人，语气越平
139,36,事实,低,（人物对白，定位见块号）,这个精确数值是1983年国际单位制定义米时规定的，不是爱因斯坦定的,改为“国际单位制把它定义为……”
139,16,事实,低,（人物对白，定位见块号）,可观测宇宙直径约九百多亿光年,改为“百亿光年之外”
139,75,事实,低,（人物对白，定位见块号）,引力波以光速传播；上一章说对方是在曲率减速,删去“超光速”
140,55–93 对照第141章块1,逻辑,高,（人物对白，定位见块号）,本章云天明已经着陆、重逢、晚宴、送出小宇宙；下一章却写“距离云天明飞船着陆……只剩最后不到半天”，事故发生在他降落之前。两章互相矛盾，像是两个版本并存,二选一：保留降落前出事（更贴合后文“差几个小时”的悲剧），删掉第140章块35之后的内容
140,15/20/34,逻辑,高,（人物对白，定位见块号）,第137章块30–33明确写的是单颗F型星、两颗行星，这里突然多出伴星，而且一下是两颗,统一：要么删掉伴星，要么回到第137章补上设定
140,20/23,逻辑,高,（人物对白，定位见块号）,第138章块10、块34写关一帆独自降落，营地只有两张行军床,在第138章交代随员，或者删掉这四十人
140,3,事实,中,（人物对白，定位见块号）,“每秒一千两百公里”是速度单位，不是加速度,改为“速度一千二百公里每秒，正在减速”
140,7,逻辑,中,（人物对白，定位见块号）,与第137章块43“用……仅剩的三百万人民币”买星矛盾,删去“无法承担”这一句
140,31,逻辑,中,（人物对白，定位见块号）,同段又说“三百年”；第143章块82写的是“黄铜纹理”，钥匙的材质前后不一,统一为“三百年前”，材质也统一
140,39,错字,中,（人物对白，定位见块号）,“格景”应为“背景”,改正
140,84–89,照搬,中,（涉及已出版作品，不摘录）,编号、智子管家、田园木屋都来自原著；把它压缩成“拳头大小的魔方”是新写法,保留新写法的同时，编号可以改掉，以减少对原著的依附
140,96,逻辑,中,（人物对白，定位见块号）,按第137章，第二行星就是蓝星，谈不上“外缘”,改成新设的外侧行星
140,94,逻辑,低,（人物对白，定位见块号）,捕食者号当天已经飞回地面,改为“留在轨道上的监测卫星”
140,5,照搬,低,（涉及已出版作品，不摘录）,直接使用原著的标志性台词,改成转述，比如“那句驱人不择手段向前的口头禅”
140,59,文笔,低,（人物对白，定位见块号）,此类“整座银河系”的比喻在一章里用了三次（块59、块84等）,删减
140,24,事实,低,（人物对白，定位见块号）,玄武岩熔融后玻化的颜色是黑色,改为“黑曜石般”
141,24,逻辑,高,（人物对白，定位见块号）,与第137章“第二行星即蓝星”冲突；而且从蓝星出发只飞了一百二十万公里，到不了另一颗行星的轨道,设一颗外侧的“第三行星”并调整距离，或者把死线放在蓝星的轨道空间
141,81/第142章块6,逻辑,高,（人物对白，定位见块号）,人体的神经、心肌、化学反应同样依赖电磁作用。芯片瞬间“脑死亡”，人却能说话、思考十几个小时才出现症状，物理规则对人和机器是双重标准,加一句解释（比如穿梭机外壳的屏蔽让舱内光速高于舱外，只是电子设备对外接口失效），或者让人体从一开始就出现严重症状
141,20,逻辑,中,（人物对白，定位见块号）,第137章星环号已经降落在紫海平原,删去，或者交代它又升空了
141,63–64,事实,中,（人物对白，定位见块号）,持续三十个G足以让人昏迷甚至死亡，与块19的“1.2g很舒适”也反差太大,改为三到五个G
141,78/第142章块2、23、29,逻辑,中,（人物对白，定位见块号）,反推光速约1米/秒，与“每秒十几米”不一致；后文“两三秒”“一秒”又各不相同,统一按15米/秒计算：半米约需0.03秒，肉眼难以分辨，可以改写为跨越整个舱室时的明显延迟
141,90–91,逻辑,中,（人物对白，定位见块号）,与第142章给出的1:百万至1:两千万的比例不符（按此比例一分钟只相当于约2–38年）,与第142章统一
141,42,人物,中,（人物对白，定位见块号）,靠旧伤“灼痛”来预感危险，带有神秘主义色彩，让白道微显得全知,改为他从数据里读出的具体异常（比如背景噪声的周期性抖动）
141,7,事实,中,（人物对白，定位见块号）,在该世界观中，危机纪元的高能加速器研究被智子锁死,删去这一句
141,16,文笔,中,（涉及已出版作品，不摘录）,两章之内第二次引用同一句原著名言，而且显得空洞,删去
141,10,逻辑,中,（人物对白，定位见块号）,第137章块73、第138章块57写的是“近八百年”,统一两人的主观时长
141,46/50,逻辑,低,（人物对白，定位见块号）,柯伊伯带在三十到五十AU之外，与六点五AU不符,统一
141,62,逻辑,低,（人物对白，定位见块号）,穿梭机离地一百多万公里，无线电单程约4秒，而黑域不到3秒就到达，艾AA来不及反应,删去艾AA的喊声，或者改为事后才收到的回音
142,69,事实,高,（人物对白，定位见块号）,按1:2000万计算，一天只相当于约5.5万年；“喘一口气=几个月”“喝一口水=几十年”也算错了。后文16小时对应1888万年，实际比例约为1:百亿,把块66的比例改为“约一比一百亿”，其余换算照此重算
142,41–42,事实,高,（人物对白，定位见块号）,方向说反了：全反射只发生在光从高折射率介质射向低折射率介质时；光进入高折射率介质时频率不变、波长变短，而不是“红移变长”,改为：外部星光进入黑域后被极度折弯、减速，能量被挤进极短的时间窗口里，或者让白道微用“界面曲率势垒”自圆其说，别借用折射原理
142,50/59/64,错字,高,（人物对白，定位见块号）,反斜杠转义被破坏：\frac 变成了“rac”，\to 和 \tau 成了制表符（“v 	o”“d	au”），网页上会显示乱码,修复为 \frac、\to、\tau，并检查全书所有的LaTeX公式
142,62,事实,中,（人物对白，定位见块号）,“卡尔津”没有对应的物理学家或度规，属于杜撰的专业名称,改为“史瓦西度规”，或者直接写“静态引力场的度规”
142,12–13,逻辑,中,（人物对白，定位见块号）,晶格声子本身就源于原子间的电磁力，下一块也说弹性波变慢了，前后自相矛盾,改为“怀表虽然也受影响，但它与人体处在同一个慢速环境中，彼此的节律是一致的”
142,93–94,节奏,中,（人物对白，定位见块号）,两段内容几乎相同，是重复稿,删去其中一段
142,31,照搬,中,（涉及已出版作品，不摘录）,复述原著童话的名称和情节细节,改为一句概括，比如“那个用肥皂推动纸船的隐喻”
142,8,事实,低,（人物对白，定位见块号）,按15米/秒计算，一纳秒能走15纳米，约数十个原子层,改为“跨不过一个晶体管”
142,73,事实,低,（人物对白，定位见块号）,从南方古猿（约四百万年前）算起，两千万年约为其五倍,改为“数倍”
142,47,文笔,低,（人物对白，定位见块号）,钢笔和草稿本算不上“笔墨纸砚”，修辞生硬,删去
142,87,出彩,—,（涉及已出版作品，不摘录）,用明幕旧话呼应当下，是本段少有的有分量、有辨识度的原创台词,保留，可以在前文伏笔处加强
143,56/65,人物,高,（人物对白，定位见块号）,叙述者把伪科学当作定论，而说这话的常灵珂是循证医学出身的流行病学家，人设冲突；第144章块62的“真元热力”更是滑进了武侠路数,改成人物自己的判断（比如“她知道证据有限，但此刻只剩这个办法”），并删去“真元”
143,55,事实,高,（人物对白，定位见块号）,七寸约23厘米；百会在头皮上，大椎、命门邻近脊髓，这样深刺有致命风险,改为“寸许毫针”，浅刺
143,21,事实,中,（人物对白，定位见块号）,太空中惯性滑行的穿梭机处于失重状态，摆钟无法摆动；块31、块53也写到了“失重”,改为游丝摆轮钟或扭摆钟
143,61,事实,中,（人物对白，定位见块号）,参附方的组成是人参加附子，不含沉香；“神经递质激活成分”属于伪科学说法,改为“参附的辛热气味”
143,72,逻辑,中,（人物对白，定位见块号）,57600次对应每秒1次，但第142章块12写摆轮每秒摆动5次，16小时应为28.8万次,改为“二十八万八千次”
143,78–82,逻辑,中,（人物对白，定位见块号）,按全段1888万年/16小时的比例，1秒约相当于330年，红巨星演化不可能在几秒内看完；“几微秒之内”更不对,改为看到恒星的位置漂移、星座的变形，这些在1888万年里确实显著
143,64,事实,中,（人物对白，定位见块号）,嘉靖二十一年是1542年（壬寅宫变之年），早于明幕的主体时段（改稻为桑到嘉靖驾崩）；明中期尚宫局实际职能如何，待查证,核对明幕的时间线，改为明幕中确有其事的年份和地点
143,69,事实,中,（人物对白，定位见块号）,北镇抚司隶属锦衣卫，东厂的番役在锦衣卫诏狱里施刑，需要交代缘由,改为“锦衣卫的三记闷棍”，或者改地点为东厂
143,13,逻辑,中,（涉及已出版作品，不摘录）,章北海在原著时间线中死于末日战役前后的黑暗战役；水星掩体在本书中建于何时，待查证,核对时间线，必要时换成原创人物
143,85,文笔,中,（人物对白，定位见块号）,字面意思成了四人心跳停止,改为“几乎忘了心跳”
143,98/第144章各处,逻辑,中,（涉及已出版作品，不摘录）,第144章里“1880万年”和“1888万年”混用；这个数字与原著中的标志性数字极为接近,统一数字，并考虑换一个明显不同的数值，以减轻对原著的依附
143,12,事实,低,（人物对白，定位见块号）,冷气推进用的是高压气体；单组元肼靠催化分解，“自燃”是双组元推进剂的说法,改为“高压氮气”“催化分解式单组元肼”
143,67/70,节奏,低,发热包、发热贴相隔三块写了两遍,重复,合并
144,16,事实,高,（涉及已出版作品，不摘录）,1888万年约等于5.96×10^14秒，也就是约596万亿秒，原文少了三个数量级,改为“将近六百万亿秒”
144,59,逻辑,高,（人物对白，定位见块号）,与第140章块7“那时她甚至不知道赠送者是谁”矛盾；云天明当时正在病房里,改为她独自收到证书的回忆
144,80,逻辑,高,（涉及已出版作品，不摘录）,关一帆早在威慑崩溃时就离开了，从没去过冥王星；这句话应该由程心或白道微说,把台词换给程心，由她联想到罗辑
144,85–94,节奏,高,（人物对白，定位见块号）,同一个发现写了两遍，程心的狂喜也写了两遍（块89–90、块94），是两版草稿叠在了一起,保留一版
144,91,事实,中,（人物对白，定位见块号）,太赫兹波长在亚毫米量级，而且几乎穿不透岩石；块83说的50–500兆赫探地雷达才对,删去“太赫兹”，块81也一并修改
144,91/43,逻辑,中,（人物对白，定位见块号）,前文写穿梭机八十吨,删去“数万吨”
144,25,事实,中,（人物对白，定位见块号）,红矮星的寿命以万亿年计，两千万年不会有可见变化；“红移”是多普勒/宇宙学概念，不等于颜色变红,删去伴星老化，改写行星自身的变化
144,37,事实,中,（人物对白，定位见块号）,钾-40半衰期约12.5亿年，行星已有数十亿年历史，两千万年造成的氩比变化极其微小，无法据此“严格”定年,改成更直观的证据，比如跑道烧结层上覆盖的沉积厚度
144,66–68,逻辑,中,（人物对白，定位见块号）,发言在出场之前，顺序颠倒；他还在尚无证据时就断言了结论,调整顺序，把断言改成推测
144,52,文笔,中,（涉及已出版作品，不摘录）,叙述者直接下评语，而且这一情节与原著高度相似，说“从未记载”反而显得反讽,删去
144,39,事实,低,（人物对白，定位见块号）,岁差改变的是转轴指向，不会让倾角“颠覆”,改为“倾角缓慢摆动，气候带随之南北迁移”
144,17,事实,低,（人物对白，定位见块号）,太阳每秒就消耗约六亿吨氢，两千万年的消耗量远超“数万亿吨”,改为“烧掉了相当于数颗行星质量的氢”
144,48,错字,低,（人物对白，定位见块号）,应为“拢在唇边”,改正
145,38–43/64–66,节奏,高,（人物对白，定位见块号）,合金舱开启、共振球现身写了两遍（块38–43与块64–66），刻度环也拨了两轮（块47–55与块68），明显是两版草稿并存,保留一版：先勘测舱体，再开舱，再解码，删掉另一版
145,71/83–84/88–106,节奏,高,（人物对白，定位见块号）,时空门成形写了两次，门内田园描写三次，智子分别在块76、86、91、96四次“出场”，块93和块103两次跨门,压缩成“门开—看见—智子致意—跨入”一条线，门内景物只写一次
145,22–23 vs 第146章·块35/72,逻辑,高,（人物对白，定位见块号）,石刻说两人在蓝星地表生活，第146章智子却说二人“在这个小宇宙中走完一生”“在小宇宙里一起走过了一百八十年”，而小宇宙里看不到双星日落,统一一个说法：在地表生活、晚年进入小宇宙；或在小宇宙定居、偶尔出门
145,70,文笔/事实,中,（人物对白，定位见块号）,坑底只有蓝星引力，扯上“地球”说不通；而且上一块刚写重力反转，下一块又写恢复1.0G，相互矛盾,改成“蓝星的重压像退潮一样松开”，并删掉互相冲突的重力描写
145,29,文笔,中,（人物对白，定位见块号）,纪年语义混乱，把“危机纪元”和“降落年”搅在一起,改为“降落蓝星第一百八十年”
145,45,人物,中,（人物对白，定位见块号）,白道微“千分之一秒”就解出十二维密钥，又是全知式胜利；叙述者还直接替角色吹捧,让解码有试错或需要程心对童话的记忆来补足，删掉评价句
145,33–34,文笔,中,（人物对白，定位见块号）,叙述者直接抒情，排比、最高级和感叹号堆在一起,删掉这两段议论，留给程心的动作去表现
145,99,人物,低,（人物对白，定位见块号）,全段都在强调白道微“清瘦挺拔”、容貌不老，这里突然称“老人”,改为“他的手”
145,17,逻辑,低,（人物对白，定位见块号）,艾AA是中国人，签英文花体缺少理由,改为两行中文签名，或补一句她的签名习惯
146,72,逻辑,高,（人物对白，定位见块号）,石刻说的是“降落后一百八十年”，这里变成“一百八十岁”，把年龄和定居年数混为一谈,统一为“降落后第一百八十年”，并交代两人去世时的年龄
146,81/84,逻辑,中,（人物对白，定位见块号）,云天明没见过关一帆，也未必见过白、常二人的“雪地依偎”，四尊木雕的依据不清,交代是AA口述或凭智子影像刻的
146,87,事实,中,（人物对白，定位见块号）,明代官修实录按庙号命名，嘉靖朝应叫《明世宗实录》，没有《嘉靖实录》这个名字；另外“忠介”是海瑞死后才得的谥号,改为《明世宗实录》；文集名可保留，但要意识到是后世编成的
146,92/102,节奏,中,（人物对白，定位见块号）,智子的欢迎词与第145章块86、92、96、102大段重复,两章只保留一处欢迎
146,48,事实,低,（人物对白，定位见块号）,信息本身无误，但AA在掩体纪元前后，“离开地球时采集龙井母株”也和她的经历对不上（她随星环号离开）,改成种子库存档，不写亲手采集
146,32,事实,低,（人物对白，定位见块号）,智子作为人形使者强硬出场是在威慑失效之后，不是“威慑纪元初期”（待查证）,改为“威慑终结之后”
147,75,逻辑,中,（人物对白，定位见块号）,葡萄酒在陶坛里存放一千多万年不可能还能喝；况且两人去世后已无人酿酒,改为智子按AA配方后来酿的，或写成“封了几百年”
147,25,逻辑,中,（人物对白，定位见块号）,木屋在小宇宙里面，这里又说成在蓝星凿的；同段还写“大脑悬浮在营养液中”，与云天明已被克隆出身体的设定冲突,统一地点，删掉“大脑悬浮”一句
147,20–21,人物/事实,中,（人物对白，定位见块号）,白道微在明幕的身份是否为锦衣卫指挥使需要核对；嘉靖帝死于嘉靖四十五年十二月，那年除夕正在国丧期间，不宜写穿翠蓝小袄过节,核对第一部的设定，换一个年份
147,98,连续性,中,（人物对白，定位见块号）,同一段落群里又说四百年、两千多万年，时间口径不一,统一时间口径，参见E节第1条
147,9,事实,低,（人物对白，定位见块号）,淳安属明代严州府，不归杭州府,改为“严州新安江畔”或“淳安渡口”
147,37,事实,低,（人物对白，定位见块号）,李时珍在太医院任职的时间、职位史料说法不一（待查证），而且本段反复借他之口说格言,减少名人背书，改为常灵珂自己的体会
148,17 vs 第145章·块101,连续性,高,（人物对白，定位见块号）,第145章回忆的是“未名湖畔”，暗示北大；本章又改成同济；而且程心求学时已进入危机纪元，不是“公元纪元”,统一为一所学校，纪元改为危机纪元初
148,71,事实,中,（人物对白，定位见块号）,室女座星系团离银河系约5000多万光年，银河系本身就在室女座超星系团里，“两亿光年外的室女座超星系团”说法不对,改为“某个遥远星系团方向”，别给具体名称
148,106,事实,中,（人物对白，定位见块号）,前文说蓝星离地球“两百多光年”，数千亿光年也超出了可观测宇宙,改为“离地球两百多光年的星空下”
148,78,事实,中,（人物对白，定位见块号）,西苑永寿宫在嘉靖四十年失火，次年重建并改名万寿宫；说它在隆庆年间焚毁缺乏依据（待查证）,改为“万寿宫早已湮没”
148,81,事实,中,（涉及已出版作品，不摘录）,阶梯计划在危机纪元，不在公元纪元；“程心亲手按发射按钮”是新增情节，与第151章块43“在维德逼视下按下”互相呼应，但原著中没有这个动作（待查证）；另外本章写“阶梯计划”，第151章写“梯阶计划”，名称不一,纪元改正，名称统一；按钮情节如果要保留，需前文铺垫
148,49,设定,中,（人物对白，定位见块号）,同契是在墨尔本剧本杀中绑定的，这里容易被读成同契起源于诏狱,改为“诏狱里许下的誓言”，与同契分开写
148,63–65,人物,中,（人物对白，定位见块号）,关一帆长篇开导程心，基本是在复述读者早已熟悉的评论观点，说教味重，程心的心结靠一段话就解开了,缩短，让程心自己在写作中慢慢得出结论
148,7 vs 块5,逻辑,低,（人物对白，定位见块号）,上一块刚说三十年没在四人脸上留下风霜，这里关一帆却白了胡子,改为“黑中夹白”，或删掉不老的设定
148,59 vs 块97,逻辑,低,（人物对白，定位见块号）,同一章里牛奶来源自相矛盾；一平方公里的地里养奶牛也缺交代,二选一
149,44 vs 块48–53,节奏/逻辑,高,（人物对白，定位见块号）,块42–44已数到150万，后面又倒回60万、95万、78万、110万，顺序全乱；标题写150万，正文又写157万,把各文明的插段按数字递增排好，全书统一用一个总数
149,26–31,节奏,高,（人物对白，定位见块号）,块26刚宣布“声音降临”，块27–30插进智子讲三体档案，块31才接着写声音，结构断裂；智子也在块18–20之后第二次讲归零者背景,把块27–30的档案挪到广播结束之后
149,1 vs 块100/111,连续性,高,（人物对白，定位见块号）,同章与前后章都说“三十年”,统一为三十年
149,58,逻辑,中,（人物对白，定位见块号）,汉字要到块62才出现，这里提前了,调整位置或改写
149,15,逻辑,中,（人物对白，定位见块号）,二向箔和光粒都是武器，不是探测手段,改为“连歌者那样的清理者也无法察觉”
149,86–87,事实,中,（人物对白，定位见块号）,正文里夹着LaTeX符号，排版会出错；“早就证明过”说得太满；Ω是密度参数，不是常数,用“Ω（密度参数）”，并把语气改成“理论上”
149,64–80,照搬,中,（涉及已出版作品，不摘录）,归零者声明的结构、要点和呼吁顺序与原著回归运动广播高度对应，只是加长扩写,保留核心信息，但用本书自己的话重写、打散，并让主角对内容有反应和质疑
149,40,用词,低,（人物对白，定位见块号）,三叠纪是地球的地质年代，拿来给外星文明命名不妥,改为“某节肢类文明”
149,102,文笔,低,（人物对白，定位见块号）,两个速度并列，前后矛盾，读者看不懂,删去具体数字
149,12/14,文笔,低,（人物对白，定位见块号）,三体顶级智能体装“风扇”，显得廉价，出戏,删掉
150,14,错字,高,（人物对白，定位见块号）,LaTeX残片，句子不完整,改为“在Ω大于一的宇宙里，随着……”
150,70,逻辑,高,（人物对白，定位见块号）,前一块四人坐在院中石阶上，没有信笺，也没有桌子，是拼接时留下的孤句,删除，或补上信笺的来历
150,17,事实/逻辑,高,（人物对白，定位见块号）,可观测宇宙的普通物质约10^53千克，10^48千克约占十万分之一，不是十亿分之一；另外5.3×10^11千克相对这个缺口差了37个数量级，647号的归还在物理上可以忽略,删掉具体量级，把意义放在“每个文明都归还”的象征上
150,75 vs 第146章·块56 vs 第152章·块112,连续性,高,（人物对白，定位见块号）,核心质量有三个说法：1.5亿吨、2亿吨、1.466亿吨（3.85亿+1.466亿=5.316亿，与第146章吻合）,统一为约1.47亿吨
150,9,事实,中,（人物对白，定位见块号）,红矮星寿命可达数万亿年，恒星时代大约要到10^14年量级才结束,改为“数十万亿年后”
150,49,事实,中,（人物对白，定位见块号）,维德研制的是曲率驱动的光速飞船（第148章块57本身也写的是曲率引擎）；第152章块104又写“反物质曲率飞船”,统一为“光速飞船”
150,59,事实,中,（人物对白，定位见块号）,“偏安”指政权退守一隅，用在这里不对；海瑞买棺上疏是嘉靖四十四、四十五年他任户部主事时在京城的事，与出任淳安知县不是同一件事，这样连写容易误读,改为“深居西苑”；把两件事拆开写
150,31,事实,中,（人物对白，定位见块号）,顺序颠倒：崇祯自缢在前，清军经吴三桂开关入关在后，并非“踏破”,改为“李自成破京，清兵随后入关”
150,85,错字,中,（人物对白，定位见块号）,“有效”重复,删掉一个“有效”
150,97,照搬,中,（涉及已出版作品，不摘录）,紧接着直接挪用了原著中那句关于“岁月与文明”的著名格言，还把它说成童话的真谛,换成原创的表述
150,87/92,节奏,中,（人物对白，定位见块号）,上一块已到天亮，下一块又回到“借着烛光”蹲在药圃前，时间来回跳,按夜里收拾、凌晨告别的顺序重排
150,97 vs 前文,连续性,低,（人物对白，定位见块号）,前文智子穿的是白旗袍或白锦缎长裙,统一服装
150,92,事实,低,（人物对白，定位见块号）,蓝星不在太阳系,改为“来自地球”
151,24 vs 第145章,逻辑,高,（人物对白，定位见块号）,第145章穿梭机停在蓝星坑边，四人是用滑索下坑、步行穿过3×2米的门进来的；小宇宙里的穿梭机从哪来、怎么进来的都没交代；第152章还要它从“两米见方的视窗”飞出去,补一段智子把穿梭机引入的情节，并放大门的尺寸
151,38,事实,中,（人物对白，定位见块号）,《大医精诚》是唐代孙思邈的篇名，“止于至善”出自《大学》，都和李时珍无关,改为常灵珂自己引孙思邈
151,13 vs 第150章·块73,连续性,中,（人物对白，定位见块号）,第150章写每秒三千吨；按每秒一万二千吨算，3.85亿吨约9小时就能排完，与“72小时”对不上,统一速率与工期
151,21,错字,中,（人物对白，定位见块号）,应为“玻色”,改正
151,103,连续性,中,（人物对白，定位见块号）,应为约1888万年；第152章块58–59也写智子守了“三千万年”,统一为“近两千万年”
151,71–75,逻辑,中,（人物对白，定位见块号）,“这片草地”在小宇宙内，却又说“刚降落蓝星不久”，与石刻的叙述冲突；两人刚落地就知道要给程心留家，也说不通,与第145–146章统一时间线
151,56–63,人物,中,（人物对白，定位见块号）,智子对人类的崇拜到了顶点，三体智能完全工具化，只负责给主角唱赞歌,保留她的困惑和保留意见，删掉“神明”一类的话
152,4 vs 块12，第146章·块4,逻辑,高,（人物对白，定位见块号）,视窗只有两米见方；管道直径在同一章里又变成十米,统一尺寸，或说明视窗可以扩张
152,101/112 vs 第150章·块75,逻辑,高,（人物对白，定位见块号）,小宇宙要被引爆、闭合坍塌，生态球留下的意义就不存在了；智子说“残余5.000公斤”，却没计入合金球壳、管道、反应堆和她自己的质量,明确小宇宙在只留5公斤的状态下保持存在，并说明基底和设备也一并解聚
152,108,事实,高,（人物对白，定位见块号）,两万年约等于230个半衰期，输出基本为零；“闭环倍增器”等于永动机,改用小宇宙内部的恒定光源，或承认它只能维持几百年
152,47–52/56–68,节奏,高,（人物对白，定位见块号）,木屋、书架、壁炉的解体写了两遍，智子记录木屋、跪地哭泣也各写一遍,合并为一段
152,11,事实,中,（人物对白，定位见块号）,原子核之间的斥力本身就是电磁力，剥掉电子只会让排斥更强；这段伪科学解释反而会惹来挑刺,删掉机理解释，只写视觉效果
152,9 vs 第151章·块22,逻辑,中,（人物对白，定位见块号）,5亿吨物质以0.03倍光速喷出，动能约10^25焦量级，与前一章“像甘露般平稳沉降”的冷流设定矛盾,改为低速喷出
152,83 vs 第146章·块11,连续性,中,（人物对白，定位见块号）,前文写的是长宽一公里、高五百米的椭球，又说“一平方公里底板”,统一几何形状
152,31,事实/文笔,低,（人物对白，定位见块号）,这句出自《周易·系辞》，不是医书；角色用自己的名字自称也很别扭,改为“我读《易》时见过”
152,53–54,事实,低,（人物对白，定位见块号）,所唱的是流传的陕西顺口溜或歌词，不是秦腔唱段（待查证）,改为“陕西顺口溜”
153,92–103,节奏/逻辑,高,（人物对白，定位见块号）,块92已穿过视窗离开小宇宙，块93–103又回到舷窗前告别，块103再次“缓缓离地悬浮”，像两版草稿拼接。,删去块93–106或块70–92中的一套，只保留一次起飞。
153,66–67,人物/逻辑,高,（人物对白，定位见块号）,常灵珂是2025年墨尔本的流行病学研究员（第1章），不可能有嘉靖年间的童年。第155章块102又说“小时候在西湖边采茶”，同一人童年出现两个版本。,改成她在现代的童年（例如在国内某城与母亲的金鱼记忆），或明确是剧本角色的“植入记忆”。
153,64,事实,中,（人物对白，定位见块号）,程心与红岸基地无关（红岸是叶文洁时代）。,删去“红岸基地”，改成“在威慑纪元终结与澳洲大移民中”。
153,26,事实,中,（人物对白，定位见块号）,5kg相对10^53kg是10^-52量级，不是“一万亿倍”（10^12）。关一帆是物理学家，说错量级不可信。,改成“小了五十多个数量级”。
153,9/20/73,事实/连续性,中,（人物对白，定位见块号）,同一电源先后写成聚变电池（块4）、同位素电池（块9）、放射性衰变微热（块20）、温差电池（块73）。另外，直径约20cm、18°C的球体在近绝对零度环境中的辐射散热约为几十瓦量级，0.05瓦无法维持恒温（依据：斯特藩-玻尔兹曼定律估算）。,统一成一种电源。改为“靠高维膜内残余热环境保温”，或把功率提高并说明隔热。
153,19/9,连续性,中,（人物对白，定位见块号）,块9说循环能自持“三万到五万年”，这里又写“数十万年”，第154章还写瓶子“上千亿年”。,统一成“足以撑过所需时长”的某个量级。
153,25,错字/格式,中,（人物对白，定位见块号）,LaTeX源码残留。,改为“欧米伽（Ω）”。
153,32–50,节奏/文笔,中,（人物对白，定位见块号）,白道微连发五段长篇宏论，惠勒延迟选择、强人择、公地悲剧全堆在一起，论证互相打架：块44说只有人类会留，块45又说如果几百万文明都留反而证明宇宙值得拯救。,压缩成一个核心论点（例如“临界不是刀锋”或“意义论”二选一），辩论保留三到四个来回即可。
153,全章,文笔,中,（人物对白，定位见块号）,生态球外观（碧绿、翡翠、微光、金红鳞片）在块2、5、14、21、24、73、84、96重复描写八次，比喻层层堆叠。,保留一次细描和一次远景，其余删。
153,60,错字,低,（人物对白，定位见块号）,“有效”重复。,删一个“有效”。
153,1/84,事实/连续性,低,（人物对白，定位见块号）,块0说是“直径一公里的合金球壳”，“一平方公里”是面积单位，混用。,统一为“直径一公里”。
153,79,逻辑,低,（人物对白，定位见块号）,块1说空间已拆成“绝对的空无”，此处又有空气阻力。,删去“空气”描写，或说明保留了一层舱外气体。
153,70–71,节奏,低,（人物对白，定位见块号）,两条倒计时紧挨，中间十分钟没有任何事件，徒增感叹号。,删一条，或在中间插一个具体动作。
153,98,人物,低,（人物对白，定位见块号）,“深空引力波军礼”是生造词。关一帆的身份在本段也反复漂移（见第156、157章）。,改为“抬手敬了个礼”。
154,72–104,节奏/逻辑,高,（人物对白，定位见块号）,放瓶场景写了四遍：块72–81升降梯放下后返回；块82–90再走下放置、跪拜、舱门关闭；块91–95第三次走过去半跪放置；块103–104又一次走上舷梯汇报。每次细节还不同（“右侧十厘米”“正身旁”“靠在右侧”）。,只保留一次放置和一次告别。
154,68,连续性,高,（人物对白，定位见块号）,同章块44、53都写“一千八百八十八万年”，第153章也是1888万。,改为“千八百余万年”。
154,43/61,设定,高,（人物对白，定位见块号）,按第1章，两人初遇在墨尔本剧本杀桌前，块61自己也说那时是“擦肩而过的两颗普通灵魂”。“初遇于淳安古渡”与之冲突。,改为“入明后重逢于淳安古渡”。
154,47,人物/事实,中,（人物对白，定位见块号）,同样把明代身世写成了常灵珂本人的经历。另外，尚宫局属明初六局，嘉靖时女官体系已大为萎缩（待查证），“入尚宫局”一说存疑。,改为她现代母亲给的物件，或明说是剧本角色道具。
154,28/49,照搬,中,（涉及已出版作品，不摘录）,化用原著最著名的一句名言，而且语序被改乱，意思反了。块49的署名又是它的另一种变体。,不要反复化用原著名句。若要致敬，请用自己的话表达“重质不重量”。
154,21,照搬,中,（涉及已出版作品，不摘录）,直接写出了原著中史强在麦田里那句名台词。,改成描述性转述，或删去。
154,12,事实,中,（人物对白，定位见块号）,NV色心的比特载体是电子自旋，不是原子核，且其自旋态相干时间在毫秒到秒级，不能“永久锁定”（依据：NV色心量子信息常识）。,改为“以晶格中空位缺陷的位置本身编码（五维光存储思路）”，不要说自旋永久锁定。
154,65,连续性,中,（人物对白，定位见块号）,全书时间跨度是约两千万年（第158章结算写“两千一百四十万年”），第155章块20也写“三千万年在星海”，两者不一致。,统一为“两千万年”。
154,51,事实,中,（涉及已出版作品，不摘录）,“逼死千万”夸大（原剧情是九县淹田）。白道微是否在北镇抚司任职需与明幕篇核对。,改为“淹九县、流民遍野”，身份按明幕篇统一。
154,全章,文笔,中,（人物对白，定位见块号）,手记、结语、小诗、题诗、嘱托连写五六段，情绪高度重复，“温存/微温/温热”出现十余次。,手记保留一段，诗留一首。
154,6/12,连续性,低,（人物对白，定位见块号）,块12起又称“金刚石晶圆”，“超导量子光盘”和“金刚石晶圆”是两种东西。,统一为“金刚石存储片”。
154,15,事实,低,（人物对白，定位见块号）,合金由两种元素组成，不能整体称“单同位素”，而且铱天然有两种稳定同位素。,改为“同位素提纯的锇铱合金”。
154,64,文笔,低,（人物对白，定位见块号）,威士忌论“坛”不合习惯。,改为“三瓶”。
154,22/29,事实,低,（涉及已出版作品，不摘录）,原著中此书的写作时间与地点与本段安排不一定一致（待查证）。“面壁者两百年的孤独守望”也夸大，罗辑执剑约六十年。,核对后调整。
155,12–13/39,逻辑/连续性,高,（人物对白，定位见块号）,第153章块1、第154章块111都说五亿吨物质“早已全部归还”，这里却在离开后才释放。块13释放的是“一亿四千多万吨”，块39又变成“五亿多吨”形成行星环。,明确顺序：先拆解喷出，最后引爆核心，数字统一。
155,64,事实/逻辑,高,（人物对白，定位见块号）,光和引力波都以光速传播，他们不可能“同时”看到数万到数百亿光年外正在发生的归还（依据：因果律）。块59“以超光速的时空谐振”是临时补丁。,改成通过归零者的超光速广播或高维信道得知，或者只写“近邻星域的回应”。
155,73,事实,高,（人物对白，定位见块号）,FLRW模型中k是描述空间整体几何的常数（取-1/0/+1），不会随时间“逆转”；加速度由正转负也不需要k改变（依据：弗里德曼方程标准形式）。,改为“密度参数Ω越过1，减速参数由负转正”。
155,70,事实,中,（人物对白，定位见块号）,宇宙转向收缩需要数百亿年，当下的光谱不会立即蓝移。,删去这类即时观测效果。
155,93,事实,中,（人物对白，定位见块号）,每秒12公里约合时速4万多公里，远非自行车量级。,改为“降到比子弹快不了几十倍的量级”，或者直接删去比喻。
155,36,事实,中,（人物对白，定位见块号）,地表下三十余米是地壳，不是地幔。,改为“基岩”。
155,38,事实/照搬,中,（涉及已出版作品，不摘录）,把原著童话中的不同角色和道具混成一个，而且描述有误（待查证原著）。,若提及，只概述“三则童话”，不要逐一列细节。
155,110,节奏/文笔,中,（人物对白，定位见块号）,与第153章块78一字不差地复用，紧接着又写“曲率推进引擎”，动力系统混乱（块27还有“微型黑洞推进剂”）。,重写一句，并统一动力来源。
155,44,事实,中,（涉及已出版作品，不摘录）,死线（光速近零）与黑域（低光速区）是两个概念，这里混用了（待查证原著定义）。,区分“死线”与“低光速黑域”。
155,25,人物/事实,低,（涉及已出版作品，不摘录）,江南小院配和服，文化元素错搭。,若保留和服是沿用原著形象，就把“江南小院”改掉；否则改穿汉服或常服。
155,99/102,事实,低,（人物对白，定位见块号）,零下五度不足以把代谢压到亿分之一，第156章块24又写成“十亿分之一”。,统一数值，并把温度改为深低温。
155,106,人物,低,（人物对白，定位见块号）,用佛教礼节形容三体文明，另外“请安息”一语带有丧葬意味，不妥。,改为“深深俯身”，“请安息”改为“请安睡”。
155,21,事实,低,（涉及已出版作品，不摘录）,恒星不是“小宇宙”，而且赠星金额需核对原著（待查证）。,改为“第一份礼物”，删去金额。
156,31–35,事实,高,（人物对白，定位见块号）,二百多亿年内红矮星远未熄灭（寿命可达万亿年），白矮星冷却成黑矮星需要远超当前宇宙年龄的时间，“简并纪元”约在10^14年后才开始（依据：Adams & Laughlin 宇宙五纪元划分）。,改为“恒星形成率大幅下降，星系趋于暗红”。
156,69,事实,高,（人物对白，定位见块号）,公式写反了，正确的是临界密度＝3H²/(8πG)。,改为“三倍哈勃常数平方除以八倍圆周率与引力常数之积”。
156,59,事实,高,（人物对白，定位见块号）,从百亿光年量级收缩到奇点远不是“几十年”可以完成的。,改为“在接下来的数亿年里”，或者设定为宇宙已缩到极小的阶段。
156,43,逻辑,高,（人物对白，定位见块号）,此时四人全在休眠（块44才唤醒），关一帆不可能说话。,删掉，或挪到苏醒之后。
156,63–85,节奏,高,（人物对白，定位见块号）,第153章已经完整辩论过一遍“五公斤是否影响大坍缩”，这里几乎原样重演，论据（公地悲剧、人性、容差）也重复。,删去大部分，只保留程心一句不安和一句回应。
156,112,连续性,高,（人物对白，定位见块号）,第154章明确写漂流瓶放在生态球“右侧十厘米”的金属底板上，并不在水中。第157章块93重复同样错误。,改为“静静立在它身旁”。
156,55–58,逻辑,中,（人物对白，定位见块号）,外部已经上千甚至上万度，四人却在舷窗前平静观看、喝温水，飞船如何存活没有交代。,补一句防护来源，或把醒来时间提前到低温阶段。
156,37,事实,中,（人物对白，定位见块号）,由正转负发生在减速开始时，不在转折点；转折点的标志是哈勃参量为零。两件事被合并了。,只写“哈勃参数归零，膨胀停止”。
156,80–81,人物/逻辑,中,（涉及已出版作品，不摘录）,块80是白道微在说话，块81又由白道微接“灵珂说得极是”，说话人错位。,把块80改为常灵珂的台词，或调换顺序。
156,74,照搬,中,（涉及已出版作品，不摘录）,引用原著一句名言并归于维德，归属待查证；第160章块38又重复一次。,不要引用原句，改用人物自己的话。
156,98,人物,中,（涉及已出版作品，不摘录）,关一帆的身份本段有四个版本：天体物理学家、驱逐舰舰长、恒星陆战队员、清华天体物理系出身的老水兵。原著中他是宇宙学家（待查证）。,统一为学者身份，删去陆战队和舰长说法。
156,91–96,文笔,中,（人物对白，定位见块号）,奇点前的维度展开写得玄虚空泛，“圣光”“圆满”“永恒”堆叠，属于AI腔宏大句。,压缩成两三句具体可感的画面。
156,0,连续性,低,（人物对白，定位见块号）,第155章块96写的是零点九九倍。,统一。
157,2–42,照搬,高,（涉及已出版作品，不摘录）,全章约四十块按原著顺序串讲三部曲名场面：叶文洁发信、杨冬之死、三体游戏人列计算机、古筝行动、面壁者、末日之战、黑暗战役、威慑、澳洲移民、广播、维德、二向箔、冥王星。主角在其中只是“记得”，或者被插一句“她救了工程师”。,大幅压缩成一段“走马灯”，只保留主角亲历、原著没有的片段。
157,8/9/13/22/24/25/29/31/36/40/60,照搬,高,（涉及已出版作品，不摘录）,直接写出了十余句原著标志性台词：三体警告电文与叶文洁回复、杨冬遗言、史强两句台词、丁仪的呼喊、章北海临终语、罗辑对三体说话、智子宣告、四维碎片中的留言、维德口号、罗辑刻字之言、“给岁月以文明”句等。,全部改为间接叙述（例如“那条警告电文”），不要写出原句。
157,89,事实,高,（人物对白，定位见块号）,第1章写的是“二零二五年七月……深冬”午夜。第158、159、160章也都写初秋，第161章又写“深秋”。,统一为七月深冬雨夜，并修改后续所有秋季描写（落叶、糖炒栗子等）。
157,17,事实,中,（涉及已出版作品，不摘录）,原著中泰勒自尽的地点应不在未名湖畔（待查证）。本章又把未名湖同时用于丁仪长谈、罗辑等场景，地点被过度复用。,核对原著后改正。
157,13,事实,中,（涉及已出版作品，不摘录）,原著中申玉菲的形象与天主教无关（待查证）。史强两句台词出自原著两个不同场景，这里并到一处。,删去画十字的描写，台词分开或删去。
157,20,事实,中,（人物对白，定位见块号）,氟利昂毒性很低，主要危险是缺氧窒息和高温分解产物，不能称“剧毒”。,改为“高浓度制冷剂泄漏导致缺氧”。
157,31/158章·块46,连续性,中,（人物对白，定位见块号）,第158章块46写的是光粒击穿“一号恒星”（一颗）。,统一为一颗。
157,57,事实,中,（人物对白，定位见块号）,史载海瑞是事先买好棺材、诀别妻子后上疏，并没有“抬棺上殿”（依据：《明史·海瑞传》）。,改为“备好棺木后上疏”。
157,40,事实,中,（人物对白，定位见块号）,《思想者》收藏于罗丹博物馆，不在卢浮宫，而且它是雕塑不是名画。“罗辑坐在白发苍苍的轮椅上”是病句。,改为“从各大博物馆抢救的藏品”，改成“白发苍苍的罗辑坐在轮椅上”。
157,70,事实,中,（涉及已出版作品，不摘录）,原著中是云天明为程心买星，这里主语倒置了。,改为“得知云天明送她一颗星的那个午后”。
157,55–56,人物,中,（人物对白，定位见块号）,块55是常灵珂在说话，块56又由常灵珂回应“是的”，说话人错位。,把块55改给白道微。
157,66–68,人物,中,（人物对白，定位见块号）,同一章块68写他是“清华天体物理系”出身的“老水兵”，与第156章“驱逐舰舰长”互相矛盾。,统一身份。
157,93,错字/逻辑,中,（人物对白，定位见块号）,五公斤是整只生态球的重量，不是金鱼的重量（第155章块111同样有此病）。,改为“五公斤生态球里的那尾小金鱼”。
157,72/74,连续性,低,（人物对白，定位见块号）,块74又说“这三十年的陪伴”。,统一。
157,3,事实,低,（涉及已出版作品，不摘录）,叶文洁发信年份在原著中是否为1969，待查证（第158章结算写“公元纪元1969–2007”）。,核对。
158,31,连续性,高,（人物对白，定位见块号）,第155、156章写得很清楚，他们在低光速区跨越了“四百多亿年”直至大坍缩，结算却只算两千一百四十万年。“416年”与“明幕三十年加三体三个多世纪”（第159章块35）也对不上：1969年到2400年已有四百三十余年，再加小宇宙三十年。,重新核算两项数字。
158,36,逻辑/连续性,高,（涉及已出版作品，不摘录）,第157章块9刚写杨冬服毒长眠，第158章块96又有“杨冬墓前”。此外“良渚湖”地名无据（良渚在杭州，与原著场景无关）。,删去这条结算，或改为“陪伴她走完最后的日子”。
158,41,逻辑,高,（涉及已出版作品，不摘录）,第157章写的是两千艘战舰覆灭、“成千上万名年轻军人灰飞烟灭”，而且当时主角在水星基地。原著中末日之战几乎无人生还。,删去，或改成水星基地的救治数据。
158,37/40/43/47,逻辑,高,（涉及已出版作品，不摘录）,结算把古筝数据抢救、自然选择号推进、威慑系统维护、星环号图纸等原著关键功绩全部追认给主角，正文却从未呈现过这些，属于事后贴金，削弱了原著人物。,只结算正文实际写过的事件。
158,55,连续性,高,（人物对白，定位见块号）,第153章写的是两升水、一株轮藻、三颗鹅卵石。,按第153章改。
158,38,错字,中,（人物对白，定位见块号）,“200X”是占位符残留。,填入具体年份。
158,43,连续性,中,（人物对白，定位见块号）,按块42的纪年（2208–2270）是62年，第157章写“六十年”“一甲子”。,统一。
158,75,逻辑,中,（人物对白，定位见块号）,与第155章“一亿八千万个小宇宙同时启动全额归还”、第156章大坍缩成功相矛盾。,改为“在系统推演的绝大多数沙盘中”，并与本宇宙的结局区分开。
158,12,设定,中,（人物对白，定位见块号）,第1章是七人局，剧本名《玉熙宫词》，这里却变成两人各拿一本分幕线索册，第159章的册名又完全不同。,统一剧本道具设定。
158,103,节奏,中,（人物对白，定位见块号）,与第157章块87逐字重复。,删一处。
158,0–28,节奏/文笔,中,（人物对白，定位见块号）,结算前的铺垫写了近三十块（光幕、流苏、镇尺、烟霞），全是空转描写。,压缩到五块以内。
158,99,事实,低,（人物对白，定位见块号）,机械钟与石英钟是两种机芯，自相矛盾。第159章块36又写成“黄铜挂钟”。,选一种。
158,47,连续性,低,（人物对白，定位见块号）,第157章块34写的是“数十座太空城”。,统一。
158,84–85,设定,低,（人物对白，定位见块号）,新能力被带回现实，可能影响营幕篇的平衡，需要确认后文是否沿用。,与第161章以后核对。
159,37–38,事实/连续性,高,（人物对白，定位见块号）,第1章写的是“二零二五年七月”深冬、午夜十二点的钟声。,改为七月某日，入场与离场时间按第1章午夜重算（DM“快八点”等对白要随之改）。
159,18/44/48/55,人物/连续性,高,（人物对白，定位见块号）,第1章中常灵珂是“维多利亚大学公共卫生与流行病学研究所的高级研究员”，白道微是“顶级量化对冲基金的首席数据架构师”。这里变成学生，“两年前初到澳洲”“墨大工程学院导师”。,按第1章身份重写手机推送、证件和对话。
159,45/48/51/58,人物/连续性,高,（人物对白，定位见块号）,第1章两人是在剧本杀桌上经人介绍才初识，这里却写成早已亲密（贴纸、同一公寓、共享冰箱，见第160章块54、72）。,删去这些细节，改写成“初识后的第一个夜晚”，这样也更有张力。
159,6/11/93,连续性,高,（人物对白，定位见块号）,第1章包厢名是“天枢”，主持人是年过五旬、穿旗袍的老板娘，同桌共七人。这里变成两人独坐，主持人是“神情腼腆的华人年轻主持人”。,恢复“天枢”、老板娘和其他五位玩家的去向。
159,51,事实,中,（人物对白，定位见块号）,明代没有“工部制造局”（“制造局”是晚清机构名）。严世蕃任工部左侍郎。,改为“严世蕃经手的工部银两流向”。
159,77,逻辑,中,（人物对白，定位见块号）,在低光速黑域内，主观时间很短，外界才过去两千万年，她不会“无数次害怕”地熬过这段时间。,改为“在黑域里醒来、得知外面已过两千万年时”。
159,10,文笔,中,（人物对白，定位见块号）,典型的百科式凑字，每段都写气味、光线和成分。,删除。
159,50,设定,低,（人物对白，定位见块号）,“拾遗”是白道微的能力，医官卷宗却放在白道微面前，两本像是放反了。,确认是否故意，否则对调。
159,49/54,连续性,低,（人物对白，定位见块号）,块49写的是“木质铅笔”，木铅笔没有金属笔尖。,删去“金属笔尖”。
159,98,连续性,低,（人物对白，定位见块号）,按本章设定常灵珂是RMIT学生；按第1章两人都不是学生。,随身份统一。
159,82,设定,低,（人物对白，定位见块号）,两人在星幕中是否担任过面壁者或类似角色需要核对，否则属于新增设定。,核对后决定是否保留。
160,0/68,事实/连续性,高,（人物对白，定位见块号）,季节同第157章问题，应为七月深冬。本章又在“初秋”（块0）与“深秋”（块68）之间摇摆，第161章写“深秋”。,统一为冬季，落叶、糖炒栗子、绣球花等随之调整。
160,84/85,连续性,高,（人物对白，定位见块号）,与第155、156章的四百多亿年矛盾（同第158章块31）。,统一。
160,54/72,人物/连续性,高,（人物对白，定位见块号）,同居设定与第1章初识设定冲突（见第159章）。,改。
160,84,事实,中,（人物对白，定位见块号）,此时约晚上九到十点，写“早起”和清洁车像是黎明场景。,改为“夜里还没归巢的几只红嘴鸥”，或删掉。
160,38–40,照搬,中,（涉及已出版作品，不摘录）,再次引用归于维德的那句名言和“给岁月以文明”句，后者本段已第四次出现。,删去原句，用自己的话收束。
160,29,事实,中,（人物对白，定位见块号）,墨尔本中央位于斯旺斯顿街与拉筹伯街交口，距小伯克街口约一个街区，不在“街对面”。其标志是室内的大钟和旧制弹塔，并无临街的“古老铜钟塔”（待查证）。另外，块11写“八点刚过”，出门不久就到了八点半。,改为“远处传来整点报时”，或删掉。
160,11–33,节奏/文笔,中,（人物对白，定位见块号）,街景逐栋点名，接近导游词，每段都用气味、光线收尾。,保留三到四个最有情感的地标，其余删去。
160,14,事实,低,（人物对白，定位见块号）,小伯克街唐人街的牌楼位置需核对（斯旺斯顿街口、展览街口等处有牌楼，罗素街口是否有，待查证）。,核对。
160,45,事实,低,（人物对白，定位见块号）,墨尔本唐人街未见此巷名（待查证）。若是虚构，建议用明显虚构的名字。,核对或改名。
160,28,事实,低,（人物对白，定位见块号）,州立图书馆前的圣乔治屠龙像是青铜像（待查证）。“从大明的文渊阁、四库全书”一句中，四库全书是清代的。,改为“铜像”，删去“四库全书”。
160,4,事实,低,（人物对白，定位见块号）,按块1所写的十二摄氏度，一般不易呼出白气（改成冬季后即可成立）。,随季节统一。
160,85,文笔,低,（人物对白，定位见块号）,在正文里报章节数，出戏。,删去“一百二十章”。
161,87–92,逻辑,高,“随后决绝地转身，轻轻推开了机修室的铁门，重新融回了女营” / 块89“灵珂，看这里。”,常灵珂已经离开机修室，白道微却继续对她讲剖面图，块92她还替他擦血。明显是两版稿子拼接。,把画图、讲敲击暗号一段移到她离开之前，删掉块87的离场句，或者把这段改成事后通过同契传图。
161,89,设定,高,“第一层至第二十层是重工业…第五十一层至第八十层则是杂役、重病与信用破产者的下沉深渊”,这里暗示数字越大越深，和第163章块18、第167章块5（75–80层是特权层）直接冲突；块4又说铺位从地底“攀爬刺向天际”。,先定一张楼层总表：1层在底还是在顶，云顶区编几层，负层在哪。然后统一改全段。
161,90,设定,高,“原本是为了排放重水反应堆的冷却废液”,第162章块83是托卡马克聚变堆，第168章块4是快中子增殖裂变堆，三处互相冲突。,只保留一种能源；如果确有多种，要在一处明确交代“主堆+辅堆”。
161,31,逻辑/事实,高,“这里的重力与气压不对劲。”,重力不可能由“中央主脑”调节，后文也只谈了供氧分压和二氧化碳。,删掉“重力”，改成“气压和氧分压不对劲”。
161,43,人物/伪科学,高,“引导体内的经络气血在肺部表层形成一层防御微屏障，将吸入的微量有害气体通过指尖的微汗迅速排出”,流行病学专家的应对方式变成了武侠内功，削弱了人物的专业可信度。,改为屏气、用湿布掩口鼻、闭眼、低位行走这类公卫常识。
161,118,事实/人物,高,“在现代医学上对应着重度铜绿假单胞菌性吸入性肺炎合并早期脓毒血症”,摸脉不可能判断出具体病原菌。,改成“高度怀疑细菌性肺炎，可能已有脓毒症倾向，病原要靠培养才能确定”，体现专业的克制。
161,123–124,伪科学,中,“在林婆右臂的尺泽穴、列缺穴与鱼际穴上迅疾如风地点刺三下…迅速泛起了一丝久违的红润”,刺络放血对重症肺炎立刻见效，还用了不洁的发簪，与感染控制常识相悖。,改为体位引流、拍背排痰，效果写成“略有缓解”。
161,61,称谓,中,“大娘，把这个含在孩子舌下。”,对象是“年轻母亲”，却称“大娘”；另外把参须含在婴儿舌下有误吸窒息风险，医者不该这样建议。,改称“大姐”，改成把参须泡水、用指尖蘸给孩子润唇。
161,2,错字,中,“刚端上桌的热混沌”,“混沌”应为“馄饨”。,改为“热馄饨”。
161,75–76,事实/连续性,中,“当年在大明，你在京城太医院，我在江南抗倭前线”,第165章块40写嘉靖三十九年白道微在内阁值房抄青词，两处冲突；星幕篇的时间跨度这里写“一千八百万年”，第160章写“两千一百四十万年”，第165章写“两千万年”。,与明幕篇核对后统一。
161,80–81,设定,中,“桥接为了基于神经突触量子纠缠的底层双向互联协议…【同契】心魂共鸣，瞬间在两人的识海深处重新贯通”,同契是作品的核心规则，现在变成要靠一根铜丝“黑”进塑料腕带才能恢复，规则变得廉价。此外银黑同契手环和塑料腕带在全段多次混用。,交代同契在新幕的初始状态（削弱/屏蔽），恢复要付出代价；两种手环要用固定称呼区分。
161,84、91,设定,中,“只要你在手环的侧方轻敲三下” / “三声短音，代表我平安无事；若是四声急促短音”,同契已经共享心跳，又有腕带敲击，又有管道敲击，三套通信并存，彼此冗余，读者会问：既然腕带能传信，为什么还要敲管道？,只留一种主通道，给另一种设定明确的限制（例如腕带只能传单比特信号）。
161,4–9,文笔,中,“宛如一只倒扣在大地深处的浑圆龟甲…如同一座被无限复制放大的黑色蜂巢”,开篇连用十余个比喻，气味、光线、声音逐段铺陈，是典型的堆砌。,压缩到三句：一个视觉主意象，一个气味，一个声音。
161,130,设定,低,“任凭风雪在穹顶外咆哮肆虐”,避难营建在地下玄武岩深处（块29），外面不会有风雪直接冲击穹顶。,改成“任凭地表风雪肆虐”。
162,72、78,逻辑,高,“白道微正扶着栏杆，仰视着同一片深渊” / “与此同时，在地下第十八层…白道微正身处另一处炽热狂暴的工业地狱之中”,同一时刻白道微出现在两个地方，是重复稿。,保留一处，删掉另一处或改成先后顺序。
162,39–43,事实/人物,高,“游离氯超标七倍…残留着大量未完全分解的耐药性大肠埃希氏菌与嗜肺军团菌生物薄膜”,舌尝不可能鉴定出菌种和耐药性；游离氯超标七倍时水里的大肠杆菌反而难以存活，两个判断互相矛盾。,改为“氯味刺鼻、浑浊，管壁有菌膜，高度怀疑军团菌等管网污染”，并写她想找试纸或培养条件。
162,111–115,逻辑,高,“四十五分钟周期性盲区窗口” / 块93“一点二秒的信号丢包空洞” / “仅用了短短十五秒”,盲区只有1.2秒，她却用了15秒进去，折返时还“半秒”卡点，数字自相矛盾。,把盲区改成约20秒，或者改成她分几次利用盲区。
162,120–121,事实/人物,高,“第一滴晶莹剔透、清亮如水晶般的纯净水珠…只有一股淡淡的天然矿物质甜润”,砂滤加活性炭去不掉细菌，流行病学专家不会直接生饮，还把这水给老人和少女喝。,加一道煮沸或日晒消毒的步骤，这正好能体现她的专业。
162,96,连续性,中,“四十层之上，正在四十二层狭窄床铺上”,第十八层到第四十二层隔24层（第161章块75也写“二十四层”）。,改为“二十四层之上”。第165章同类错误很多，一并改。
162,54,设定,中,“接入了第四十一层至第六十层这整整二十层女难民生活区”,第161章说女营在21–50层。,统一。
162,28 / 第161章·块98,设定,中,“要是扣到十五分以下，下周就会被强制送去负三层”,惩罚阶梯多处冲突：第161章“积满十分”违规就吊笼，块69“分数为负”吊笼，第163章块21“个位数”送报废收容所，第168章“扣满一百分”送负三层。,出一张规则表：各分数线分别对应什么后果。
162,10、30,人物,中,“运用了古代太医院包扎外伤敷料时最严谨的‘千层叠折法’” / “大明水师船工打缆绳结时最隐秘的‘双鱼互锁结’”,叠被子、系鞋带也要冠上“大明秘术”，堆砌得有些滑稽。,留一个就够了，或者改成她在医院折无菌包的日常习惯。
162,17,伪科学,中,“将一股刚猛的气劲透入纤维之间，硬生生将松垮褶皱的毛毯内胆强行抻平”,内力整理毯子。,改成她用身体挡住镜头、几下帮林婆折好。
162,59,事实,中,“在木炭表面飞速刮擦，将细腻的活性炭粉末”,普通木炭不是活性炭；同一句里又出现“常灵珂随身携带的壶中冷开水”，这壶从哪来没有交代，主语也重复。,改为“木炭粉”，删掉水壶或补一句来源。
162,89,事实,中,“四百年前大明朝廷的败亡，从严世蕃在私家园林里修建金丝楠木画舫开始”,明亡于1644年，严世蕃1565年被处死，中间隔了约80年，因果论断牵强；“金丝楠木画舫”待查证。,改成“奢靡之风侵蚀国本”这类泛指。
162,129,时间,低,“夜风穿堂而过”,此时是清晨六点多。,改为“晨间冷风”。
162,1–8,文笔,低,“如同一柄烧红的生锈钢锯…如同贴地飞行的嗜血蝙蝠”,比喻太密；“测距仪以每秒六十转的高速旋转”说不通。,删减。
163,0 与第162章·块33–111,时间,高,“清晨六点整，沉睡在深渊中的整座穹顶”,上一章五点半已经全员起床，6:10她还在取过滤器，这里又写六点“沉睡”“苏醒”。,改成“六点整，换岗铃响”，删掉“沉睡”。
163,14–21,逻辑,高,“从寒冷彻骨的高层生活区一路下潜到…底层工位” / 块21“还有最后两百级台阶”“踩上高达三十公分的镂空钢阶”,工区在1–20层，人应该往下走，文中却写“抬腿攀爬”、“下方向上推挤”，方向相反。,统一为下行，同时把“下方的人向下挤压前排”写清楚。
163,104–108 与第164章全章,设定,高,“数十名赤裸着臂膀…红着眼睛围拢上来”,第164章说全营因为镇静剂丧失了愤怒，被电棍打都没反应，但本章上千工人暴怒围护，第162章女工还在抢水撕打，前后冲突。,要么交代药效有个体差异，或者重体力工种因为某种原因摄入少；要么调整第164章，把药效写成“钝化”而不是“消除”。
163,69–75,事实,高,“在男子右臂的曲池穴、少海穴与极泉穴上重重连点三下…喷涌如泉的暗红色动脉血…瞬间减缓、止住” / “推回了骨髓腔内”,点穴止不住动脉出血；开放性骨折不做清创就直接复位，感染风险极高；“推回骨髓腔”是误用，应该是断端回纳入软组织。,改成止血带或直接压迫加抬高，先冲洗再夹板固定，复位写成“暂时对位”。
163,82–88,事实/重复,高,“伴随着一声极其高亢尖锐的高压刺响” / 块88“伴随着一声清晰高亢的排气声，一股被极度压缩的高压污血与气体”,块87和88重复；张力性气胸排出的主要是气体，不是“高压污血”；“粉红色泡沫样血沫”“纵隔扑动”也张冠李戴（前者是肺水肿征象，后者属于开放性气胸）。,合并成一句“嘶的一声，气体从管口冲出”，删掉错误体征。
163,50,错字,中,“悬挑钢梁的固有固有频率”,“固有”重复了。,删一个。
163,49–51,节奏,中,“在千分之一秒内洞悉了整座梯架坍塌的力学诱因”,行动（块38–48）已经写完，才回头交代诊断，而且块51又说“在扳动阀门的同时”，时序很乱。,按“判断→放风墙→用汽笛打乱步频”的顺序重写。
163,47,人物,中,“深蕴着白道微数百年统帅千军万马的绝代帅相之气”,白道微的身份是数据科学家，“数百年统帅千军万马”既夸大又和设定不符。,改为他在明幕、星幕实际担过的职责。
163,104,用词,中,“把你们全扔进高炉里喂鱼”,高炉里怎么“喂鱼”，比喻混乱。,改为“扔进高炉当炉渣”。
163,80,夸张,中,“连续完成了二十七例复杂骨折复位、十四例关节脱臼还纳与九例严重撕裂伤”,二十分钟50例，一人徒手完成，不可信。,改为“她先分检，教工人按压、固定，自己只处理最重的几例”。这样也更符合流行病学家擅长分检的特点。
163,71,用词,低,“一只纤细如玉、却蕴含着不可思议沉稳指力的大手”,“纤细”和“大手”互相矛盾。,删掉“大”。
163,127 / 块117,数字,低,“三千铁工已视你为再生父母”,前文写的是“上千名”“五十多号弟兄”。,统一。
164,36–43,事实/人物,高,“含有极高浓度的溴代酚环与二氮䓬类中枢神经受体激动剂” / “‘情绪钝化素Delta-9’！”,靠味觉判断出受体类型；铜丝加醋十秒就生成“溴化亚铜结晶”，化学上不成立；商品名“Delta-9”在她口中出现，早于白道微块100查到标签，属于全知。,改成“舌尖发麻，怀疑掺了镇静类药物”，“Delta-9”这个名字只在白道微查到后出现。
164,120 / 第165章·块130,逻辑,高,“涌入十万劳工饭盒里的…将是能够中和余毒、唤醒生机的高能电解质营养液”,药剂是注入糊糊管线的，旁路只需要切掉药剂支路；照文中写法等于把口粮换成了糖盐水，十万人没饭吃。,改为“只切断药剂注入支路，糊糊照常供应”。
164,120–121,事实/人物,高,同上,长期服用苯二氮䓬类药物后骤停，可能出现戒断反应，包括焦虑、失眠甚至癫痫。医学背景的主角应该预警，这里反倒写成一夜“觉醒”。,让常灵珂坚持逐步减量，或者提前准备应对戒断，这正好形成两人意见分歧和张力。
164,88–91,伪科学,高,“清水在触碰到参须与薄荷粉末的刹那，瞬间泛起了一层温润金黄的微光” / “足以维持你们体内十二个时辰的血糖”,草药水不会发光，参须维持不了血糖，薄荷也不能拮抗中枢抑制剂。,删掉发光和立竿见影的写法，改成“不吃糊糊的这一顿，拿参须水顶一顶”。
164,45–52,事实,中,“利用溴离子与酚类羟基的极强脂溶性” / “强行阻断大脑中负责产生愤怒…的多巴胺能神经通路”,羟基是增加水溶性的；GABA-A激动和“阻断多巴胺”“额叶突触萎缩”被混在一起讲。,简化成“长期服用会让人情绪平钝、睡眠结构紊乱”，避免伪精确。
164,110–122,节奏,中,块113“今夜子时一刻，高压断电十五分钟” / 块118“今夜子时一刻…持续时间九百秒”,同一套行动计划隔着几段又完整讲了一遍。,删掉块116–122，或者删掉块110–115。
164,66,人物,中,“天下怎么会有这么狠心的朝廷啊……当年大明闹灾荒”,2088年的难民老人不会用“大明”“朝廷”作参照。,改为她记忆里的饥荒年代，或者删掉。
164,17,数字,中,“二十年了……姑娘，你还记得真正的西红柿是什么味道吗？”,灾变发生在2073年（第161章块28），到2088年是15年；林婆说住了“三年”，第163章写“冰封了数年”。,统一灾变和入营年限。
164,26,设定,中,“在星幕篇小宇宙药圃里收纳的原生种子标本，经过四百年的灵性温养”,种子标本变成了山楂干，“灵性温养”是玄幻词汇；跨幕携带物品的规则也需要说明。,补上跨幕携带规则，删掉“灵性温养”。
164,37,连续性,中,“一截晨间在机修间捡来的细铜丝”,常灵珂早上没有去过机修间，铜丝是白道微的（第161章）。,改为“洗漱间捡的”。
164,104,错字,中,“原原本场地还给这十万沉睡的血肉同胞”,应为“原原本本地”。,改。
164,22、76,用词,低,“溅落在大理石台面上” / “将地毯上溅落的半盒糊糊”,钢结构食堂里出现大理石和地毯。,改为“铁桌”“钢板地”。
164,53–54,连续性,低,“指尖的银簪” / “凝视着掌心的银针”,同一件道具前后名称不一。,统一。
164,95 / 第165章·块95,设定,低,“十万下层劳工唯一的集中就餐点” vs “全营二十座悬空食堂”,前后冲突。,统一。
165,29、81 与第164章·块113,事实,高,“就在午夜二十三点五十九分、秒针即将跨入子时整点的最后三秒”,子时是23:00–1:00，不是从午夜零点开始；“子时一刻”应为23:15，文中却写成零点以后。,改用“零点”“零点一刻”，或者按子时正确换算。
165,52–55 与 块61–69,重复,高,“自枕下摸出了那枚在机修间里捡来的大号高强度合金六角螺栓” / 块61“从怀中取出那枚早已备好的合金六角螺栓”,回敲管道写了两遍（“当当当”和“叮叮叮”），是两版稿子并存。,只保留一版。
165,81–105、109–116、127–131,重复,高,“身形在倒计时跳至八百八十秒的刹那” / 块110“熔断断电时间尚余四百二十秒” / 块114“仅仅消耗了一百八十秒”,潜入泵站写了三遍，倒计时互相矛盾。,合并为一次潜入，只用一套计时。
165,143–150 与第166章·块0,时间,高,“凌晨四点三十分…第四十二层的长廊内呈现出了一种近乎神迹般的反常安详”,第166章紧接着从“凌晨两点十五分”开始写煎药和大搜查，时间线倒流。,删掉第165章块145–158，或者把第166章移到当夜更早的时段。
165,40–47,连续性,高,“那是他们两人之间跨越了四百年的终极暗号。一叩：平安无恙；二叩：初心不改；三叩：我在。”,第161章块91是白道微当场约定的新暗号（三声=平安，四声=危险），这里改口成“四百年的暗号”，含义也变了；检索明幕各章，未见这个暗号的前史。,要么在明幕补一处伏笔，要么这里改成“他们第一次用它”。
165,146–148,逻辑,高,“从通风口与排污管道缝隙中溢出的微风里，隐隐带上了一抹…地热蒸汽的天然硫磺与矿物质甘甜” / “捕捉到了空气中水分子微观结构的重组”,改的是食品管线，不可能改变宿舍的空气，“水分子结构重组”是伪科学。,删掉，第二天早饭时再写变化。
165,15,事实,中,“带有高浓度氯化琥珀胆碱的麻醉硬弹”,琥珀胆碱是肌松药，不是麻醉药，不配合通气会导致窒息死亡。,改为“镇静针弹”。
165,50、70、83、106,连续性,中,“在四十层冰冷的钢铁之下”,实际隔24层，本章多处写成40。,全部改为“二十四层”。
165,35,设定,中,“WP-09…足有一米二粗细…上世纪末重工业鼎盛时期浇铸”,第161章写直径1米；巨构是2073年以后才建的，管道不可能是“上世纪末”浇铸的。,统一管径，改成“建营时浇铸”。
165,71,设定,中,“坚毅如铁的面庞在昏暗的红色指示灯下泛着青白色的寒霜”,第十八层是高温工区（第162章40℃，第163章50℃）。,删掉寒霜。
165,49,事实,低,“滴在铸铁管道…接缝处，瞬间蒸发成了一缕淡淡的温润白汽”,冰冷的管道不会让泪水瞬间蒸发。,删掉。
165,152,文笔,低,“那股沉睡在每一个DNA双螺旋深处的原始求生本能”,空洞的宏大句。,删掉。
165,155,设定,低,“四十二层之上，风雪渐渐停歇”,地下设施里没有风雪。,改为“地表”。
166,5,时间,高,“浸润着白道微上周利用重机车间脱水蒸馏釜提纯出的高纯度工业酒精”,两人入营才一天多，哪来“上周”；男女营隔绝，酒精怎么送过来的也没交代。,改成“昨夜白道微托人夹带的”，或者用管道投递来交代。
166,71–73,重复,高,“无法用语言形容的恐怖巨响在配电室深处轰然炸裂”（块72、73连续出现）,整句重复。,删掉一句。
166,73,逻辑,高,“一团高达四千摄氏度的刺目惨白电火球如超新星般疯狂膨胀开来”,白道微站在弧光爆炸的正前方，毫无防护却毫发无伤；后文只提到手掌烫伤（来自同契）。,让他用长杆远距离操作、躲在柜后，并留下明确的伤。
166,102–106,逻辑,高,“在常灵珂的左手手背与掌心上，一道清晰刺目的红肿烫伤” / “只得冒死自公用洗漱间接了一碗滚烫的中水”,新鲜烫伤本身就是接触过热源的证据，队长却视而不见；洗漱间只在早上限时供冷水，夜里宵禁，“滚烫中水”这个说法站不住。,让她主动用烫伤圆谎，比如“抱暖水瓶烫的”，或者让队长起疑、被副官报告打断。
166,9,事实,中,“因急性呼吸窘迫综合征陷入心源性肺水肿”,ARDS的定义就是非心源性肺水肿；她的诊断是“痰热”，却开“温热宣肺”，中医逻辑也不一致。,改成“急性呼吸衰竭”，方名、治法与证型对齐。
166,7,事实,中,“混杂着…耐寒地衣与苦杏仁皮”,苦杏仁含氰苷，对缺氧的老人有风险，医者用药要交代剂量或炮制；药材来自医疗垃圾桶，也有感染风险。,删掉苦杏仁，或者补写她的取舍。
166,3、39,事实,中,“用航空铝合金马口铁罐改制” / “马口铁铝罐”,马口铁是镀锡钢板，不是铝。,二选一。
166,68,事实,中,“短路容量八千兆伏安”,8 GVA远超全营700兆瓦的发电总量，数量级不合理。,删掉具体数字。
166,50、118,设定,中,“一片通红的烫伤红斑在他的左手掌心以肉眼可见的速度浮现” / “被烈火灼得皮开肉绽的左手掌心”,同契到底是只分担痛感，还是连伤口也会转移、而且伤情会加重，没有说清。,明确规则：痛感分担，但不出现实体伤痕，或者伤痕减半。
166,106,人物,中,“民女不过是一介苟延残喘的下层流民”,2088年的人自称“民女”，时代错位。,改为“我只是个下层工人”。
166,28,事实,低,“四级杆微型飞行时间质谱仪”,四级杆和飞行时间是两种不同的质量分析器。,二选一。
166,66,用词,低,“碗口粗细的高强度碳素绝缘撬棍” / “重达百斤的铅封防爆门”,碳素材料导电，谈不上“绝缘”。,改为“环氧玻纤绝缘杆”。
166,15、101,空间,低,“十七号宿舍”“铁门”“门槛”“门帘”,第161章写的是开放式三层铁架铺，这里变成带门的隔间。,统一铺位结构。
167,92,事实,高,“无需复杂的消化酶分解，纯净的葡萄糖与果糖通过黏膜毛细血管网以匪夷所思的速度直灌入”,蔗糖是双糖，要在小肠经蔗糖酶分解，口腔黏膜几乎不吸收。给昏迷婴儿往舌根滴糖浆，有误吸风险。,改为“把糖浆抹在颊黏膜/牙龈”（接近临床上的颊黏膜给糖做法），并写她先确认婴儿有吞咽反射。
167,56–62,事实,高,“溶解为过饱和的高温糖液” / “预冷至零下二十五摄氏度…过饱和度瞬间突破结晶热力学临界点” / “脱脂硅胶干燥剂…超强的物理疏水亲脂吸附性”,15克糖溶在50毫升沸水里，远没到饱和；速冷只会让水结冰，析不出糖；硅胶是亲水吸附剂。,改成“溶解、滤掉渣子、小火浓缩到糖浆状就直接用”，去掉“重结晶”；婴儿用的本来就是糖水。
167,24、89,数字,高,“最低有效吸收剂量：十点零克” / 12.5克中“整整四分之三的浓缩大头”,12.5克的四分之三约9.4克，低于自己设定的10克最低剂量。,调整数字。
167,35、第168章·块93–96,设定,高,“阿尔卑斯皇家特供” / “龙门峡…国家重点战备防汛工程” / “整座阿尔卑斯山脉周边的地貌”,第161章说在“欧亚大陆北方”；中文工程铭牌、龙门峡又指向中国，地理自相矛盾。,定下巨构所在地并统一。
167,12,事实,中,“类似于烂苹果般的苦杏仁气味”,酮症是烂苹果/丙酮味，苦杏仁味是氰化物中毒的特征，两者混为一谈。,删掉“苦杏仁”。
167,21–25,设定,中,“【目标生理指标：血浆葡萄糖浓度0.85mmol/L…】”,同契是两人之间的链接，却能测出第三个人（婴儿）的血糖，规则被扩张了。,改为常灵珂根据体征估计，再用同契把需求传给白道微。
167,102,连续性,中,“在进入避难所长达两年的极度屈辱与绝望中”,第162章块126写小柔“进入避难所两个月”。,统一。
167,18,事实/连续性,中,“空腹血糖同样早已跌落到了一点二毫摩尔每升” / “昨夜常灵珂将半碗热药汤渡给了她”,血糖1.2的人不可能正常行走说话；药汤是给林婆的（第166章）。,改为“轻度低血糖”，药汤一事修正。
167,6,事实,中,“长时间摄入这种化学合成甜味剂，反倒会严重损伤工民的肾小管与肝实质细胞”,缺乏依据，糖精的主流评估认为在常规用量下安全。,改成“只有甜味、没有热量”即可。
167,5,设定,中,“唯有居住在第七十五层至第八十层…的特权管理阶层”,与第161章的楼层分布冲突（见第161章块89）。,统一。
167,79,用词,低,“完美遮挡了工头的所有视线盲区”,被遮挡的是视线，不是“盲区”。,改为“挡住了工头的视线”。
167,49,文笔,低,“伴随着一声沉闷震耳的巨响，隔离气阀喷涌出大团白色高压蒸汽”,与第166章块24一字不差，是套句。,换一种写法。
167,3–6,节奏,低,三段白糖“社会史”的背景说明,说明过长，拖慢了危机开场。,压成一段，先写婴儿。
168,4,设定,高,“违规加装了一组‘次级快中子增殖微型核裂变堆’”,与第162章“三座聚变堆”、第161章“重水堆”冲突。快堆一般用钠冷却，“22兆帕、水蒸气相变大爆炸”也对不上（待查证）。,统一堆型，或者改成地热高压蒸汽系统事故，避开核堆细节。
168,39、85,逻辑,高,“环境伽马辐射剂量率：4.2希沃特每小时！”,按这个剂量率停留半小时以上，就会达到急性放射病水平，事后却毫无后果；同契共享生命体征，常灵珂也应受影响。,调低剂量率，或者给出明确的后续伤病线。
168,89–97,巧合,高,“竟然发生了一处规模惊人的天然地质断裂塌陷…静静地横贯在群山地骨的最深处”,抢修间隙“顺便”发现了生路，巧合太重。,让白道微此前就从图纸、风向异常中推算出地下有空腔，这次下去是有意验证。
168,20、106,数字,中,“全员奖励五百点至尊信用积分” / “将白道微的信用积分恢复至顶格的满分一百分”,承诺奖励500分，兑现时却是“顶格100分”，前后不一致。,统一。
168,27,逻辑,中,“老马…因抗议克扣口粮被扣光积分贬为死囚”,死囚应该在负三层，他却在第十八层车间做工。,改为“差点被贬”。
168,76–77,重复,中,“伴随着一阵沉闷雄浑如远古旱雷般的机械撞击巨响，重锁轰然归位！” / “一声沉闷如春雷般的机械复位巨响轰然传出！”,连着两句写同一声巨响。,删一句。
168,60,事实,中,“咬死的是上铰链与偏心轴套之间的三氧化二铝硬质氧化层”,钛合金、合金钢表面的氧化层不是氧化铝。,改为“氧化皮和积垢”。
168,91、96,设定,中,“带着淡淡松木清香” / “未曾被重工毒化污染的地表原始森林”,第161章写地表零下40度、火山灰遮日十五年，三十公里外却有原始森林，需要解释。,交代山谷有地热等小气候，或者改成冻原。
168,72–73,人物,中,“单臂猛然爆发出一记极其刚猛的横推暗劲，将阿胜整个人横空推飞出三米开外”,又是武侠化；穿着30公斤铅胶服，还单人拉住几百公斤的断管。,改成白道微提前喊话、用链条借行车受力，把力学智慧写成可信的操作。
168,9,用词,低,“而在下午十四点整”,“下午”和24小时制重复。,改为“下午两点整”。
168,83,时间,低,“记住今夜的感觉”,事故发生在下午。,改为“今天”。
168,2,事实,低,“卡死锁固在罪犯的第七节颈椎咽喉之上”,颈椎和咽喉不在同一个部位。,改为“脖颈上”。
169,42,逻辑,高,“整整三个月的生死相隔，整整八十层铁牢的冰冷规训”,第170章块4、第173章块15都说入营才“一个月”,统一时长，改为“整整一个月”
169,3/块7,逻辑,高,“每周二深夜的二十三点五十五分整……强制中断整整三百秒”,本章写倒闸是每周例行维护，第170章块58却说这次断电是白道微用LC回路人工短路造成的，两章冲突,二选一：要么删掉第170章“人为短路”的说法，要么把本章改成白道微制造的“非计划倒闸”
169,19/块58,逻辑,中,“两人在第三十层的废弃泵房内汇合相聚的时间，仅仅只有惊心动魄的八十秒”,第170章块60的监测数据写“停留整整两分三十秒”，与80秒不符；返程常灵珂上行12层只给100秒，比下行还快，也不合理,统一为约80秒；返程时间改成上行比下行慢
169,36,逻辑,中,“水泵房后方用来采光的狭窄通风小窗处，一道黑影如灵巧的狸猫般无声滑落”,两人走的是同一部铁梯、同一个平台，常灵珂却从窗户进门，缺少交代,改为她同样从门进，或补一句为什么走窗
169,50/块54,事实,中,“从墨尔本跨越四百六十五年历史尘烟”“四百年前朱红高墙”,嘉靖三十九年（1560）到2088年约528年，“四百年”说法全段反复出现且不准,统一改为“五百余年”，或只写“隔着几个世纪”
169,97,逻辑,中,“曾在大漠孤烟的汉家边塞守望黎明”,全书三部分别是明幕、星幕、营幕，没有“汉家边塞”副本,删除，或换成星幕篇的意象
169,67/块65,事实,中,“可有效螯合体内游离的自由基与重金属离子，保护骨髓造血干细胞”,螯合针对金属离子，与自由基无关；地衣加活性炭也防不了电离辐射造成的骨髓损伤,降低疗效描述，改为“聊胜于无的吸附剂”，由常灵珂自己点明它的局限
169,28–34,文笔,中,“宛如一道撕裂黑夜的黑色离弦之箭，狂暴冲入……”,攀梯段比喻密集（离弦之箭、穿林乳燕、银针、飞燕投林、猛虎下山、灵鹿），语体变成了武侠轻功,每人最多保留一个意象，其余换成动作和计时的实写
169,95–97,节奏,中,“这一场跨越时空、逆流而上的壮阔长歌，必将在破晓的晨曦中……”,结尾三段都是宏大的总结，彼此重复,保留块94手环数据那个冷峻的细节作结，删掉块95–97
169,54,事实,低,“紫禁城西苑千步廊下被狂风暴雪吹乱的大氅衣角”,明代千步廊一般指承天门外御道两侧的廊房，不在西苑（待查证）,改为“西苑玉熙宫外的长廊”
169,5,文笔,低,“天花板上唯有每隔五十米嵌在墙角的一道微弱化学荧光引路胶条”,“天花板上”和“墙角”位置自相矛盾,删掉“天花板上”
169,60,错字,低,“塞进了常灵珂冰凉的手手里”,多了一个“手”字,改为“手里”
170,78 vs 第173章块28/第175章,逻辑,高,“明天凌晨零点整……将三千升‘血锈孢子’高压气溶胶原液……灌入第四十二层”,下令“明天零点”投毒，之后几章既没执行也没解释；第173章雷诺兹又改口“本月配给周期一过……逐步切入”,本章改为“择期投放”，或后文交代为何推迟
170,77 vs 第175章块8,逻辑,高,“彻底焊死并关闭第四十层至第四十五层的所有……人行楼梯防爆门”,第175章40–45层难民却能沿楼梯下到36层去领糊糊,删掉焊死楼梯的命令，或在第175章交代闸门已解封
170,97 vs 第169章块63,逻辑,高,“整整齐齐码放着的两千八百套双层防寒背心”,前一夜常灵珂还说“再争取十天”才能做出三千套,改为“三百余套”，或调整时间线
170,70,事实,高,“第二代嗜铁性变异肺包虫真菌气溶胶”,包虫是棘球绦虫的幼虫，属于寄生虫，不是真菌；块72“肺叶木质化”也把植物学概念用到了人体,改为“嗜铁变异曲霉”，“木质化”改为“实变、纤维化”
170,13/块25,事实,高,“用白道微拼死送来的半勺纯白糖配制出精准电解质溶液”,光有糖构不成电解质溶液，口服补液至少要有钠盐；早产儿也不适合土法补液,写成“糖与粗盐按比例配制”，并交代喂法和剂量的谨慎
170,34 vs 第169章块46,逻辑,中,“昨夜在配电中枢被数万伏高压电弧反噬所灼伤的左手掌心”,前一章写的是在负三层被蒸汽烫出水泡，两章伤因不同,统一伤因
170,45 vs 第169章块63,逻辑,中,“零下四十度外部冰原”,与第174章块28“龙门峡零上八至十二度”、植被覆盖42%差距很大,设定外界“巨构周边严寒、峡谷有地热形成小气候”，并在第169章让常灵珂更新认识
170,76,逻辑,中,“向外部荒原驻扎的第七十五轨道防卫军港……十二艘‘黑曜石’全天候突击登陆艇”,冰原上用“登陆艇”、调“轨道”军港，规模和技术水平都跳出了物资匮乏的设定,改为“外围驻军的雪地装甲车队”
170,96/块100,逻辑,中,“加入按比例研磨成粉的升华硫磺与生石灰弱碱中和粉末”,常灵珂此时还不知道孢子计划，却预先准备了中和喷雾，像是全知；生石灰喷向人体会造成腐蚀伤,改成通用的湿布口罩和封窗措施，去掉生石灰
170,3–16,节奏,中,“回望一个月前……”,用十余块复述此前各章的功绩，而且和随后的结算光幕内容重复,压缩为两三句，把信息交给结算面板
170,38 vs 第169章块50,逻辑,低,“强行以石英刮片刮痧排毒”,前一章是“石英片刺入经络”，一刮一刺不一致,统一动作
170,84,人物,低,“整整四百二十名咬碎了后槽牙的带把汉子！……气动重镖”,老马一口气说一百多字，全是口号,拆成短句，加入具体的人名和班组细节
170,55,逻辑,低,“致死率高达百分之九十五的重症‘锈肺热’，其临床转阴康复率竟然达到……百分之九十”,致死率95%与康复率90%混在一起，“转阴”一词也不适用于这里,改为“重症病死率由X%降至Y%”
171,76,事实,高,“高达二十个大气压的一百六十度高温过热干蒸汽……瞬间充斥了整间密室”,20个大气压下饱和温度约212℃，160℃只能是液态水；而且白道微身处满室高温蒸汽中毫发无伤，不合常理,改为“十余个大气压的饱和蒸汽”，并让白道微事先伏低、以湿布护脸，事后有轻度烫伤
171,53,逻辑,高,“外部放射性核素沉降已于二零八四年衰减至安全本底水平”,董事会绝密备忘录恰好从排污管里捞上来，巧合太大；本章揭一次，第173、174章又揭两次,保留一次揭晓：本章只拿到“残缺线索”，第173章拿到实证，第174章专写公布
171,8,事实,中,“下面就是两百度滚烫的排污沸水池”,常压下水100℃就沸腾，不可能有200℃的敞口水池（第175章块32又出现一次）,改为“近百度的沸水池”
171,26/块27/块37/块40,逻辑,中,“在三十年前巨构扩建时期”“二十年前，巨构刚建完主体”“积攒了二十年的家底”,同一章里老陈的年资和巨构的建成时间前后打架,统一年表（见C节）
171,39/块80,事实,中,“整整八十只耐压达四百五十伏的工业级储能钽电容”“充饱了六百伏直流电”,钽电容额定电压通常远低于450V（待查证），而且600V已经超过自己设定的450V耐压,改为“铝电解电容”，电压与耐压保持一致
171,91/块95,逻辑,中,“塞进中央十七号换气竖井的自降滑囊里，发往第四十二层”,从18层送到42层是向上走，不能叫“自降”,改为“配重提升滑囊”
171,79–82,文笔,中,“身形灵动如游鱼，在密集的弹雨中踏着玄妙的步伐飘然而过”,武侠化，而且“在弹雨中飘过”让主角近乎无敌,改为利用蒸汽掩护、贴地翻滚，事后受点小伤
171,99,逻辑,低,“与遥远地底第十八层那个男人的心跳声”,第18层不在地下,改为“下方第十八层”
171,1 vs 第170章块88,逻辑,低,“直接坐落在休眠火山玄武岩断裂带上方”,第170章写的是“活火山”,统一
171,41,文笔,低,“是我昨夜从检修备件中用数控铣床手工改制的”,“数控”和“手工”矛盾,删去其一
171,53,错字,低,“酸雨PH值已回升至六点二”,规范写法是 pH,改为 pH（第173、174章同）
171,89,事实,低,“穿透整整四十层钢板，直达女营”,18层到42层只隔24层；多层钢结构对短波的屏蔽也很严重,改为“借助暖气管或竖井里的线缆做导体”
172,70,事实,高,“收干结痂，泛出了一圈圈新生健康肉芽组织的粉嫩生机”,术后几个小时伤口不可能结痂、长出肉芽,改为“创缘红肿未再扩大、渗液减少”，愈合留到数日后
172,37,事实,高,“弗莱明与钱恩等人最初拯救无数伤患的青霉素原液，正是从发霉的农家甜瓜皮与玉米发酵原浆中……”,弗莱明是在培养皿污染中发现青霉素的；发霉的甜瓜和玉米浆工艺出自1940年代美国皮奥里亚的实验室，与弗莱明、钱恩无关；“二十世纪初叶”“抗战史”用词也不当,改为“后来美国实验室从一只发霉的甜瓜上找到高产菌株，又用玉米浆扩大培养”
172,56,逻辑,高,“创伤失血量超过1800毫升”（块14）,失血超过1800毫升、没有输血，仅靠缝合和盐水擦拭，一夜后就恢复肠道功能，不可信,加入口服补液、抬高下肢、同伴献血（粗配血型）等情节，或把失血量改小
172,37,事实,中,“早在四百年前的大明朝弘治年间，太医院古籍中便有以‘陈年芥菜卤汁’……”,弘治距2088年约六百年；芥菜卤入药的出处是否为太医院古籍，待查证,改为“民间有陈芥菜卤治肺痈的旧方”，不点具体朝代和机构
172,44/块59,事实,中,“注入按严格比例稀释的食用醋酸溶液……将吸附在碳粒表面的有效成分重新解吸”,青霉素在酸性条件下极不稳定；粗滤液效价很低，40毫升肌注疗效有限，而且非无菌、含热原,让常灵珂自己承认效价低，只作局部湿敷为主、肌注为辅，疗效写得克制
172,41/块46,事实,中,“带有剧毒神经毒素的黑曲霉与黄曲霉”,黄曲霉毒素主要伤肝、致癌，不是神经毒素；“败血剧毒”也不准确,改为“伤肝致癌的黄曲霉”
172,55,事实,中,“用煮沸的纯碘伏液反复冲洗创面”,碘伏是聚维酮碘，用碘晶体只能配碘酊或卢戈液,改为“稀释的碘液”
172,60,节奏,中,“常灵珂在下刀前，伸出双指……”,手术已经写完了（块59），又倒叙回到术前镇痛，时序混乱,把块60–61移到块53之前
172,71 vs 块29,逻辑,中,“在昏迷了整整一天一夜后”,事故发生在午后，23点送到，5:30苏醒，不到一天一夜,改为“昏迷了大半夜”
172,83,逻辑,中,“竟然不顾大腿上的夹板剧痛，硬生生地从床上滚落下来，单膝重重跪倒”,股骨开放骨折刚复位几个小时，下跪会导致再移位，身为医者的常灵珂应当阻止,改为铁头在床上抓住她的手立誓
172,22/块78,逻辑,中,“明早六点晨检之前，如果这三具烂肉还没送进降解池”,12小时的最后期限没有收尾，宪兵是否追查全无交代,补一段：白道微提交伪造的鉴定报告，把伤员登记为“隔离候审”
172,32,事实,低,“大量肌红蛋白溶血阻塞肾小管”,肌红蛋白来自肌肉挤压伤，不是溶血，而且靠切脉也判断不出,改为“挤压伤恐致肌红蛋白堵塞肾脏，须多饮水、看尿色”
172,34,逻辑,低,“立刻将昨夜白工送来的未污染冰川雪水烧开三大锅”,第169章只送了一小支玻璃管,改为“把滤水系统里的净水烧开”
173,66–67,逻辑,高,“转身大步走出机房”接着“雷诺兹在白道微身前来回踱步……猛地俯下身子”,人物已经离场又回到身前，前后接不上,把块67移到块64之前
173,47–53/块73,节奏,高,“外部放射性核尘埃浓度自二零八四年起呈指数级锐减”,同一章里真相数据陈述了三遍（块47、块50、块73），又与第171章块53重复,本章只保留一段最具体的数据加一张影像
173,84,逻辑,高,“他们骗了我们整整三十年！整整两代人啊！”,数据显示2084年外界才恢复，此前的危险是真的，谎言最多四年,改为“四年前外面就能活人了，他们瞒了四年”，或者把外界恢复的时间提前
173,6–7 vs 第169章块2,逻辑,中,“第一层至第十五层的地热开采与火山熔岩蒸汽区”,楼层分区与第169章（1–20层机加工，21–40层化纤，61–74层官僚）不一致,统一采用一套分区
173,16,逻辑,中,“但正午那一轮真实、刺目而温暖的金色太阳”,上午九点出发，十一点就下来了，不是正午（块82“今天正午实测抓拍”也有同样问题）,改为“上午的太阳”
173,53,事实,中,“每立方米零点零三微居里，完全处于正常自然本底辐射范围之内”,0.03 μCi/m³约等于1110 Bq/m³，远高于户外空气的一般本底（数十Bq/m³量级，待查证）,改用第174章那种环境剂量率表述（约0.12 μSv/h）
173,34,人物,中,“谎言……从来都是成本最低、利润最高的统治工具。”,反派当着侍者、隔着一面玻璃把阴谋和盘托出，工具化明显,改成更含蓄的行话，让白道微通过数据自己拼出真相
173,49,文笔,中,“凭借着四百年累积的深厚算力”,空洞的宏大句，逻辑上也不成立,删除
173,2/块37/块42/块61,逻辑,低,“中央空调主控板电容击穿”“变频柜接地报警，温控传感器失灵”“第四号吸收电容的接地端子”,同一个故障说了三种版本,统一
173,65,病句,低,“但脸上的声音依旧平静如死水”,“脸上的声音”搭配不当,改为“声音依旧平静”
173,13,文笔,低,“阻隔在三万英尺的虚无之外”,楼高约300米，三万英尺约9000米，夸张得失真,改为“隔在七十层楼板之下”
173,28 vs 第170章块53,逻辑,低,“超额腾出三万立方米的纯净氧气配额”,第170章写的是两万立方米,统一
173,30,错字,低,“从每人每天一千四百大卡进一步削减至九百五十卡”,单位前后不一,统一为“大卡”
174,4–29,节奏,高,“开始解密。”,前一章已在机房破译、镜像，并在暗室投影给同一批人看过（第173章块81–85），本章重新解密、重看、重哭,删去本章前半，直接从“能源账”切入
174,8/块10/块13,逻辑,高,“自二零七五年巨构落成以来”“二零六五年十月……第一任执行官”,与“三十年”“半个世纪”（块80、块84）、第176章块19“八十年前大崩溃之初”互相冲突,做一张统一年表
174,58 vs 块61,逻辑,中,“这三千份传单一旦发酵”,常灵珂提到传单时，白道微还没下令印刷,把她这段对话移到块68之后
174,68 vs 块81,逻辑,中,“三千份印有铁证与生路的传单”与“整整四千份油墨未干的传单”,数量不一致；4:30已经散发、5:00又“背出暗室”，时序重复,统一数量与时序
174,69–72,节奏,中,“在第十八层暗室的一角，老马与几名老钳工已经麻利地搭建起了……”,印刷已经完成（块68），又回头重写刻版和上墨,并入块62–68
174,85 vs 第169章块11–12,逻辑,中,“在第三十层那座巨大的中央工业水泵房内，几名常年浑身湿透的高压管路值班工”,第169章说第30层泵房废弃二十年、是监控盲区,改为别的楼层
174,9/块6,事实,中,“伪随机椭圆曲线加密算法……通过大数质因数模反元素矩阵”,椭圆曲线加密的安全性不建立在大数分解上，这里把两类算法的术语混在一起；“三十二位”密钥也太短,少用术语：“找到了密钥生成器的随机数缺陷”即可
174,45–47/块54,逻辑,中,“莫尔斯电码通过粗大的铸铁暖气管道外壁微振动”“短波电台的受话器内，常灵珂……声音”,同一次通讯先是管道敲击电码，后变成语音电台,统一为一种方式
174,51,逻辑,中,“自大明嘉靖二十一年的玉熙宫大火”,与第169章“嘉靖三十九年”入明不一致；嘉靖二十一年的宫变是否与玉熙宫火灾相关，待查证,改为明幕篇实际发生的事件
174,58 vs 第175章块4,逻辑,中,“全营一千两百名妇女与老幼划分为十二个疏散梯队”,第175章说仅40–45层就有一万两千名妇孺,改为“女营一千二百名”，或统一数字
174,27,事实,低,“反射率出现了一条近乎垂直拉升的强吸收陡坡”,植被“红边”指约680–750nm之间反射率陡升，不是“吸收”,改为“反射率陡然抬升”
174,40,人物,低,“老机修工老刘”,与第172章“小刘”撞名,换一个姓
175,47/块44,事实,高,“刺耳尖锐的高音只会进一步刺激扁桃体”,amygdala 是杏仁核，扁桃体是咽部淋巴组织，属于误译；“梵音”“直接作用于脑干副交感神经节”也是伪科学,改为“杏仁核”，并删掉频率参数和神经作用的伪论证
175,68–69/块75–76；块70–72/块77–78,节奏,高,“将原本处于浮动缓冲状态的十二组大口径液压活塞……调整为极限高压单向死锁模式”,液压锁死和电磁脉冲废掉机枪，各写了两遍,每件事只保留一次
175,56,逻辑,高,“我们手里有足够的粮食和盐水，食堂不会断供！”,断供是真的，常灵珂当众许诺却没有依据；一万两千人今天吃什么，本章没有下文,改为“今天的糊糊，我们一起去排、一个不落”，并补写分配方案
175,94/块98 vs 块80,节奏,高,“暮色渐渐深沉”“曙光微露，寒冬将尽”,七点事件结束后，结尾依次跳到黄昏、黎明；块87–98是五段重复的收束语,结尾压缩成两段，保持同一时间点
175,45,人物,高,“常家先祖便曾以太医院医官之身……流淌在骨髓血脉深处的医者风骨”,常灵珂设定是墨尔本的流行病学家，这里改写成太医世家血脉（第172章块53“大明御医世家”同）,见E节，需作者确认
175,9,逻辑,中,“垂直高度达到近四十米”,从40层到36层约4层，按每层约3.75–4米算，大约只有15米,改为“十几米”，或改成跨更多层
175,50,逻辑,中,“我们在这暗无天日的生铁牢笼里忍受了三十年”,常灵珂入营才一个月,改为“你们忍了这么多年”
175,92,逻辑,中,“阳光透过第八十层水晶天幕的折射，在深渊深处洒下了斑驳金黄的微光”,第173章说日光温室在75层以上的密封区，下层“终年见不到天日”,删除
175,53–54,逻辑,中,“早就按照常灵珂预案埋伏在各层楼梯口的四十名女工救护骨干”,广播突发，半小时内就在39层备好热水糖盐水，像是未卜先知,交代她听到广播后立即派人，或把事件间隔拉长
175,34/块41,逻辑,中,“竟稳稳地立在一根……宽度不足三十厘米……工字钢横梁之上”,在零下十八度的强风中站立约半小时，个人英雄化过度,改为站在变形平台的角钢上、腰拴绳索，保留险情但更可信
175,89 vs 块42,逻辑,低,“额头紧紧贴着常灵珂冰冷的皮靴”,前文写她穿“单薄的布鞋”,统一
175,50,错字,低,“其基频精准稳定在一宗纯和的一百二十赫兹”,“一宗”应为“一种”,改正（此句建议整体删除）
175,12,用词,低,“被半个月来的减脂降卡折磨得奄奄一息”,“减脂”是健身用语，不合语境；降卡的消息是前一两天才出现的,改为“连日削减口粮”
176,29 vs 块13–16,逻辑,高,“常灵珂穿过废弃的通风竖井，悄无声息地滑落进第十八层机械暗室”,她本来就能借竖井跨层，全章“权限封锁、必须伪造通行码”的前提因此不成立,交代竖井已被网格化阻断令封死，这次是最后一次冒险潜行
176,57 vs 块22,逻辑,高,“存在18毫秒时间戳相位差！启动二级人工深度核验！”,老马刚说“超过两百毫秒才熔断”，18毫秒不应报警,改为“230毫秒”
176,19,逻辑,高,“八十年前大崩溃之初，初代管理委员会……”,与2065、2075、“三十年”等说法冲突,按统一年表改写
176,33–34/块86,人物,高,“从百年前的雨夜医馆……他是默默研磨朱砂……的青年药童，她是……白衣医女”,与“墨尔本穿越、嘉靖年间入幕”的设定冲突，还出现了“数世轮回”的说法,见E节
176,5 vs 块10,人物,中,“三号床的老矿工”与“他才二十八岁啊”,年龄不一致；此后这名气性坏疽患者也没有下落,统一年龄，并在块81交代他的结局
176,67 vs 块79,逻辑,中,“在接下来的整整十二个小时里”与“深夜两点……整整十四个小时”,4点出发到次日2点是22小时,统一
176,23/块25–27,事实,中,“通过芯片内部的物理不可克隆函数（PUF）响应特征来核验身份”,系统既然靠PUF核验，就不可能靠预测随机数种子伪造；“五十七赫兹”工频也不存在（常见为50/60Hz）,改为：该协议实际只校验证书格式和时间窗，PUF只是设计上有、没有启用
176,60–63,逻辑,中,“制造了一场微小却极其剧烈的高压蒸汽排空脉冲……时间戳已完成自动动态校准”,靠蒸汽让光纤“热噪延迟”而通过校验，属于机械降神,改为白道微事先写好的“降级重试”漏洞，蒸汽只用来分散宪兵注意力
176,76 vs 第172章块84,逻辑,中,“我们十六层三千名锻工铭记在心”,第172章说重锻车间有三百人,统一
176,59 vs 块9,逻辑,中,“箱子里的粗制抗生素与印刷传单”,块9说土法青霉素早已耗尽,改为“少量的磺胺粉”或删除
176,18,逻辑,低,“‘阿耳戈斯-7’全域动态访问控制体系”,主脑一直叫“阿耳戈斯-IX”,统一
176,77,事实,低,“用随身携带的麻黄碱与微量氨茶碱粉末，配制成简易的气雾吸入剂”,矽肺以纤维化为主，支气管扩张剂只能缓解部分症状，写成“挽救呼吸衰竭”太夸张；药从哪来也没交代,写成“稍缓喘憋”，并交代药源
176,78,文笔,低,“在这纵贯数万米钢筋铁骨的毛细血管中……疯狂而隐秘地疯狂蔓延”,“数万米”与300米楼高不符，“疯狂”重复,改为“在这三百米高的钢铁躯体里悄悄蔓延”
177,84–90,逻辑,高,“做好了……单人引爆全部工作站、揽下全域重罪、替她赴死受贬入地狱的决绝死局”,总设定是“一方死则双亡”，白道微替她去死在规则上等于把她一起害死；常灵珂的反驳（块87“就算我走出了这片牢笼”）也没提同契，两人好像都忘了这条命门,让常灵珂直接点破：“你死了，我也活不成，你这是拿两条命赌一条”，冲突就从“殉情式深情”变成“规则逼出来的两难”，更硬
177,82,逻辑/设定,高,“同契共振……宏观量子相干现象……形成绝对的直觉共享”,同契原本是生命体征共享和痛感分担，这里新增了“读心”能力，还用伪科学名词包装。读心一旦成立，后文的敲管道密码通信就多余了,删去读心，改成常灵珂从他的心率和体温异常（同契可感知的范围内）察觉他在隐瞒什么，再逼问出来
177,57、70、87,设定,高,“这四百年来，我们逃过了大明的瘟疫，逃过了战火，逃过了冰河”,前文两人经历的是嘉靖明幕和三体星幕（第170章明言“一个月前坠入二零八八年”）。这里的“近代烽火黑面包”“两百年前海防要塞炸炮台”“京城被锦衣卫骑兵射中数箭”都是前文没有的新前史,改成本书真实经历过的事（九堰、沈一石、二向箔等），或者统一删掉“四百年轮回”的说法
177,23–24 对照 第179章·块31、第180章·块3–4,设定,中,“哪怕是中层技术工人的子女……一辈子也从未见过一粒真正的粮食”,两章之后女工向白道微抛“烤玉米面饼”，女营储备“三吨脱水玉米干粮”，雷诺兹要下调“玉米酵母配额”。如果粮食这么常见，土豆的稀缺感就垮了,把玉米改成“合成淀粉饼”，或者把本章改为“天然块茎”稀缺，谷物由配给制垄断
177,49,事实,中,“参天的莫宁顿大无花果树与英国悬铃木”,Moreton Bay fig 通译“莫顿湾无花果”，Mornington（莫宁顿）是半岛名，两者不是一回事,改为“莫顿湾无花果”
177,35–41,文笔,中,“如同一曲壮丽的人性交响乐，以不可阻挡之势席卷了整座暗室”,烤土豆写了约700字，“美拉德反应”“唾液淀粉酶”“直冲天灵盖”“文明最伟大的馈赠”层层拔高，温情戏被写成了广告片,保留“掰开冒白汽、烫手捏耳垂、舔指尖”这些具体动作，删掉所有升华句，篇幅压到三分之一
177,72–73,节奏,中,“你要喝红茶，我们就大勺大勺地往杯子里加糖……”,白糖誓言是好点子，但独白太长，从大明苦难一路排比到蜜饯清单，稀释了力度,只留“五十公斤”“为什么是糖”两个要点，让常灵珂打断他
177,47,事实,低,“皇家展览馆正后方的那栋三层维多利亚风格红砖老洋房”,皇家展览馆北面紧挨的是墨尔本博物馆和公园，“正后方”没有民宅；卡尔顿花园周边的维多利亚排屋在 Rathdowne St、Nicholson St 等沿街一带（待查证具体街道）,改为“卡尔顿花园东侧/西侧沿街的维多利亚排屋”
177,53,事实,低,“走过维多利亚喷泉那道在水雾中永不消散的小彩虹”,卡尔顿花园内的主喷泉通称 Hochgurtel Fountain（展览喷泉），“维多利亚喷泉”这个名称待查证,改为“展览馆前的大喷泉”
177,94–95,逻辑,低,“均匀涂抹在滚烫的蒸汽管壁连接法兰上……硫化矿物油焦糊恶臭”,为了掩盖土豆香气，在密闭室内制造刺鼻黑烟，反而会引人注意，也伤自己的呼吸道,改为用管道冷凝水冲散灰烬、开检修风门排气
178,10–16 对照 第180章·块9,逻辑,高,“都与第四十二层女营简易医疗所里那个来历神秘的常灵珂大夫，有着惊人的百分之九十九重合度”,钱虎凭照片认出了常灵珂，还当面上报了“十六层锻工与四十二层女营”。白道微的数字替罪只能抹掉电子记录，抹不掉这个人证。后文却写安保“彻底放弃对女营的追查”，钱虎也就此消失,补一笔处理钱虎：他被万斯灭口或抢功，或者上报时只说了“有女特派员”，没来得及说出姓名
178,57,事实,高,“以每秒接近五千米的光速，顺着纵贯全巨构的高碳钢管壁”,5000 m/s 是声音在钢中的传播速度，不是“光速”；而且可闻的敲击声不是“次声波”,改为“以每秒五千米上下的声速”，删掉“次声波”
178,65,逻辑,中,（涉及已出版作品，不摘录）,上一章两人约定的是“一起跳”，这里常灵珂“回忆”出一句原文里没有的后半句，被用来给她的撤退找理由,在第177章补上这句，或者改成她自己理解到“他要的是我活”
178,82–84,逻辑,中,“在短短三秒内，整台服务器变成了一个天衣无缝的‘高级技术孤狼单人贪腐与技术犯罪现场’”,爆破前十秒内伪造签名、清掉所有记录、伪造黑市账本，主角全知全能。而且注释里写“尔等皆是蠢猪”，孩子气，反而会让调查者怀疑有人在作秀,把替罪布局改成早就预埋好的“死手脚本”，当下只需按一个键；注释删掉
178,24–27,文笔,中,“任何出现在主通道内的移动目标，无需警告，一律授权就地歼灭！”,戒严写得很满，有全域断汽断水、机枪碉堡、六十头机械犬，可后文人群照样能自由聚集，致使威胁感失效,减少镇压规格，保留一两个可信的细节（断汽后结霜）
178,33–35,人物,中,“雷诺兹那张苍白的贵族面孔扭曲得如同来自炼狱的恶鬼”,反派纯粹工具化：边品红酒边狞笑，边拔枪咆哮，同一段里描述外貌两次,给雷诺兹一个可理解的立场（比如云顶也在缺能），削掉表情描写
178,69,事实,低,“在二十四伏高压反接脉冲的作用下”,24V 不算“高压”,删“高压”
178,47、80,文笔,低,“剩余物理接触时间：四分十秒！……爆破倒计时！三、二、一！”,倒计时堆叠，节奏像游戏,保留一个倒计时就够
178,75–79,人物,低,（涉及已出版作品，不摘录）,老马台词口号化,可以写得更碎、更怕，比如先求白道微一起走，再被推进去
179,5、11–12,设定,高,“一位毕业于第七十八层高等机械工程学院的帝国技术精英”,第170章说白道微“一个月前”作为底层机修苦力坠入营地；这里却成了云顶学院毕业的“前任总工”、工号A-019、“帝国最年轻一级工程师”，块69还有“三年前”救矿工,统一成一个版本；如果是系统赋予的伪身份，需要在前文交代
179,36–40,逻辑,高,“当押解队伍穿行至第四十二层东侧回廊转角平台时”,公审在四十层，要押往负三层，一路向下不可能经过四十二层；块34写“从第三十层开始，直至下方的第三十六层、第四十层”，楼层方向也反了,把法庭移到四十五层以上，或者把常灵珂的伫立点改到三十几层
179,40,设定,高,“将……剧痛，以千倍百倍的烈度狠狠投射在她自己的神经末梢之上”,同契是“分担”痛感，不是放大。而且电击和烙刑发生时，常灵珂在女营理应有反应，本章前半只字未提。当众出现剧痛反应也会暴露两人的关系，这正是可写的张力,改为她分走了一部分痛，必须在众目睽睽下硬撑，不能露出异样
179,58–70,逻辑,高,“不到十五秒钟便被熔切成了一滩通红流淌的铁水残渣”,死囚刚关进笼子，几个小时内就被切锁劫走。看守近在值班室，却没人发现空笼；下一章雷诺兹还以为他“泡在水牢里”,加一个替身，或者让看守本身是老陈的人；至少交代如何瞒过巡检
179,56、59,事实,中,“镂空的钢格板下方不足三米处……滚烫翻滚的灰黑色沸水”,常压下水的沸点是100°C，开放水池不可能是“两百度沸水”；头顶还有“四百度”管道，而室温只有六十度，也说不通,改为“近沸的热水渠”，管壁温度降到合理范围
179,68,设定,中,“从三公里外的地热裂隙岩缝深处采摘下的野生石兰草”,无光的高温岩缝里长出野生草药，而且和第177章“泥土与天然农作物早已成传说”矛盾,改为黑市囤积的旧草药
179,69 对照 第180章·块22,设定,中,“三年前第十六采矿区发生特大瓦斯地热倒灌，如果不是您冒死切断主进气阀”,一章之后同样是“三年前”，事件变成十二号裂隙爆炸、闸门焊死、246人罹难。两件“三年前”的大事互相打架，也和白道微一个月前才到的设定冲突,删掉白道微救人的旧事，只留罹难事件
179,74–87,节奏,中,“整个大殿纵横超过一公里，数千盏……将整座空间照耀得亮如白昼”,劫狱之后马上出现千人集会、演说、捶胸礼，跳得太快；负三层三万人何时、如何组织起来，没有任何铺垫,至少用一两场戏交代老陈过去的经营
179,25,事实,低,“从炭炉中夹起了一枚烧得通红赤亮、高达八百摄氏度的激光烙铁”,“激光烙铁”又“从炭炉夹起”，概念混用,改为“烙铁”
179,43–46,文笔,低,“去吧，我的英雄；去地底点燃那片最炽热的烈火！”,叙述者替人物说出心声，口号化,只写她点头，把余味留给读者
180,57–68,节奏/文笔,高,“‘营幕篇·十万人宿舍营与真菌风暴’的第二阶段大冲突……迎来了最震撼人心的里程碑大盘点”,正文直接写成“第一项……第五项”的战力资产负债表，还出现“第180章的节点”这种元叙述，而且和前半章内容大量重复,整段删除，或改成系统结算面板（如果本书有这类设定）并压到100字以内
180,71–76,逻辑/重复,高,“由于白道微近期调动高压蒸汽进行脉冲试验，地壳深部沉睡了上千年的玄武岩孔隙被强行撕开”,瘟疫起源写了两遍，而且不一致：块71说是岩棉层滋生，块74说是白道微的试验震出来的。后一种说法意味着主角间接引发了瘟疫，这本是很有分量的道德伏笔，却无人回应,选定第二种说法，删掉块71–72，并在后文让白道微面对这个事实
180,50,设定/事实,高,“记得我们在大明京城的时候吗？崇祯十六年的大疫”,本书明幕是嘉靖朝（第165章“嘉靖三十九年”），崇祯十六年（1643）相差约八十年,改为本书实际经历的嘉靖年间事件
180,47–53,逻辑,中,“耳机中，白道微的声音带着金属质感的震颤”,靠敲管道能传递整段长句加抒情，信息带宽不现实；“声音”一词也暗示在传语音。而且管道全楼贯通，任何人贴上去都能听到，安全性没有处理,把消息压缩成代码级短讯（几个数字加一个暗号），抒情放在人物内心
180,18–20,事实,中,“每小时三千六百吨超临界高温蒸汽”,超临界水需要约374°C、22 MPa以上；后文同类蒸汽又写成250°C、120个大气压，数值自相矛盾,统一改为“高温高压蒸汽”，删掉“超临界”
180,8、31、57,节奏,中,“在短短四十八小时内……短短数日之内……长达数月”,同一章里时间跨度有三种说法,统一
180,35,事实,低,“以时速六十公里的狂暴速度轰然撞向一块重达十吨的测试玄武岩荒料”,矿井里的试车线做60 km/h撞击，车身还“毫发无损”，夸张,降到“十几公里”，写出车头受损
180,49、61,事实,低,“七十二名重工骨干……七十名重伤工人的痊愈”,同章数字不一,统一
180,22,人物,低,“张大富，三十四岁；王铁锤，二十八岁；李二牛，年仅十九岁”,名字过于脸谱化，削弱了悼念的分量,换成更真实、有地域感的名字
181,1–25 对照 第162/166/170章,设定,高,“那根本不是普通的链球菌……是一种前所未见的古老变异真菌”,“锈肺热”在第162、166、170章已经是既有病名（重金属、漂白气、军团菌相关），第170章还说常灵珂已治愈九成。现在又被写成全新的真菌瘟疫,给新病换一个名字，或者明确写“旧称锈肺热的病里混进了新病原”
181,18、43,人物/逻辑,高,“在给第一批三十名危重患者注射了大剂量青霉素后”,常灵珂已经在显微镜下确认是真菌，却还给三十名重症患者打青霉素，不符合流行病学专家的专业水准（降智）,改为助手们在她确诊前经验性用药，她确诊后立即叫停
181,48、81,事实,高,“以‘高纯酮康唑’、‘氟康唑’为代表的吡咯类……数小时内彻底崩解菌丝”,描写的是分隔、45°分枝的曲霉样霉菌，而氟康唑对曲霉天然无效；酮康唑是口服浅部真菌药，对侵袭性霉菌效果差，还有肝毒性。临床首选是伏立康唑类或两性霉素B。两性霉素B传统剂型用脱氧胆酸钠增溶，“无水碳酸钠”则无依据,改为“两性霉素B和伏立康唑类三唑药”，删掉“数小时内崩解”
181,81、第184章·块83–84,事实/逻辑,高,“实施覆盖整座八十层全域的超声波气溶胶饱和消杀”,已经发生的侵袭性肺部真菌感染需要静脉全身给药，全楼雾化只能起有限的预防作用；两性霉素B还有明显肾毒性，不能不分剂量地“饱和”投放。对一位流行病学专家主角来说，这是核心专业错误,改为分层方案：重症者静脉给药，密接者预防，通风系统用加装滤网或消毒剂控源
181,56–67,重复/结构,高,“‘那第二十层保税库里封存的十吨两性霉素B……’万斯小心翼翼地试探道。”,块63的提问要到块67才被“厉声打断”，中间插入凯恩博士另一版汇报（块64–66）。两个版本的会议交错在一起，而且雷诺兹在此已下令焊门，与下一章董事会表决重复,合并成一场会：本章只写拒绝发药，焊门留给第182章表决
181,16,事实,中,“调整着体视光学显微镜的细准焦螺旋。目镜视野在一瞬间被放大到了八百倍”,体视显微镜是低倍（通常不到100倍）仪器，没有800倍,改为“生物显微镜”
181,19、21,事实,中,“普通微生物在四十二摄氏度的高温下便会发生蛋白质变性死亡……古老厌氧变异真菌”,前半句以偏概全；后面自称“厌氧”，却在富氧的肺泡中疯长，自相矛盾,删掉“厌氧”，改为“耐热”
181,23,错字/事实,中,“利用人体红细胞中的铁血黄素作为自身几丁质细胞壁的硬化骨架”,正确名称是“含铁血黄素”，而且它主要沉积在组织中，不在红细胞里；“干酪样坏死”是结核的典型表现，曲霉更常见的是出血性梗死,改为“掠夺宿主铁元素”，把“干酪样”改为“出血性坏死”
181,1–8,事实,中,“仅仅过了半个小时，令人毛骨悚然的连续咳喘声……疯狂席卷了整整二十层生活区”,孢子前一晚才开始扩散，次日清晨就出现大面积咯血和肺组织坏死，潜伏期短得不合理,把爆发推到数日后，或者解释为高剂量吸入导致的急性过敏性反应
181,27 对照 第182章·块60,设定,中,“管理委员会早在四十年前就取消了中下层生活区的微米级高效空气过滤网”,下一章常灵珂说的是“半个月前就被取消了”,统一
181,56,设定,中,“首席公共卫生官兼安保副总监万斯”,第179、184章里，万斯是“特勤督察长、上校”；而且他被白道微握有把柄一事再无下文,统一头衔，并回收他被要挟这条线
181,46–51,文笔/重复,中,“作为精通古医法与现代微生物学的医者”,块46和块48–51反复表达同一个“唯有两性霉素才是神兵”的意思,合并成一段
181,20,事实,低,“四百年前崇祯大疫，鼠疫横行中原，吴又可著《温疫论》创达原饮”,《温疫论》和达原饮的史实大致无误，但崇祯大疫是否为鼠疫学界有争议（待查证）；而且和本书嘉靖设定冲突,删掉，或改为嘉靖年间的疫病
182,72–90,重复,高,“说罢，常灵珂猛地挣开小梅的双手，背着沉重的药箱……冲向了那片焊花飞溅”,常灵珂出发写了四遍：块82已经冲到闸门前，块84又“挣开众人”，块86又“说罢挣开小梅”，块87再冲一遍。另外块77和块72–75是两版劝阻,保留一版：劝阻，一句回答，出发，下楼，冲门
182,21–34,重复,高,“每一扇铅钢闸门厚度均达到了不可思议的五十厘米”,闸门砸落（块21与24）、铝热焊接（块26与29–30）、负三层升温（块32与34）都各写了两遍,每个事件只写一次
182,37 对照 第183章·块62,逻辑,高,“我们必须在二十分钟内发动冲锋，否则……我们也会被自己的蒸汽大炮活活炸碎”,焊门是上午十点；白道微救援到达三十六层却是“深夜十二点四十五分”，中间约十五个小时，二十分钟的时限不成立,调整时间：救援在焊门后一小时内赶到
182,8、24 对照 第181章·块53,逻辑,高,“在第三十六层构筑绝对物理防化死线”,二十层药库在三十六层防线以下，也就是在被焊死的“疫区”内部，那么云顶要守的药库其实已经被弃在墙内。整个“封门—抢药”的空间逻辑需要重理,把药库移到防线上方，或者写明云顶另派重兵驻守墙内药库
182,7 对照 第183章·块71、第184章·块71,设定,中,“专门为云顶高层‘方舟远航计划’准备的特种生物保鲜与抗衰老原料”,两性霉素B的用途前后给了三种说法：方舟保鲜抗衰老、贵族保命神药、给兰花杀霉菌,统一为“云顶自用的战备抗真菌储备”
182,3–15,人物,中,“为了奥林匹斯重工集团永远健康的财务报表……干杯！”,董事会的恶是漫画式的（举杯、宝石戒指、“零成本接管”），和上一章的雷诺兹重复,给一个持异议的董事，让恶来自制度而不是嗜血
182,53–67,人物,低,“一名被恐惧冲昏了头脑的车间副班长老赵”,本段最好的冲突戏，但老赵被一篇演讲就说服，转折过快,让老赵提出一个常灵珂难以回答的质疑，比如“你怎么证明”，她用具体证据（孢子粉在上层风口也有）回应
182,60,事实,低,“这种真菌是在六十度高温的蒸汽管网中滋生的嗜热变异株”,和上一章“四十五度乃至五十度”的描述略有出入,统一
182,26、29,事实,低,“耀眼夺目的蓝白色电弧……高达三千摄氏度的铁铝热熔流”,铝热焊不产生电弧，两种工艺混写了,二选一
183,16–31,重复/结构,高,“四十二名在暴动与踩踏中幸存下来的中层老工民”,老工人的反应写了两版（块16和17）；转锁轮写了两版（块18–19和21–24）；演讲被宪兵砸窗的段落（块26–28）截断，块25的冒号要到块29才接上,顺序整理为：滑入，门落，回应宪兵，转锁，演讲
183,39–46,重复,高,“指尖摸准环甲正中韧带，刀尖顺着纵轴精准下切一厘米”,环甲膜切开写了两遍（块39；块41–43），两版的患者和器械都不一样,保留一例，用“铁蛋”一例作为高潮
183,67–80,重复,高,（涉及已出版作品，不摘录）,重逢拥抱写了两遍（块69与76），“白糖誓言”台词也说了两遍（块73与79）,合并
183,89–91,重复,中,“‘好！’白道微猛地挺直了如枪般的脊梁”,块89已经下令冲锋，块90的“好！”没有接应对象，又重下一遍命令,删块90–91，把编组内容（块92）并入
183,60,事实,中,“那是一抹来自四百年前大明义军、来自百年来所有反抗暴政先烈头顶的猩红战血”,“红巾”指元末红巾军（1351年起事），不是“大明义军”,改为“元末红巾军”，或者删掉历史附会
183,71,事实,中,“两性霉素B是极度娇贵的生物大分子药物，它必须在两度至八度的恒温环境中保存”,冷藏保存要求基本正确，但两性霉素B是多烯大环内酯类小分子（分子量约924），不是“生物大分子”,改为“对热和光敏感的多烯类药物”
183,5,设定,中,“在漫长四百年的多世轮回中，她见证过无数帝国的崩塌”,又出现“多世轮回”，同第177章的问题,同上
183,62–66,逻辑,中,“走廊尽头一座早已被废弃矿渣堵死的排渣斜井重载盖板……被……暴力挑飞”,既然负三层有直通三十六层内侧的斜井，焊死闸门就困不住矿工，前两章“被活活焖死”的危机就不成立,在第182章埋下伏笔：这条斜井被堵死，需要花时间挖通
183,48,文笔,低,“在随后的整整一个小时内，她连续实施了九台紧急气管切开术”,医疗戏节奏太顺，一个人一小时做九台气切、救四十六人，全能化,写一例失败的抢救，增加代价感
183,44,事实,低,“这是典型的急性窒息与重度代谢性酸中毒”,急性气道梗阻首先引起的是呼吸性酸中毒,改为“呼吸性酸中毒”
184,0–14,逻辑,高,“冲碎第三十层的熔断封锁线后……瞬间刺穿了第二十四层的辅助配电站，直插……第二十层”,冲车从负三层往上开，二十层应该先于三十层到达。而且上一章白道微已经到了三十六层并和常灵珂会合，本章开头又从负三层斜井出发撞门（块5还写“十五分钟之前”才焊死），时间和空间都接不上,本章从三十六层下行至二十层，删去重复的撞门段
184,52,设定,高,“去把我们在负三层检修了整整两年的那台‘老伙计’拉上来”,白道微被贬到负三层才“数日”，到营地总共约一个月,改为“老陈他们修了两年”
184,71,设定,高,“十年前……老马的两个亲生儿子也是染上了这种可怕的真菌肺热”,第181章说这是“前所未见”的新真菌；老马也是十八层的机修工，这里却成了“地底熬了四十年的老矿工”，还在“四十五层开荒采矿”,改成其他病因，或删除；老马的身份统一为机修工
184,1–2、9,事实,中,“垂直落差达八百米……四十五度……时速……骤增至八十五公里”,整座巨构才约三百米高；轮轨黏着一般只能爬几个百分点的坡，45°斜坡不可能靠轮轨高速爬升,改为齿轨或绞车牵引，降低坡度和速度
184,11,事实,中,“两百吨重载车列携带的数万吨暴烈动能”,“吨”不是能量单位,改为“数千万焦耳的动能”，或者只写“惯性”
184,38,事实,中,“两百五十摄氏度、八十个标准大气压的过热饱和蒸汽”,约80个大气压下，水的饱和温度约为295°C，250°C时是液态水；“过热”和“饱和”是互斥的状态,改为“十余个大气压、两百多度的过热蒸汽”
184,54、58,事实,中,“专为粉碎莫氏硬度为九的坚硬岩体而生……如同软泥般被寸寸剥离”,玄武岩莫氏硬度约6，硬度9是刚玉；岩石掘进机的滚刀是靠挤压破岩，不适合切削韧性钢，金刚石在高温下还会与铁反应,硬度改为约6，破门方式改为液压胀裂或热切割加机械顶推
184,21–24,逻辑,中,“四门三十毫米双联火神机炮……每分钟高达六千发”,这种火力直射下，锅炉钢冲车和平板车上成千的赤膊矿工会伤亡惨重，文中只伤了七人，主角方的护身光环过重,让伤亡变得真实，胜利要付出代价
184,66、69、72,事实,中,“数百只……每桶净重30.00 KG……两百桶……整整十吨！分毫不差”,两性霉素B“数百桶”乘以30 kg，已经接近或超过9吨，再加两百桶酮康唑（约6吨），总量远超“十吨”。而十万人即使足疗程使用，所需两性霉素B也只是百公斤量级,下调为“几十桶”，并删掉“十吨”这个反复出现的口号数字
184,66,用词,低,“A-01特种真菌抑制抗原储备库”,“抗原”用错了，应为“药物/原料”,改为“抗真菌原料储备区”
184,81,事实,低,“将云顶空降部队的重甲铁骑隔绝在了千米之外的冰冷竖井之中”,楼体总高约三百米,删掉“千米之外”
184,83,设定,低,“八台直径达十五米的重型双吸双支承离心式离心风机”,第181章写的是“底层中央四台直径超过六米”的抽风机；而十五米的风机放不进层高约3.75米的楼层；“离心式离心”也重复了,统一数量和尺寸
185,36/47/49,事实/逻辑,高,“向上一路席卷贯穿第十九层至第三十五层，向下狂暴灌入第三十七层至第八十层”,同章块47说第七十八层是“巨构最底部”，块49又说云顶在“八十层巨构云端最顶峰”，楼层方向自相矛盾。本段其余章节把第十层写在十八层之上、第八十层写成最深矿井，而第167/169章又写75–80层为特权顶层。,全书统一一套楼层编号（建议按第161章：数字越大越深），并据此改块36、49。
185,19,人物,高,“每一道切割弧线的边缘都被他凭借几十年的工业经验死死控制”,白道微是2025年的数据科学家，没有“几十年工业经验”。,改为“他在前几幕里练出来的手感”，或交给老马等焊工主刀，白道微只负责计算和指挥。
185,31–32,事实,高,“十五米叶轮……冲破了一千四百五十转的工业极值”,直径15米、1450转/分，叶尖线速度约1140米/秒，超过三倍音速，叶轮会解体。大型离心风机通常只有每分钟数百转。,把转速改为约每分钟三百转，或把叶轮缩小到三四米。
185,57/46–49,逻辑/事实,高,“平均血氧饱和度由危殆的68%强势反弹至97%……呼吸衰竭病死率归零”,深部真菌肺炎不可能在十分钟内全员痊愈。两性霉素B吸入还有支气管痉挛、肾毒性等副作用，十吨药粉弥漫全营本身就是中毒风险。流行病学家主角应当最清楚这一点。,改为“读数开始回落，新发病例停止增加”，把康复拉长到数日，并写出副作用和死亡名单，让胜利有代价。
185,4/10/14,事实,中,“两性霉素B属于……抗真菌多肽”；“外径稳定在二点五微米左右的球形纳米微胶囊”；“四百零五纳米处精准锁定了极值吸收谷”,两性霉素B是多烯大环内酯，不是多肽；2.5微米不是纳米级；405nm附近是它的吸收峰，不是“谷”。另外，两性霉素B加脱氧胆酸钠就是已上市的传统制剂，并非常灵珂“独创”。,改为“多烯类”“微米级雾滴”“吸收峰”，去掉“独创”，改写成“她照着旧药典的脱氧胆酸盐配方放大”。
185,8,事实,中,“两者在分子层面协同作战，能在数秒钟之内彻底阻断”,唑类会减少麦角甾醇，而麦角甾醇正是两性霉素B的靶点，文献中二者常被认为有拮抗风险（待查证具体程度），“数秒阻断”也不现实。,让常灵珂意识到这个风险，只用两性霉素B，或写明为权宜之举、有代价。
185,21/22/34,事实,中,“在喉部瞬间产生高达数万帕的局部负压”；“一百二十个大气压保压试验合格”；“以二百五十个大气压的超高压强”,30m/s风速的动压只有约500帕，不可能产生数万帕负压。试压压力（120atm）低于工作压力（250atm），不符合工程常规。块34的泵又写成“两百兆帕”（约2000atm），与250atm矛盾。,删去具体数值，或统一为试压≥1.5倍工作压力。
185,25–30,事实,中,“一万伏特超高压大转矩同步交流感应电动机”；“十万伏特高压供电母线”；“母线电压攀升至一万零五百伏”,“同步”与“感应”是两种电机，不能并用。一万伏属于中压，同章又写成十万伏，前后不一。,统一为“10千伏同步电动机”，删去“十万伏”。
185,69,事实/连续性,中,“在墨尔本卡尔顿花园的林荫道下，看着洁白如雪的桉树花瓣漫天飘零”,桉树花没有花瓣可以“漫天飘零”，卡尔顿花园的林荫道主要是榆树和悬铃木。第186、190、192章又分别写成悬铃木、白玉兰、梧桐，彼此冲突。,统一为悬铃木落叶；同时核对“五十公斤白糖、黑矿井、资本枪手”是哪一幕的经历（见E）。
185,60–63,人物,中,“‘啪嗒！’雷诺兹手中的骨瓷杯……滑落”；“指挥手杖……脱手滑落”,反派只剩摔杯、摔手杖、惊呼“不可能”三种反应，同章用了两次，第186章又重复。,每章只保留一个失态动作，给雷诺兹一次冷静的反制思考。
185,全章,文笔,中,“在这一微秒内，迎来了属于它的生命复苏！”,全章“彻底”“狂暴”“神圣”“圣洁”高频出现，几乎每段都以感叹号收尾，“微秒”也被滥用来形容宏观事件。,删去三分之二的感叹号和强化副词，“微秒”改为“那一刻”或直接删掉。
185,26,事实,低,“就足以维持整座巨构数十万人的基础换气需求”,全书人口是十万。,改为“十万人”。
185,66/74,事实,低,“连绵十公里的工民方阵”；“占地数万平方米的货运编组广场”,数万平方米的广场容不下十公里长的方阵，也站不下十万人。,改为“挤满广场并延伸进各条坑道”。
186,18–27,逻辑（同契）,高,“那只纤细微凉的素手自白道微的面颊滑落……再无声息”,按同契规则“一方死则双亡”，常灵珂死亡时白道微应当同时死亡，此前也该承受她的中毒痛感，而他却能独自哭喊并使用复演券。,改为两人同时濒死，白道微在意识消失前捏碎复演券；或让他在常灵珂心跳骤停、自己也开始窒息的几秒里完成回溯。
186,28/31,设定,高,“取出了那枚伴随了他整整两世轮回……【高维量子观测态 · 复演回溯券】”,第24章的复演券是常灵珂激活的“系统权限”，这里变成白道微随身携带的物理金属圆盘，还配了一大段伪物理解释（玻色-爱因斯坦凝聚、闭合类时曲线）。“两世轮回”的说法也来源不明。,沿用第24章的系统界面形式，删去块28的伪科学，交代复演券剩余数量。
186,55/58,事实,高,“形成了一股高达数百个工程大气压的强劲自然抽吸负压”,负压最多只能比环境低一个大气压（真空），“数百个大气压的负压”在物理上不成立。巨构下方三千米处存在1400℃的岩浆暗河，在地质上也极难成立。,改为“一口通往深部高温溶洞的废弃地热井”，只写高温分解，不写负压数值。
186,9,事实,中,“平均分子量高达一百二十以上……密度是普通空气的三点二倍”,分子量120对应的气体密度约为空气的4.1倍，3.2倍只对应分子量约93。,删去具体数值，改为“比空气重得多”。
186,5/50,事实,中,“直径达三十米的……球形……高压储气钢罐……五十毫米厚……两百个工程大气压”,30米球罐承压200大气压，壁面应力约3000MPa，远超哈氏合金强度。哈氏合金也无法“整体锻压”30米的球体。,压力改为十几个大气压，或把罐体缩小为多组卧式储罐。
186,70,事实/逻辑,中,“所有氟氯烃与硫化物分子已在0.01秒内发生完全热解……全域环境毒性残留：0.00%”,含氟、含氯、含硫的毒剂高温分解会生成氟化氢、氯化氢、二氧化硫，依然剧毒，还可能沿井道返上来。“0.00%”也不可信。另有错字：“鳌合”应为“螯合”，块56“排渣坚井”应为“竖井”。,让常灵珂指出热解产物仍然有毒，需要封井，这正好给她一个专业发挥的机会。
186,48/61,逻辑,中,“咔嚓两声清脆的骨折闷响……彻底软倒”与“将两名被物理锁定的守卫伪装成由于值班疲劳而陷入昏睡的假象”,前文守卫已被刺杀，后文又变成“伪装成昏睡”，前后矛盾。,统一为击晕捆绑，或统一为杀死后伪造体征。
186,22,逻辑,中,“毒气的总闸……在第十二层……主管道由六道高压电磁柱塞死锁”,常灵珂临死前准确说出她无从得知的毒气阀门结构，是明显的作者喂信息。,改由白道微在第一条时间线里从宪兵或终端上看到这些情报。
186,44/47,人物,中,“以微秒级的时间窗口物理短路了RS-485串行通信总线……伪造的数字心跳握手信号”,白道微同时是攀岩特种兵、黑客、焊工、爆破手，没有任何失误或代价，主角全能化严重。,至少安排一次失误或伤亡，并把部分技能分给配角。
186,71,逻辑,中,“雷诺兹，你的毒气已经变成了地心岩浆的养料。”,白道微主动打电话暴露自己已提前知情，等于白白浪费了复演券换来的信息优势。,删去这通电话，让雷诺兹只能对着屏幕茫然无措。
186,31–32,文笔/连续性,中,“看到了工业革命时代泰晤士河畔煤烟滚滚的铁甲驳船”,已知的幕只有明、三体、营，泰晤士河从何而来？“四百年轮回”也与主角经历不符。,回溯时闪回的应当是嘉靖朝、红岸、面壁等已写过的场景。
186,3,事实,低,“所有的铜质通信光缆”,光缆的材料是玻璃纤维，不是铜。,改为“铜芯电缆和通信光缆”。
186,15,事实,低,“剧烈的神经麻痹毒素在刹那间摧毁了中枢呼吸节律”,四氟化硫、全氟异丁烯属于肺损伤性毒剂，不是神经毒剂。,删去“神经麻痹”，写肺水肿即可。
187,50,事实（医学）,高,“遇到催泪弹立刻掏出生石灰中和水冲洗眼睛”,生石灰遇水放出强碱和大量热，入眼会造成严重碱烧伤甚至失明。这句话出自医生之口，是危险的错误。,改为“遇到催泪弹就背风撤离，用大量清水冲洗眼睛，不要揉”。
187,23,事实/逻辑,高,“每一记重击之间都间隔着精准的一点二秒……七点八三赫兹的次声基频”,1.2秒一击约为0.83赫兹，与7.83赫兹无关（7.83是舒曼共振的数值，被借来凑数）。八十层楼、声音传播又有延迟，十万人不可能在几秒内对齐节拍。敲铁床引发4.2级“微震”、震碎摄像头、卡死电梯，也严重夸大。,保留战歌的情绪，删去频率数值，改为“一层接一层传开，最终汇成同一个节奏”，效果写成“云顶的人听见了、害怕了”即可。
187,5/17,连续性,高,“在第八十层那深邃如地狱之渊的超深部开采坑道内”；“从负五层深矿直至第七十九层”,同一章内既把第八十层写成最深矿井，又把负五层写成深矿，再加上第185章块49“八十层云端最顶峰”，楼层体系混乱。,同第185章，统一编号。
187,47,事实,高,“手持缴获的十二点七毫米重机枪在三十米外……穿甲弹头在复合生铁面板上撞得粉碎”,12.7毫米穿甲弹在30米距离能轻松击穿10毫米钢板，“生铁”更脆。重机枪也无法手持射击。,改为防霰弹和防手枪弹，或承认它挡不住重机枪，由此引出后文的战术选择。
187,45/59,事实,中,“两台重达两百吨的‘巨神号’全断面隧道掘进机” 随车队行进,隧道掘进机不能自行在坑道里长途行驶，只能拆解后运输。用它来“碾碎合金门”也不现实（见第188章）。,改为拖运的大型岩石破碎机或液压劈裂设备。
187,6,设定,中,“霸占了整整百分之九十的核聚变电力”,第185章风机靠柴油发电机组供电，第190章又是地热汽轮机，巨构的能源体系前后不一。,统一主电源，其余作为备用。
187,37–43,节奏,中,“第一兵团：重装矿工破障突击军团！……第三兵团……”,三大段编制说明像设定集，人数、装备逐项罗列，拖慢了高潮前的节奏。,压缩成一段，只留每个兵团的一个画面。
187,全章,文笔,中,“完成了人类历史上最波澜壮阔的阶级意识大决堤！”,口号式宏大句密集，“无产阶级历史洪流”“极权神殿”等政治套话反复出现，削弱了真实感。,让普通人的具体动作承担情绪，比如老陈烧卖身契那段就很好，删去总结性的宏大句。
187,4,事实,低,“三只自重达五吨的废旧机油铁桶”,标准油桶只有约20公斤。,删去“五吨”。
187,15,事实,低,“由五十毫米厚的冷弯高碳角钢一体电焊而成”,床架不需要50毫米厚的角钢，这个厚度也无法冷弯。,改为“角钢焊成”。
187,42,事实,低,“哪怕相隔六十个楼层、上万米距离……在半秒钟内无损送达”,声波在钢中传1万米约需2秒。十万张铁床同时敲打，也会淹没敲击信号。,改为“几秒内送达”，并安排在停止敲击后使用。
187,41,事实,低,“颈部与腕部被用高浓度硼酸水溶液细致擦拭，并用医用凡士林纱布进行严密密封”,这种做法没有防真菌吸入的医学依据。,删去，或改为戴口罩、覆盖伤口。
187,53,事实,低,“反手拔出腰间那柄……四十八英寸重型加力生铁管钳”,48英寸管钳长约1.2米，挂不上腰带，也不可能“拔出”。,改为“从肩上卸下”。
188,12–14,事实,高,“数以千计的三十毫米重型钨芯穿甲弹……内衬的五毫米高强度硫化抗震橡胶却奇迹般地吸收”,30毫米钨芯穿甲弹能击穿数十毫米装甲，10毫米生铁加5毫米橡胶挡不住。,改为依托岩壁死角、烟幕和地下爆破推进，盾牌只用来挡碎片。
188,40–45,事实,高,“原本用于在地幔深处开凿战略防空洞”；“构筑起承受五千千牛总推力”；“五千吨级全轴向液压推进”,地幔在地下数十公里以下，不可能开凿防空洞。20只×250吨＝5000吨，约4.9万千牛，不是5000千牛。PDC属于刮刀，不是“滚刀”。掘进机刀盘撞上钢门，刀具会先崩坏。,删去“地幔”；统一推力单位；破门手段改为热切割加液压劈裂，或者利用前文改道毒气时掌握的门控线路。
188,60–63,逻辑,高,“对全营八十层所有在册十万工民佩戴的‘泰坦-V’型高压电子控制项圈实施全域射频脉冲广播”,如果十万人全都戴着遥控爆炸项圈，雷诺兹之前何必大费周章放真菌、放毒气？第166、168章的项圈也只套在信用清零者和死囚身上。,改为只有部分“下沉者”戴项圈，或者说明项圈的全域引爆权限此前被锁在主脑里，雷诺兹调用不了。
188,13,逻辑,中,“两万面……盾牌……筑起了一面高达四米、宽达六十米的倾斜钢铁城墙”,4米×60米只需几百面盾牌，两万面对不上。,改为“前排数百面，后排轮换”。
188,28,事实（医学）,中,“她嘴里咬开一管浓缩生理盐水注射器，将两袋加温至三十七度的代血浆直接加压泵入”,注射器和代血浆混为一谈，动作逻辑不清。给开放性伤口“喷入两性霉素B气溶胶”，也起不到防伤口感染的作用。,改为“扎上止血带，钳夹血管，快速输注代血浆”，删去吸入药一句。
188,53,人物/连续性,中,“老子那条腿在井下被砸断的时候”,第186章老陈刚从十米高马道上无声滑降、刺杀宪兵，身手敏捷，与“腿被砸断”冲突（如果是旧伤痊愈，需要交代）。,改为“老子那只眼”，与“独眼”呼应。
188,64,连续性,中,“道微，还记得墨尔本皇家展览馆的钟声吗？当年面对数字幽灵的围剿”,“数字幽灵的围剿”不见于已知的各幕。皇家展览馆是否有钟声，待查证。,请作者核对（见E）。
188,67,事实,中,“我要用哥德尔不完备定理的无限递归逻辑死锁，彻底烧毁这台……神明”,不完备定理说的是形式系统中存在不可证的命题，并不能让程序过载烧毁。这是影视常见套路，放在数据科学家嘴里显得外行。,改为利用两条规则的优先级冲突，或者利用看门狗和固件后门，把“哥德尔”留作一句自嘲。
188,2,事实,低,“长达一千两百米的三号主斜井隧道，以三十度的险峻仰角从第十八层……直插第十层”,这相当于八层之间垂直高差约600米，每层75米；第186章写15到12层高差120米（每层40米），前后不一。,统一层高。
188,29,逻辑,低,“并用长针头刺入气胸伤员的第二肋间隙”,前一句写的是背部灼伤，突然冒出一个张力性气胸伤员。,补一句“另一名胸部中弹的伤员”。
188,49–50,逻辑,低,“十万双沾满机油……皮靴，毫不留情地踩碎了松软名贵的羊毛地毯”,一万平方米的大厅不可能涌进十万人。,改为“先头的几千人”。
189,12–18,事实/人物,高,“哥德尔在一百年前为所有形式系统写下的死刑判决”；“康托尔对角线停机命题”,块15的“悖论”其实只是两条公理的优先级冲突，与哥德尔和停机问题都无关。按书中年代，巨构建于2040年代、已运行五十年，距1931年约160年，不是“一百年”。,让白道微直说“你的两条公理在这个输入上互相否决”，删去哥德尔术语堆砌。
189,30,事实,高,“原本极具延展性的紫铜瞬间变得如陶瓷般脆弱”,铜是面心立方金属，在液氮温度下仍保持韧性，不会发生冷脆，这是常见误解。,改为冷冻让绝缘层脆裂，再用剪钳剪断，或者干脆用断线钳加绝缘杆。
189,55,逻辑,高,“整整五十公斤纯白如雪的高纯度精炼白砂糖！……对全营……许下的神圣誓言！”,50公斤糖分给十万人，每人只有0.5克，“十万人咽喉里的甘甜”不成立。第177章的50公斤白糖是白道微在墨尔本的私人许诺，这里变成“起义之初对全营的誓言”，第185章又说成往昔在黑矿井里的争夺，三处说法各不相同。,保留私人许诺的原意，姜糖水改为用营中缴获的食糖；或者把数量改为吨级。
189,65,事实,高,“四百年前在墨尔本的皇家展览馆，当第一场工业革命的残余蒸汽散尽时”,墨尔本建城于1835年，皇家展览馆建于1880年，“四百年前”无从谈起。主角出发于2025年。,删去“四百年”，改为“出发前那个冬夜在墨尔本”。
189,19/33,事实,中,“核心温度在三秒钟之内从……零下二百六十九度狂飙至零上一百二十度”；“单晶硅超导特性”,单晶硅不是超导体。液氦系统失效、温度飙升到120℃需要巨大的热量，3秒内不可能做到。,删去温度数字，改为“超导磁体失超”。
189,5,连续性,中,“白工已经杀进主脑核心了！常大夫正在切断射频天线！还有最后半小时！”,常灵珂上管架发生在块25之后，而且此时倒计时还剩一小时十四分，少年通信兵“预知”了后续情节。,改为“白工正在对付主脑，还有一个多钟头”。
189,26,人物,中,“你们没有经过深潜与抗极温耐受训练，高空气流会瞬间让你们晕厥！”,流行病学家常灵珂何来深潜与抗极温训练？第192章又说她是“外科大夫”，身份漂移。,删去这句资格说明，改为“你们要守住下面的电闸”。
189,58–61,人物/逻辑,中,“白道微与常灵珂齐齐用力，将那根……红色推杆狠狠推到了最底端”,一位数据科学家和一位流行病学家，一键抹掉了全营的病历、人口和生物特征数据，连医疗档案也一起删了，与两人的职业本能相悖，也会妨碍后续救治。,改为只删奴役类数据，封存健康与人口数据，由常灵珂主张保留，这正好体现人物区分度。
189,28,连续性,中,“在四百年前与他一同横穿严寒冰原、硬抗极地暴风雪的坚毅战士”,已知的幕中没有横穿冰原的经历。,请作者核对（见E）。
189,41–42,逻辑,中,“这项代码被作为设计者最后的逃生后门深深埋藏在底层固件之中”,白道微怎么知道这个后门、何时准备好的解锁指令，都没有交代，有机械降神之嫌。,在第188章埋一笔：他从万斯的终端里读到了这个后门。
189,50–56,节奏,中,“死寂……紧接着，死寂化作了一声带泪的抽泣”,“死寂→抽泣→狂欢”的句式在第187章块10已用过一次，本章结尾又连写四段狂欢场面。,保留五岁女儿和盲人老矿工两个镜头即可，其余删减。
189,62,错字,低,“在第十五层那间阴暗潮湿、终年滴水的重水死囚牢深处”,“重水”是氘化水，这里显然是误用。,改为“积水”。
190,32,事实/逻辑,高,“常年维持着微正压工况……在长达一百米的狭长缝隙间引发了一场……大对流！狂暴的气浪……倒灌而下”,微正压意味着开门后气流应当向外冲出，而文中写的是外面的新风倒灌进来，与前提相反。,改为“内部长期负压”，或者写成先有一股浊气外涌、随后新风才进入。
190,40,事实（医学）,高,“原本徘徊在百分之八十五左右的危险读数……跃升至百分之九十八以上……拔掉纯氧管”,纯氧的氧分压远高于自然空气，从纯氧换成自然空气，血氧只会下降。何况出口位于海拔很高的高原（雪峰五千米以上），氧分压更低。矽肺是不可逆的纤维化，块37“几秒内恢复红润”也不成立。,改为常灵珂担心高原缺氧，下令重症患者继续吸氧、分批上行。这恰好是展示她专业能力的机会。
190,0/1,设定/逻辑,高,“在第十层中央总控大厅的正上方，穿过一条垂直落差达三百米的重型提升竖井”,按前文，云顶位于第十层之上，而且“高悬云端”，那么出口就在云顶之上或穿过云顶。可本章直接从第十层通到地表，雷诺兹和云顶的精英消失无踪，毫无交代。,补写云顶的结局（投降、逃往地表、仍在负隅顽抗），或者说明巨门位于云顶之外的另一条轴线上。
190,56/58,连续性,高,“从四百年前墨尔本卡尔顿花园……到皇家展览馆钟楼下躲避暴风雨的青涩诺言；从南太平洋惊涛骇浪中的远洋孤舟”,“四百年前的墨尔本”不成立。南太平洋孤舟、钟楼诺言等经历不在已知的各幕中。所谓“以凡人之躯在墨尔本的微雨中握住手”，与第1章的初识场景（冬夜唐人街剧本杀）也需要核对。,回顾段落改为引用书中真实写过的场面：九堰、红岸、面壁、二向箔。
190,41–51,节奏,高,开门、摘面罩、踏草、饮河水、编花环、刀枪入库,本章已把“走出地面”写完，第191章又重来一遍（见下）。,两章合并，本章在门开、第一缕风、众人迟疑处收住。
190,9,事实,中,“五千吨、附加摩擦阻力超过两千吨……峰值静态破脱阻力高达惊人的一万两千千牛！这相当于要在零点一秒内瞬间调集超过二十万匹马力”,7000吨约合6.9万千牛。静力与功率是不同的量，不能换算成“马力”。,改为“约七千吨的起拔力”，删去马力。
190,12,文笔,中,“整座深渊所有的热能与电力，如同一支无坚不摧的聚能长矛”,全章比喻叠床架屋：“如同…宛如…仿佛”加上“神圣”“史诗”，一段里出现三四个比喻。,每段最多保留一个比喻。
190,35/38/51,事实,低,“成熟野草的草籽”“枯黄树叶”与“野雏菊”“龙胆”“雪绒花”同时出现,季节混杂。第192章说是“初秋”，高山龙胆和秋天尚可兼容，但“野雏菊花环”“竞相吐蕊”偏春夏。,统一为初秋，只写龙胆和少量晚花。
190,47,逻辑,低,“老头子我活了七十三年，终于踏在这片大地上了！”,大门只封闭了五十年，七十三岁的老人二十三岁之前见过地面，“终于”不成立。第191章块5也写到只有爷爷见过天空。,改为“五十年了，我又踩到土了”，这样更动人。
191,0–31,节奏/连续性,高,“在最初的漫长五分钟里……却陷入了一种近乎凝固的惊恐与迟疑之中！”,第190章块37–49已经写了众人摘面罩、踩草地、喝河水、给孩子戴花环，本章又说大家起初不敢出门、还戴着面罩，时间线倒流。,以本章的迟疑、检测、摘面罩为准，删去第190章后半部分。
191,28/33,事实（医学）,高,“血氧骤升带来的生理性眩晕”；“海拔超过五千米的连绵雪峰”,人从地下三千米（高气压）直接上到高原，氧分压大幅下降，只会有高原反应风险，不会“血氧骤升”。对十万名矽肺老人和伤员来说，这正是最需要流行病学家警觉的风险。,让常灵珂下令分批适应、老人和伤员暂留门内。第192章块5已经提到“高原反应”，可以前后呼应。
191,36/38/37,设定,中,“墨绿色的西伯利亚红松”；“高原金雕”“旱獭”“岩羊”,第185章说是“异星巨构”，这里却出现地球的地名和物种。,明确这个世界是不是地球（见E）；如果不是地球，就删去“西伯利亚”。
191,54–55,逻辑（同契）,中,“手腕上那道触目惊心的高压电弧灼伤红斑正隐隐作痛”,同契规定痛感分担，白道微理应感同身受，却只能远远“目光始终没有离开”。,让白道微的手腕同步刺痛，这比单纯目视更有力，也能为第192章的爆发铺垫。
191,20/41,文笔,中,“大自然用繁茂的生机证明，文明的毁灭从来不是自然的旨意”,说教性的总结句频繁出现。,删去，让画面本身说话。
191,20,逻辑,中,“好让他们独霸地表的阳光与沃土”,地表空无一人、没有任何开发痕迹，与“云顶独霸地表”的说法矛盾。,改为“他们自己也不敢出来”，或者写出云顶在地表的废弃庄园。
191,17,事实,低,“分子氧含量百分之二十一点四二，二氧化碳浓度仅为万分之三点八”,大气含氧量约20.95%。四极杆质谱仪给出的也不是“色谱分析”。,改为20.9%，删去“色谱”。
191,12,事实,低,“配制好了酚酞指示液与碘化钾淀粉试纸……悬挂在迎风吹来的气流主通路上”,酚酞测碱，淀粉碘化钾试纸测氧化剂，用来“证明空气无毒”缺乏说服力。,删去，只保留仪器读数，或改为常灵珂先放一只随营带出来的小动物。
191,34,事实,低,“草药储量，足够我们为十万人配制数千吨消炎生肌的膏药”,数字夸张，而且刚下地面就能判断“储量”也不合常理。,改为“够先做几锅药”。
191,31,事实,低,“长年累月在低矮通道中弯腰劳作养成的驼背姿态……奇迹般地挺立笔直”,结构性驼背不会因为呼吸几口空气就消失。,改为“有人第一次试着把腰直起来”。
191,50/53,逻辑,低,“在半小时内搭建起上百座整齐划一的重载骨架大帐篷”；“三个小时内，便具备了现代城镇的雏形”,十万人住一百座帐篷，每座一千人。,改为“上千座”，删去“城镇雏形”。
192,10–11,连续性,高,“五十年来，在暗无天日的地下深渊里，她是十万工民唯一的生命希望”；“压得她整整五十年没有睡过一个安稳觉”,主角在营幕里待了多久？“五十年”显然是把巨构的封闭年数套到了主角身上。块0“四百年间”也不对。,改为“这些日子”或实际的周数、月数。
192,19/22,人物/设定,高,“你是一辈子靠拿手术刀救人的外科大夫啊！”,常灵珂的设定是流行病学专家，不是外科医生。本段她做了大量外科操作，块4还写“毛细血管上飞针走线”，身份已经漂移。,改为“你这双手是用来救人的”，并在前文交代她在营幕中被迫学了急救外科。
192,16–21,逻辑（同契）,高,（涉及已出版作品，不摘录）,第161章明确写到同契让白道微能实时感知常灵珂的脉搏，而且一方死则双亡，不存在“一个人活着”的可能。块48“我们同生，我们共死”也成了重复的誓言。,把台词改为“我在键盘前感觉到你的心跳一下蹿到一百九，你每挨一下烫，我的手臂就跟着烧”，把同契写成争吵的核心，冲突反而更强。
192,25,连续性,高,“那个只有十八岁的机修学徒小林……他的血喷了我一脸”,第185、186章的“小林”是年轻女护工，而且活着。,给死去的学徒另起一个名字。
192,36,事实（医学）,高,“用滚烫的沸水与浓缩石灰水反复擦洗着自己的皮肉……才硬生生杀灭了真菌菌丝”,这是自残式的错误处置，真菌感染不能这样“杀灭”。何况她手里就有两性霉素B。,改为她偷偷给自己用了药、瞒着剂量，同样能表现“独自扛”。
192,27/30/45/56/60,连续性,高,“从四百年前在墨尔本的皇家展览馆开始，在那个暴雨如注的黄昏，你就敢替别人挡子弹！”；“四百年前，他们在墨尔本皇家展览馆的穹顶下相遇”,与简介“2025年唐人街剧本杀中遭遇异变”冲突。挡子弹、割皮培植抗体、机械神殿铅门等经历均无出处。,删去这些虚构的前史，回忆只引用书中写过的事件。
192,4–5,连续性,中,“连续三十个小时的高强度止血”与“长达二十个小时高强度的手术缝合”,相邻两段时长不一致，块2又写“二十四小时”。,统一为一个数字。
192,26,连续性,中,“如果那根射频馈线不被切断，超载电流就会引爆整个变电所”,第189章切断馈线的理由是阻止项圈引爆，这里理由变了。,改回“十万个项圈就会炸”。
192,16–21,人物/节奏,中,白道微连续六段怒吼，每段都有“！？”加数值（三万伏、零点二摩擦系数、三毫米）,情绪戏用工程参数轰炸，像在做事故报告，而且白道微“我宁可十万人陪葬”一句会让读者反感。另外，他在第186章亲眼见过她死去，这才是他恐惧的真正来源，却只字未提。,删去一半参数，加入第186章的死亡记忆：“我已经看你死过一次了”。这句话的分量胜过所有数值。
192,3/6/9,文笔,中,“如同一把生锈的钝刀在生生刮扯着神经末梢”；“仿佛无数根烧红的钢针在大脑皮层中穿刺绞动”,伤痛描写的比喻层层叠加，读者会疲劳。,每处伤只写一个具体感受。
192,36,事实,低,“在第三十六层真菌大瘟疫最严重的那个暴风雪夜晚”,地下巨构里没有暴风雪。,改为“最冷的那个停暖夜”。
192,50/61,事实,低,“晨昏线虽然尚未到来”；“一颗孤独而璀璨的启明星正高悬于天穹正中”,“晨昏线”指昼夜分界线，这里想说的是“黎明”。黎明时的金星只在东方低空，不会在天顶。,改为“天还没亮”“东方低空的启明星”。
192,56,错字,低,“常灵珂在睡梦中发出了一声极其轻微的婴咛”,应为“嘤咛”。,更正。
193,40–42,逻辑,高,“还记得吗？一八八八年的墨尔本世博会。”,首次出现1888年相识的背景，与第1章“2025年7月剧本杀初识”完全矛盾，读者无法接续,删除1888年回忆，改成2025年墨尔本真实共同经历（如剧本杀前后的某个细节）；或者在前文明确埋设，并解释与2025年的关系
193,3、17、36,人物,高,“作为一名顶尖的外科手术专家”,常灵珂设定是流行病学专家，这里变成外科医生；白道微（数据科学家）变成“机械总工程师”,统一回原设定：常灵珂的专长写成防疫、流调、感染控制，白道微写成算法、数据建模
193,19–22,事实,高,“有花瓣金黄灿烂、具有极强活血化瘀消肿功效的高原山金车”,把现采生草捣泥直接敷在破裂水泡和炭化灼伤上，感染风险极高；山金车外用一般禁用于破损皮肤。作为医生，常灵珂应当反对,改成：常灵珂坚持先用生理盐水清创、加无菌敷料，草药只用于完整皮肤的淤青；或者让她亲口指出不能敷在开放创面上，借此体现专业
193,32,逻辑,中,“在过去的四百年中，无数人向她顶礼膜拜”,同章说在地下只有五十年，这里又说四百年，时间尺度混乱,统一时间线，删掉“四百年”
193,33,文笔,中,“生同衾，死同穴，上穷碧落下黄泉，永生永世，永不相负！”,誓词套话层层叠加，古语和现代口吻混杂，不像当代人说话,缩成一两句白话，例如：“以后挡在前面的，换我。”
193,30–31,文笔,中,“嗡————！！时间在这一刹那彻底停止了流逝。”,拟声加宏大空话，吻手的情绪被夸张稀释了,删掉拟声和“大千世界化作虚无”，只保留胡茬、泪水、掌心的触感
193,38,设定,中,（涉及已出版作品，不摘录）,同契规则是“一方死则双亡”，本来就不可能独活，这句台词与规则冲突,改为呼应规则，例如：“同契早替我们定了，一个人活不下来，那就两个人都好好活。”
193,53、54,设定,中,“‘灵魂契约共鸣度：89.7%’……锁定在了绝对稳固的‘100.0%’”,前文同契是“烙印”加“生命体征共享”，没有“共鸣度”数值和“终端芯片”这种挂件；与第195章的数值序列也对不上（见第195章条目）,若保留数值，需在营幕早期铺垫；或者改写成体感变化
193,59,逻辑,中,“昨夜全营五千多名伤员，全都退了高烧，没有一个发生坏疽和感染！”,一夜之间五千名重伤员全部退烧、零感染，违背医学常识，也削弱了营地的困难感,改成“多数稳定，还有十几个危重的”，保留张力
193,13,事实,低,“在…脖颈、双肩以及锁骨区域，整整齐齐地分布着两排…压疮印记”,面罩和呼吸器的压痕集中在面部、鼻梁、耳后，不会在双肩和锁骨形成两排压疮,改为鼻梁、颧骨、下颌与耳后
193,1、4、45,文笔,低,“如同一股甘冽清纯的山涧冰泉”,比喻加感叹号堆叠；每段都有气味、光线描写,每场景保留一处感官描写，其余删掉
194,27,逻辑,高,“一八八八年离开墨尔本港口前，在威廉姆斯敦码头的航海仪器铺子里买的。”,与第195章“钟表匠交付芯片后穿越”的说法都属新造背景，与2025年开端冲突；两章之间也自相矛盾（坐船离港，还是在钟表铺启程？）,改成2025年在墨尔本买的旧物（例如维多利亚女王市场的古董摊）
194,42,事实,高,“在州立图书馆的圆形拱顶大阅览室里查资料”,维多利亚州立图书馆的穹顶阅览室（La Trobe Reading Room）1913年才启用，1888年还没有,若保留当代背景，这正好是2025年两人可以去的地点；1888年则必须删掉
194,22,事实,中,“室温骤降至零下三十度，钢铁舱壁结满了厚厚的一层白霜”,地温梯度约每公里升25–30℃，地下几百米到三千米的深井是高温环境，很难零下三十度,改成通风故障导致高温缺氧；或者设定是靠近地表的冻土层
194,33、36,逻辑,中,“白道微咬下半块留给常灵珂、常灵珂又偷偷塞回” / “你把仅剩的半块干粮含在嘴里，嚼碎了喂给我”,前一句说她把干粮退回、保存至今，后一句又说他嚼碎喂她吃了，同一块干粮两种去向,改为：他喂的是另一份，这半块是她舍不得吃、偷偷藏下的
194,62,逻辑,中,“整张铁架床会被切割成十二段型钢…铸造出八张崭新的双铧深耕重犁”,一张角钢床架几十公斤，铸不出八具重犁,改为“一个犁铧”或“犁尖”，象征意义不减
194,84,事实,中,“白道微与常灵珂并肩而立，海风吹起他们的衣衫”,场景在内陆高原，不会有海风,改为“高原的风”
194,76–81,事实,中,“狠狠扎入了沉睡了不知多少万年的高原黑土之中！沉重坚韧的冻土层被瞬间破开”,冻土上翻出蚯蚓、当场播种青稞，又是初秋：高原青稞一般春播，秋播冻土难以出苗,改为“先翻地晒垡，来年开春播种”；或者只做象征性的第一犁
194,43、46,文笔,中,“它把人当成纯粹的消耗型电池，把每一个婴儿的啼哭量化为热能损失”,以大段演说复述主题，人物变成了宣讲者,砍掉一半，让“太阳是暖的”这类细节自己说话
194,26、27,逻辑,低,“它指着北方，指着我们头顶的大地。”,指北针指的是水平方向的北方，不会指向头顶,改成“它终于稳住了”
194,57、60,文笔,低,“如同一曲宣告旧纪元彻底落幕的凯歌！”,卸一颗螺母被写成凯歌，情绪用力过猛,删掉比喻，保留棘轮声
194,13,人物,低,“太阳是暖的”那是已经因真菌感染夭折的小矿工留下的唯一绝笔,是本章最好的细节，但“唯一绝笔”的解说多余,删掉最后一句，让画面停在涂鸦上
195,30,逻辑/错字,高,“第一阶段，是那座朱红宫墙、金瓦飞檐的古典宫廷《玉犀宫词》”,书名写错（应为“玉熙”）；第二阶段被写成“维多利亚蒸汽时代”，整个星幕（三体宇宙）消失；与第41–160章完全矛盾,按实际三幕重写：嘉靖朝明幕、三体星幕、营幕
195,17、26–28,设定,高,“芯片就会在脑干深处化作剧毒的神经脉冲，把宿主烧成白痴”,同契来源改成“钟表匠在1888年交付芯片、按指纹签约”，惩罚机制也改了，与第1章剧本杀“北极光”探案馆的开局和“生命体征共享、痛感半数”的规则冲突,回到原有设定；如果要揭示幕后之人，应与第1章的探案馆老板或旧照片呼应
195,36,文笔/逻辑,高,“【第四阶段·归途 Melbourne Rain（墨尔本风雨归路）】（第196章至第200章）”,系统文本里写出章节号，打破第四面墙,删掉章节号
195,11,逻辑,高,“三十万张胸部X光片上不可逆的矽肺纤维化斑块…全部呈现出活性炎症消退”,总人数是10.3万，却有三十万张片子；矽肺纤维化不可逆，几天高原空气不可能“消退”。流行病学出身的主角应当最先看出这种错误,改成“十万份体检中，急性炎症好转，纤维化无法逆转”，让常灵珂冷静地指出这一点
195,15,设定,中,“昨夜断崖深情相拥与血肉痛哭后共振数值：96.4%”,第193章说一直显示89.7%，吻手后直接跳到100%，中间没有96.4%,统一数值
195,48,逻辑,中,“在那场一百年前的大雨里，我们的故事才刚刚开始。”,同章反复说“四百年”，这里却是“一百年”,统一
195,50–52,事实,中,“能够在我们两人的体表外层形成一个绝对闭合的宏观玻色-爱因斯坦凝聚态保护泡”,玻色-爱因斯坦凝聚需要接近绝对零度，“无限大负张力”也是伪科学；两位理工出身的主角用术语堆砌代替推理,缩成一句带模糊感的推断，例如：“我们没法算清楚，只能赌同契把两个人当成一个整体。”
195,10–15、30–35,节奏,中,“二者之灵魂引力，已超越热力学第二定律之熵增极限”,结算面板加两人对白复述全部营幕成就，与第194章大量重复,结算数据保留四五行，去掉评语和复述
195,36、复演券,设定,中,“解除两位宿主体内所有基因衰老抑制限制”,前文的结算体系（如复演券）在此没有交代，奖励又是新发明的,与既有结算格式对齐，交代复演券余量
195,21,事实,中,“那是一八八八年十月的一个湿漉漉的黄昏。南半球墨尔本的秋雨如烟如雾”,墨尔本十月是春季，不是秋天（第196–197章同样有此错误）,改为“春雨”
195,22,逻辑,低,“正手忙脚乱地用一把活动扳手拆卸着一台冒烟的小型蒸汽抽水机”,第193章块41说是“蒸汽拖拉机抛锚”，同一场初遇细节前后不一,统一（前提是保留这段回忆）
196,36–39,逻辑,高,“一八八八年十月十五日……星期一。”,回归点是1888年，而不是出发的2025年7月，与全书结构冲突（第160章已经回到过2025年）,回到2025年冬夜的小伯克街探案馆，与第1章首尾呼应
196,21,事实,高,“位于斯旺斯顿街与弗林德斯街交汇处的大钟楼，在午夜零点整发出的标准格林尼治时钟报时”,现在的弗林德斯街车站大楼1905–1910年才建成；“格林尼治报时”说法不通；“二十吨青铜钟舌”无据,如果设在2025年，可写车站钟或市政厅钟；删掉“格林尼治”和吨位
196,39,逻辑,高,“在主客观时间流速上存在着一万比一的时空膨胀比”,按一万比一算，五十年只相当于约1.8天，四百年约14.6天，都不是“一夜”,删掉具体比值，或改成与“一夜”相符的量级
196,53；第198章·块55,事实,中,“走过了散发着肃穆庄严气息的圣保罗大教堂高耸石阶”,圣保罗大教堂1891年才祝圣，尖塔1926–1933年建成；1888年仍在施工,删掉，或改成当时已有的建筑
196,22、54,事实,中,“冰冷的南太平洋晚春冷雨”,墨尔本濒临菲利普湾、巴斯海峡和南大洋，不临南太平洋；雨夜在王子桥上也看不见“菲利普海湾及南太平洋天际线”,改为“从菲利普湾吹来的冷雨”
196,34,事实,中,“两枚半导体硅芯片，在此刻竟然完全脱碳重结晶”,硅芯片无“碳”可脱，用词错误,改成“熔融重结晶”，或者不解释
196,19,逻辑,中,“白道微猛然咬碎舌尖，将两人百分之百的灵魂量子共振频率催动至…终极峰值”,“咬碎舌尖”是仙侠套路，与理工主角不符；决战没有任何阻力，五天的倒计时白白铺垫,加入一次真实的失误或代价，让“同契”规则起作用
196,10,文笔,低,“生铁为骨兮凿破幽暗，引得清泉兮润泽荒原”,仿楚辞的矿工歌不像矿工的口语，与人物身份不符,改成顺口的号子
196,7,错字,低,“那些曾经在漆黑矿井里麻木麻木”,重复字,删掉一个“麻木”
196,27、29,文笔,低,服饰、家具逐项列品牌与材质,陈设清单式描写拖慢了“醒来”的关键瞬间,醒来一刻只写两三个感官细节，陈设放到后面
197,4、7,事实,高,“车顶高耸的合金受电弓在半空中的电缆滑触线上平稳滑行”,1888年墨尔本市区是缆索电车（cable tram），首条电车线1889年才在郊区开通；受电弓更晚；自动折叠车门也不对,如果设在2025年，正好写现代电车和“免费电车区”；1888年版本则须改成缆索电车，下车后自己拉开车门
197,20,事实,高,“电车驶过繁华的伯克街交叉口…缓缓驶入了…小伯克街”,小伯克街从未通过电车；小伯克街在伯克街以北，不可能在伯克街口“右转驶入”；总邮政局在伊丽莎白街，不在斯旺斯顿街沿线,改为在斯旺斯顿街下车，步行进入小伯克街
197,44,逻辑,高,“甚至就在五天之前，在第七十八层那座充满致命毒气的高压阀门室外”,五天前两人已经在高原营地（第195–196章有五天倒计时），时间线冲突,改成“不到十天前”，或指明是突围当夜
197,25,事实,中,“三十多年前，这里还是一片只有袋鼠和桉树林的蛮荒不毛之地。数十万来自广东…的劳工”,墨尔本1835年建城，1850年代已经是城镇；维多利亚华人人口高峰约四万，不是“数十万”,改为“几万华工在五十年代淘金潮中到来”
197,52,事实,中,“一共才收两打十二便士，您这枚整银币足足能抵三十个大铜便士”,半克朗等于30便士是对的，但“两打十二便士”说法混乱,改为“两碗一共一先令”之类清楚的价钱
197,33–41,节奏,中,一碗云吞面用了近十个块、上千字描写配料与工艺,美食清单压过了人物情绪,砍掉一半，只留下“哭”这个情绪落点
197,18,文笔,中,“这个男人在第八十层生铁主脑核心前面对百万道死光绞杀时，身姿如崇山峻岭般岿然不动”,男主被神化，“百万道死光”夸张失真,删掉战斗回顾
197,12,事实,低,“福斯特兄弟啤酒厂的琥珀色酒瓶”,Foster兄弟1888年才建厂，1889年初投产；1888年10月就有广告，需待查证,换成当时已有的品牌，或删掉
197,11,事实,低,“在这深更半夜的两点时分”,凌晨两点仍有电车运营，在1888年不可信,改成步行，或把时间提前
197,53,设定,低,“我们夫妻二人”,两人婚姻状态此前未交代，需与前文核对,核对后统一
198,5,用词,中,“深红色的切斯特菲尔德四柱大床”,切斯特菲尔德（Chesterfield）是一种沙发样式，不是床,改为“四柱床”
198,55,事实,中,“墙角古董摆钟的黄铜铜摆轻轻摆动到了五点半的刻度…迅速晕染铺展，化作了千万道…万丈晨曦”,墨尔本十月中旬日出约六点半，五点半天色未亮,改为“六点多”
198,17、27、30,文笔,中,“向她的大脑边缘系统与杏仁核发送了最强有力的安全生物化学信号”,医学解说腔插在抒情段落中间,删掉，交给动作表现
198,48–50,人物,中（正面）,“我唯独怕的，是失去你。”,白道微首次示弱，这是本段人物塑造最好的一处；但前后被抒情淹没,保留，并删减块53的总结
198,8、18、30,文笔,中,“两瓣樱唇”“楚楚动人的苍白小脸”“娇憨惹人怜爱”,对常灵珂的外貌化、柔弱化描写与“专家”身份不符，两人区分度下降,减少外貌词，多写她自己的判断
198,7、11,逻辑,低,“雕花红木床柱” / “上等的澳洲红雪松木”,同一根床柱材质前后不一,统一
198,14、16,逻辑,低,“按在自己赤裸温热的喉结与左胸” / “纯棉睡袍的胸口”,衣着前后矛盾,统一
198,20–21,文笔,低,厨房先写煤油灯，再写燃气灶，重复感慨“文明从容”,同一感慨重复两次,合并
199,4,事实,中,“顶端的英联邦星旗在微风中猎猎招展”,澳大利亚联邦1901年才成立，1888年没有“英联邦星旗”,改为“英国国旗”或“维多利亚殖民地旗”
199,30、31,事实,中,“不锈钢切肉刀”；“高硼硅透明玻璃储药密封罐”,不锈钢约1913年出现，硼硅玻璃约1893年，在1888年都属时代错误,改为碳钢刀、普通玻璃罐
199,17,逻辑,中,“掏出了那只沉甸甸的鹿皮钱袋…二十枚…金磅”,两人刚从地下世界穿越过来，巨额现金从何而来，没有交代,若保留1888年，应交代钱的来源（如钟表匠预留），否则会显得全能
199,38,逻辑,中,“上午从唐人街同德堂药行精选采购而来的各类干燥凡间本草”,当天上午两人只去了尼科尔森街和维多利亚女王市场，没去唐人街,改为“市场里华人药摊”
199,36,逻辑,中,“短短一个小时，一座高达两米、拥有整整六层…完全没有使用一颗铁钉的纯实木松木大书架”,一小时手工开榫做出两米六层书架，不可信,改成“一整个下午”或“几天”
199,20–32,节奏,中,市场采购清单约十个块,商品目录式罗列，缺少情节,保留两三件有情感的物件（研钵、薰衣草），其余删掉
199,15,事实,低,“不过几秒钟，滚烫纯净的清澈热水便哗哗倾泻而出”,1888年普通出租公寓的即热水龙头不可信,改为烧水或铜锅炉
199,14,事实,低,“阳台朝向正北…皇家展览馆…就在正前方”,尼科尔森街东侧房屋面朝西，展览馆在西侧，朝北阳台不可能正对展览馆,改为“阳台朝西”
199,32,用词,低,“维多利亚高山新西兰小春羊排”,产地自相矛盾,删掉“新西兰”
199,33,事实,低,“正在初夏的阳光下昂首怒放”,十月是春季,改为“春末”
200,19–27,逻辑,高,“那是四百年前白雪皑皑的天山绝顶…东方玉犀宫” / “那是十九世纪伦敦雾都”,终章回顾与正文实际内容（嘉靖朝的明幕、三体星幕）全然不符；第二幕又写成伦敦，与第195章说法冲突；第三幕“小吴抵住气闸”“凡铁短刀凿穿超导晶核”与第195章“哥德尔逻辑炸弹”冲突,按实际三幕重写回顾，每幕取一两个具体意象
200,7、15,逻辑,高,“那一座自始至终沉睡在手提箱底层的紫檀木十二面体古董机关秘盒”,秘盒和手抄编年史此前从未出现，突然作为终章核心道具，属于机械降神；羊皮手稿如何穿越回来也没有交代,删掉秘盒，改用全书已有的道具（第1章探案馆的旧物、铜锁、吊坠）收束
200,8、9,事实,高,“斯旺斯顿街两侧高大繁茂的蓝花楹在夏日骄阳下盛放” / “刚刚落成不久…布洛克拱廊” / “皇家拱廊那座由神话巨人戈格与玛戈格雕像守护的古老铜钟楼”,墨尔本蓝花楹11月开花，一月已过花期；Block Arcade约1892年才建成；皇家拱廊的戈格与玛戈格钟1892年才安装,放在1889年一月须全部删掉；放在2025年，这些地标反倒都可以用
200,2,逻辑,中,“每一个药罐的正面，都端端正正地贴着白道微用紫毫小楷工整手书的药名”,第199章块38是常灵珂用朱砂写的标签,统一
200,4,事实,中,“胸口数十年的积郁浓痰一朝吐尽”,矽肺不可逆，汤剂“一朝见效”属于神化,改为“咳得轻了，夜里能睡着了”
200,5,人物,中,“其加工同心度与光洁度竟然达到了万分之一英寸的惊人精度，被工商业界盛赞为南半球机械工程史上的天才杰作”,主角开挂式成功，全能化,删掉“天才杰作”，写一次挫折或平凡的教学片段
200,28–38,节奏/文笔,中,“完全超越了这颗行星物理声学维度的极度高频清鸣”,为续作开的“第四道铜锁”钩子用了大量空洞宏大句（“八维超几何拓扑”“超弦曲面”），老者长篇说教,钩子缩到一两段，保留“锁芯虚掩”一个意象即可
200,55,节奏,中,“四百年前，从玉犀宫后山的白雪松林初遇…”,最后几段第三次总结全书，重复收尾,保留一段收尾即可，以具体画面结束
200,3,事实,低,“抹了自制蓝莓果酱的吐司面包”,高丛蓝莓约20世纪中叶才引入澳大利亚，待查证,改为杏子或李子果酱
200,45,事实,低,“演奏着那首流传于南太平洋大陆的民谣《剪羊毛》”,该歌通常认为写于1890年代初，1889年一月未必已流传，待查证,换成其他曲目
200,41,人物,低,“纵使诸天万界广袤无垠，吾道亦不再孤单！”,文白混杂的宗师腔，不像数据科学家说的话,改成现代口语
